timestamp,lot_id,wafer_id,product,process_step,equipment,chamber,recipe,measurement_name,measurement_value,target,lsl,usl
2026-07-01 08:04:00,LOT001,W01,P100,ETCH,ETCH01,A,RCP_A,Thickness,100.277,100.0,98.0,102.0
2026-07-01 08:05:00,LOT001,W02,P100,ETCH,ETCH01,A,RCP_A,Thickness,100.044,100.0,98.0,102.0
2026-07-01 08:06:00,LOT001,W03,P100,ETCH,ETCH01,A,RCP_A,Thickness,99.925,100.0,98.0,102.0
2026-07-01 08:07:00,LOT001,W04,P100,ETCH,ETCH01,A,RCP_A,Thickness,99.952,100.0,98.0,102.0
2026-07-01 08:08:00,LOT001,W05,P100,ETCH,ETCH01,A,RCP_A,Thickness,99.485,100.0,98.0,102.0
2026-07-01 08:09:00,LOT001,W06,P100,ETCH,ETCH01,B,RCP_A,Thickness,99.792,100.0,98.0,102.0
2026-07-01 08:10:00,LOT001,W07,P100,ETCH,ETCH01,B,RCP_A,Thickness,100.015,100.0,98.0,102.0
2026-07-01 08:11:00,LOT001,W08,P100,ETCH,ETCH01,B,RCP_A,Thickness,99.963,100.0,98.0,102.0
2026-07-01 08:12:00,LOT001,W09,P100,ETCH,ETCH01,A,RCP_A,Thickness,100.129,100.0,98.0,102.0
2026-07-01 08:13:00,LOT001,W10,P100,ETCH,ETCH01,B,RCP_A,Thickness,100.58,100.0,98.0,102.0
2026-07-01 08:14:00,LOT001,W11,P100,ETCH,ETCH01,B,RCP_A,Thickness,99.495,100.0,98.0,102.0
2026-07-01 08:15:00,LOT001,W12,P100,ETCH,ETCH01,A,RCP_A,Thickness,99.615,100.0,98.0,102.0
2026-07-01 08:16:00,LOT001,W13,P100,ETCH,ETCH01,B,RCP_A,Thickness,100.257,100.0,98.0,102.0
2026-07-01 08:17:00,LOT001,W14,P100,ETCH,ETCH01,B,RCP_A,Thickness,100.139,100.0,98.0,102.0
2026-07-01 08:18:00,LOT001,W15,P100,ETCH,ETCH01,A,RCP_A,Thickness,100.241,100.0,98.0,102.0
2026-07-01 08:19:00,LOT001,W16,P100,ETCH,ETCH01,A,RCP_A,Thickness,100.071,100.0,98.0,102.0
2026-07-01 08:20:00,LOT001,W17,P100,ETCH,ETCH01,A,RCP_A,Thickness,99.719,100.0,98.0,102.0
2026-07-01 08:21:00,LOT001,W18,P100,ETCH,ETCH01,A,RCP_A,Thickness,100.263,100.0,98.0,102.0
2026-07-01 08:22:00,LOT001,W19,P100,ETCH,ETCH01,A,RCP_A,Thickness,99.738,100.0,98.0,102.0
2026-07-01 08:23:00,LOT001,W20,P100,ETCH,ETCH01,A,RCP_A,Thickness,99.523,100.0,98.0,102.0
2026-07-01 08:24:00,LOT001,W21,P100,ETCH,ETCH01,A,RCP_A,Thickness,99.744,100.0,98.0,102.0
2026-07-01 08:25:00,LOT001,W22,P100,ETCH,ETCH01,B,RCP_A,Thickness,99.944,100.0,98.0,102.0
2026-07-01 08:26:00,LOT001,W23,P100,ETCH,ETCH01,A,RCP_A,Thickness,99.731,100.0,98.0,102.0
2026-07-01 08:27:00,LOT001,W24,P100,ETCH,ETCH01,A,RCP_A,Thickness,99.383,100.0,98.0,102.0
2026-07-01 08:28:00,LOT001,W25,P100,ETCH,ETCH01,B,RCP_A,Thickness,99.895,100.0,98.0,102.0
2026-07-01 08:07:00,LOT002,W01,P200,ETCH,ETCH02,B,RCP_B,Thickness,101.125,100.0,98.0,102.0
2026-07-01 08:08:00,LOT002,W02,P200,ETCH,ETCH02,B,RCP_B,Thickness,100.435,100.0,98.0,102.0
2026-07-01 08:09:00,LOT002,W03,P200,ETCH,ETCH02,B,RCP_B,Thickness,101.523,100.0,98.0,102.0
2026-07-01 08:10:00,LOT002,W04,P200,ETCH,ETCH02,B,RCP_B,Thickness,101.043,100.0,98.0,102.0
2026-07-01 08:11:00,LOT002,W05,P200,ETCH,ETCH02,B,RCP_B,Thickness,100.68,100.0,98.0,102.0
2026-07-01 08:12:00,LOT002,W06,P200,ETCH,ETCH02,A,RCP_B,Thickness,100.897,100.0,98.0,102.0
2026-07-01 08:13:00,LOT002,W07,P200,ETCH,ETCH02,A,RCP_B,Thickness,101.041,100.0,98.0,102.0
2026-07-01 08:14:00,LOT002,W08,P200,ETCH,ETCH02,A,RCP_B,Thickness,101.146,100.0,98.0,102.0
2026-07-01 08:15:00,LOT002,W09,P200,ETCH,ETCH02,B,RCP_B,Thickness,100.696,100.0,98.0,102.0
2026-07-01 08:16:00,LOT002,W10,P200,ETCH,ETCH02,B,RCP_B,Thickness,100.134,100.0,98.0,102.0
2026-07-01 08:17:00,LOT002,W11,P200,ETCH,ETCH02,A,RCP_B,Thickness,100.881,100.0,98.0,102.0
2026-07-01 08:18:00,LOT002,W12,P200,ETCH,ETCH02,A,RCP_B,Thickness,100.869,100.0,98.0,102.0
2026-07-01 08:19:00,LOT002,W13,P200,ETCH,ETCH02,B,RCP_B,Thickness,100.655,100.0,98.0,102.0
2026-07-01 08:20:00,LOT002,W14,P200,ETCH,ETCH02,B,RCP_B,Thickness,101.065,100.0,98.0,102.0
2026-07-01 08:21:00,LOT002,W15,P200,ETCH,ETCH02,B,RCP_B,Thickness,101.074,100.0,98.0,102.0
2026-07-01 08:22:00,LOT002,W16,P200,ETCH,ETCH02,A,RCP_B,Thickness,100.884,100.0,98.0,102.0
2026-07-01 08:23:00,LOT002,W17,P200,ETCH,ETCH02,A,RCP_B,Thickness,101.042,100.0,98.0,102.0
2026-07-01 08:24:00,LOT002,W18,P200,ETCH,ETCH02,A,RCP_B,Thickness,100.461,100.0,98.0,102.0
2026-07-01 08:25:00,LOT002,W19,P200,ETCH,ETCH02,A,RCP_B,Thickness,100.901,100.0,98.0,102.0
2026-07-01 08:26:00,LOT002,W20,P200,ETCH,ETCH02,B,RCP_B,Thickness,101.849,100.0,98.0,102.0
2026-07-01 08:27:00,LOT002,W21,P200,ETCH,ETCH02,B,RCP_B,Thickness,101.148,100.0,98.0,102.0
2026-07-01 08:28:00,LOT002,W22,P200,ETCH,ETCH02,A,RCP_B,Thickness,101.661,100.0,98.0,102.0
2026-07-01 08:29:00,LOT002,W23,P200,ETCH,ETCH02,B,RCP_B,Thickness,100.462,100.0,98.0,102.0
2026-07-01 08:30:00,LOT002,W24,P200,ETCH,ETCH02,A,RCP_B,Thickness,101.325,100.0,98.0,102.0
2026-07-01 08:31:00,LOT002,W25,P200,ETCH,ETCH02,B,RCP_B,Thickness,101.337,100.0,98.0,102.0
2026-07-01 08:10:00,LOT003,W01,P300,ETCH,ETCH03,B,RCP_C,Thickness,100.085,100.0,98.0,102.0
2026-07-01 08:11:00,LOT003,W02,P300,ETCH,ETCH03,A,RCP_C,Thickness,99.121,100.0,98.0,102.0
2026-07-01 08:12:00,LOT003,W03,P300,ETCH,ETCH03,B,RCP_C,Thickness,99.807,100.0,98.0,102.0
2026-07-01 08:13:00,LOT003,W04,P300,ETCH,ETCH03,B,RCP_C,Thickness,99.285,100.0,98.0,102.0
2026-07-01 08:14:00,LOT003,W05,P300,ETCH,ETCH03,A,RCP_C,Thickness,99.366,100.0,98.0,102.0
2026-07-01 08:15:00,LOT003,W06,P300,ETCH,ETCH03,A,RCP_C,Thickness,99.328,100.0,98.0,102.0
2026-07-01 08:16:00,LOT003,W07,P300,ETCH,ETCH03,A,RCP_C,Thickness,99.4,100.0,98.0,102.0
2026-07-01 08:17:00,LOT003,W08,P300,ETCH,ETCH03,A,RCP_C,Thickness,100.053,100.0,98.0,102.0
2026-07-01 08:18:00,LOT003,W09,P300,ETCH,ETCH03,B,RCP_C,Thickness,99.182,100.0,98.0,102.0
2026-07-01 08:19:00,LOT003,W10,P300,ETCH,ETCH03,B,RCP_C,Thickness,99.088,100.0,98.0,102.0
2026-07-01 08:20:00,LOT003,W11,P300,ETCH,ETCH03,B,RCP_C,Thickness,99.38,100.0,98.0,102.0
2026-07-01 08:21:00,LOT003,W12,P300,ETCH,ETCH03,B,RCP_C,Thickness,99.087,100.0,98.0,102.0
2026-07-01 08:22:00,LOT003,W13,P300,ETCH,ETCH03,B,RCP_C,Thickness,98.746,100.0,98.0,102.0
2026-07-01 08:23:00,LOT003,W14,P300,ETCH,ETCH03,A,RCP_C,Thickness,99.416,100.0,98.0,102.0
2026-07-01 08:24:00,LOT003,W15,P300,ETCH,ETCH03,B,RCP_C,Thickness,99.353,100.0,98.0,102.0
2026-07-01 08:25:00,LOT003,W16,P300,ETCH,ETCH03,B,RCP_C,Thickness,99.14,100.0,98.0,102.0
2026-07-01 08:26:00,LOT003,W17,P300,ETCH,ETCH03,A,RCP_C,Thickness,99.253,100.0,98.0,102.0
2026-07-01 08:27:00,LOT003,W18,P300,ETCH,ETCH03,B,RCP_C,Thickness,99.561,100.0,98.0,102.0
2026-07-01 08:28:00,LOT003,W19,P300,ETCH,ETCH03,A,RCP_C,Thickness,100.565,100.0,98.0,102.0
2026-07-01 08:29:00,LOT003,W20,P300,ETCH,ETCH03,A,RCP_C,Thickness,99.716,100.0,98.0,102.0
2026-07-01 08:30:00,LOT003,W21,P300,ETCH,ETCH03,A,RCP_C,Thickness,99.503,100.0,98.0,102.0
2026-07-01 08:31:00,LOT003,W22,P300,ETCH,ETCH03,B,RCP_C,Thickness,99.649,100.0,98.0,102.0
2026-07-01 08:32:00,LOT003,W23,P300,ETCH,ETCH03,A,RCP_C,Thickness,98.563,100.0,98.0,102.0
2026-07-01 08:33:00,LOT003,W24,P300,ETCH,ETCH03,B,RCP_C,Thickness,100.001,100.0,98.0,102.0
2026-07-01 08:34:00,LOT003,W25,P300,ETCH,ETCH03,B,RCP_C,Thickness,99.465,100.0,98.0,102.0
2026-07-01 08:13:00,LOT004,W01,P100,ETCH,ETCH01,A,RCP_A,Thickness,100.243,100.0,98.0,102.0
2026-07-01 08:14:00,LOT004,W02,P100,ETCH,ETCH01,A,RCP_A,Thickness,100.379,100.0,98.0,102.0
2026-07-01 08:15:00,LOT004,W03,P100,ETCH,ETCH01,A,RCP_A,Thickness,100.123,100.0,98.0,102.0
2026-07-01 08:16:00,LOT004,W04,P100,ETCH,ETCH01,A,RCP_A,Thickness,100.078,100.0,98.0,102.0
2026-07-01 08:17:00,LOT004,W05,P100,ETCH,ETCH01,A,RCP_A,Thickness,99.894,100.0,98.0,102.0
2026-07-01 08:18:00,LOT004,W06,P100,ETCH,ETCH01,A,RCP_A,Thickness,99.912,100.0,98.0,102.0
2026-07-01 08:19:00,LOT004,W07,P100,ETCH,ETCH01,B,RCP_A,Thickness,99.953,100.0,98.0,102.0
2026-07-01 08:20:00,LOT004,W08,P100,ETCH,ETCH01,A,RCP_A,Thickness,99.853,100.0,98.0,102.0
2026-07-01 08:21:00,LOT004,W09,P100,ETCH,ETCH01,A,RCP_A,Thickness,99.734,100.0,98.0,102.0
2026-07-01 08:22:00,LOT004,W10,P100,ETCH,ETCH01,B,RCP_A,Thickness,99.224,100.0,98.0,102.0
2026-07-01 08:23:00,LOT004,W11,P100,ETCH,ETCH01,A,RCP_A,Thickness,100.214,100.0,98.0,102.0
2026-07-01 08:24:00,LOT004,W12,P100,ETCH,ETCH01,A,RCP_A,Thickness,100.217,100.0,98.0,102.0
2026-07-01 08:25:00,LOT004,W13,P100,ETCH,ETCH01,B,RCP_A,Thickness,100.108,100.0,98.0,102.0
2026-07-01 08:26:00,LOT004,W14,P100,ETCH,ETCH01,A,RCP_A,Thickness,99.86,100.0,98.0,102.0
2026-07-01 08:27:00,LOT004,W15,P100,ETCH,ETCH01,B,RCP_A,Thickness,100.15,100.0,98.0,102.0
2026-07-01 08:28:00,LOT004,W16,P100,ETCH,ETCH01,A,RCP_A,Thickness,99.78,100.0,98.0,102.0
2026-07-01 08:29:00,LOT004,W17,P100,ETCH,ETCH01,A,RCP_A,Thickness,99.613,100.0,98.0,102.0
2026-07-01 08:30:00,LOT004,W18,P100,ETCH,ETCH01,A,RCP_A,Thickness,99.933,100.0,98.0,102.0
2026-07-01 08:31:00,LOT004,W19,P100,ETCH,ETCH01,A,RCP_A,Thickness,100.732,100.0,98.0,102.0
2026-07-01 08:32:00,LOT004,W20,P100,ETCH,ETCH01,A,RCP_A,Thickness,99.952,100.0,98.0,102.0
2026-07-01 08:33:00,LOT004,W21,P100,ETCH,ETCH01,B,RCP_A,Thickness,99.769,100.0,98.0,102.0
2026-07-01 08:34:00,LOT004,W22,P100,ETCH,ETCH01,B,RCP_A,Thickness,100.561,100.0,98.0,102.0
2026-07-01 08:35:00,LOT004,W23,P100,ETCH,ETCH01,B,RCP_A,Thickness,99.621,100.0,98.0,102.0
2026-07-01 08:36:00,LOT004,W24,P100,ETCH,ETCH01,A,RCP_A,Thickness,100.601,100.0,98.0,102.0
2026-07-01 08:37:00,LOT004,W25,P100,ETCH,ETCH01,B,RCP_A,Thickness,100.013,100.0,98.0,102.0
2026-07-01 08:16:00,LOT005,W01,P200,ETCH,ETCH02,B,RCP_B,Thickness,100.7,100.0,98.0,102.0
2026-07-01 08:17:00,LOT005,W02,P200,ETCH,ETCH02,A,RCP_B,Thickness,100.932,100.0,98.0,102.0
2026-07-01 08:18:00,LOT005,W03,P200,ETCH,ETCH02,A,RCP_B,Thickness,100.413,100.0,98.0,102.0
2026-07-01 08:19:00,LOT005,W04,P200,ETCH,ETCH02,A,RCP_B,Thickness,100.862,100.0,98.0,102.0
2026-07-01 08:20:00,LOT005,W05,P200,ETCH,ETCH02,A,RCP_B,Thickness,100.782,100.0,98.0,102.0
2026-07-01 08:21:00,LOT005,W06,P200,ETCH,ETCH02,A,RCP_B,Thickness,101.75,100.0,98.0,102.0
2026-07-01 08:22:00,LOT005,W07,P200,ETCH,ETCH02,A,RCP_B,Thickness,100.835,100.0,98.0,102.0
2026-07-01 08:23:00,LOT005,W08,P200,ETCH,ETCH02,B,RCP_B,Thickness,100.578,100.0,98.0,102.0
2026-07-01 08:24:00,LOT005,W09,P200,ETCH,ETCH02,A,RCP_B,Thickness,101.28,100.0,98.0,102.0
2026-07-01 08:25:00,LOT005,W10,P200,ETCH,ETCH02,A,RCP_B,Thickness,100.934,100.0,98.0,102.0
2026-07-01 08:26:00,LOT005,W11,P200,ETCH,ETCH02,A,RCP_B,Thickness,101.392,100.0,98.0,102.0
2026-07-01 08:27:00,LOT005,W12,P200,ETCH,ETCH02,B,RCP_B,Thickness,101.768,100.0,98.0,102.0
2026-07-01 08:28:00,LOT005,W13,P200,ETCH,ETCH02,A,RCP_B,Thickness,100.985,100.0,98.0,102.0
2026-07-01 08:29:00,LOT005,W14,P200,ETCH,ETCH02,A,RCP_B,Thickness,101.662,100.0,98.0,102.0
2026-07-01 08:30:00,LOT005,W15,P200,ETCH,ETCH02,A,RCP_B,Thickness,101.294,100.0,98.0,102.0
2026-07-01 08:31:00,LOT005,W16,P200,ETCH,ETCH02,A,RCP_B,Thickness,101.795,100.0,98.0,102.0
2026-07-01 08:32:00,LOT005,W17,P200,ETCH,ETCH02,A,RCP_B,Thickness,100.823,100.0,98.0,102.0
2026-07-01 08:33:00,LOT005,W18,P200,ETCH,ETCH02,B,RCP_B,Thickness,101.218,100.0,98.0,102.0
2026-07-01 08:34:00,LOT005,W19,P200,ETCH,ETCH02,B,RCP_B,Thickness,100.761,100.0,98.0,102.0
2026-07-01 08:35:00,LOT005,W20,P200,ETCH,ETCH02,A,RCP_B,Thickness,100.441,100.0,98.0,102.0
2026-07-01 08:36:00,LOT005,W21,P200,ETCH,ETCH02,B,RCP_B,Thickness,101.439,100.0,98.0,102.0
2026-07-01 08:37:00,LOT005,W22,P200,ETCH,ETCH02,A,RCP_B,Thickness,101.858,100.0,98.0,102.0
2026-07-01 08:38:00,LOT005,W23,P200,ETCH,ETCH02,B,RCP_B,Thickness,101.009,100.0,98.0,102.0
2026-07-01 08:39:00,LOT005,W24,P200,ETCH,ETCH02,A,RCP_B,Thickness,100.749,100.0,98.0,102.0
2026-07-01 08:40:00,LOT005,W25,P200,ETCH,ETCH02,A,RCP_B,Thickness,97.534,100.0,98.0,102.0
2026-07-01 08:19:00,LOT006,W01,P300,ETCH,ETCH03,B,RCP_C,Thickness,99.85,100.0,98.0,102.0
2026-07-01 08:20:00,LOT006,W02,P300,ETCH,ETCH03,B,RCP_C,Thickness,98.931,100.0,98.0,102.0
2026-07-01 08:21:00,LOT006,W03,P300,ETCH,ETCH03,B,RCP_C,Thickness,98.939,100.0,98.0,102.0
2026-07-01 08:22:00,LOT006,W04,P300,ETCH,ETCH03,B,RCP_C,Thickness,99.051,100.0,98.0,102.0
2026-07-01 08:23:00,LOT006,W05,P300,ETCH,ETCH03,A,RCP_C,Thickness,99.78,100.0,98.0,102.0
2026-07-01 08:24:00,LOT006,W06,P300,ETCH,ETCH03,B,RCP_C,Thickness,98.967,100.0,98.0,102.0
2026-07-01 08:25:00,LOT006,W07,P300,ETCH,ETCH03,B,RCP_C,Thickness,98.622,100.0,98.0,102.0
2026-07-01 08:26:00,LOT006,W08,P300,ETCH,ETCH03,A,RCP_C,Thickness,99.22,100.0,98.0,102.0
2026-07-01 08:27:00,LOT006,W09,P300,ETCH,ETCH03,B,RCP_C,Thickness,99.527,100.0,98.0,102.0
2026-07-01 08:28:00,LOT006,W10,P300,ETCH,ETCH03,B,RCP_C,Thickness,99.111,100.0,98.0,102.0
2026-07-01 08:29:00,LOT006,W11,P300,ETCH,ETCH03,A,RCP_C,Thickness,98.926,100.0,98.0,102.0
2026-07-01 08:30:00,LOT006,W12,P300,ETCH,ETCH03,B,RCP_C,Thickness,98.807,100.0,98.0,102.0
2026-07-01 08:31:00,LOT006,W13,P300,ETCH,ETCH03,A,RCP_C,Thickness,99.252,100.0,98.0,102.0
2026-07-01 08:32:00,LOT006,W14,P300,ETCH,ETCH03,A,RCP_C,Thickness,99.369,100.0,98.0,102.0
2026-07-01 08:33:00,LOT006,W15,P300,ETCH,ETCH03,B,RCP_C,Thickness,99.115,100.0,98.0,102.0
2026-07-01 08:34:00,LOT006,W16,P300,ETCH,ETCH03,A,RCP_C,Thickness,98.599,100.0,98.0,102.0
2026-07-01 08:35:00,LOT006,W17,P300,ETCH,ETCH03,B,RCP_C,Thickness,99.502,100.0,98.0,102.0
2026-07-01 08:36:00,LOT006,W18,P300,ETCH,ETCH03,A,RCP_C,Thickness,99.62,100.0,98.0,102.0
2026-07-01 08:37:00,LOT006,W19,P300,ETCH,ETCH03,A,RCP_C,Thickness,99.727,100.0,98.0,102.0
2026-07-01 08:38:00,LOT006,W20,P300,ETCH,ETCH03,A,RCP_C,Thickness,99.696,100.0,98.0,102.0
2026-07-01 08:39:00,LOT006,W21,P300,ETCH,ETCH03,A,RCP_C,Thickness,100.087,100.0,98.0,102.0
2026-07-01 08:40:00,LOT006,W22,P300,ETCH,ETCH03,A,RCP_C,Thickness,98.694,100.0,98.0,102.0
2026-07-01 08:41:00,LOT006,W23,P300,ETCH,ETCH03,B,RCP_C,Thickness,99.47,100.0,98.0,102.0
2026-07-01 08:42:00,LOT006,W24,P300,ETCH,ETCH03,B,RCP_C,Thickness,98.876,100.0,98.0,102.0
2026-07-01 08:43:00,LOT006,W25,P300,ETCH,ETCH03,B,RCP_C,Thickness,98.937,100.0,98.0,102.0
2026-07-01 08:22:00,LOT007,W01,P100,ETCH,ETCH01,B,RCP_A,Thickness,99.444,100.0,98.0,102.0
2026-07-01 08:23:00,LOT007,W02,P100,ETCH,ETCH01,B,RCP_A,Thickness,100.18,100.0,98.0,102.0
2026-07-01 08:24:00,LOT007,W03,P100,ETCH,ETCH01,B,RCP_A,Thickness,99.804,100.0,98.0,102.0
2026-07-01 08:25:00,LOT007,W04,P100,ETCH,ETCH01,B,RCP_A,Thickness,99.8,100.0,98.0,102.0
2026-07-01 08:26:00,LOT007,W05,P100,ETCH,ETCH01,B,RCP_A,Thickness,99.815,100.0,98.0,102.0
2026-07-01 08:27:00,LOT007,W06,P100,ETCH,ETCH01,A,RCP_A,Thickness,100.395,100.0,98.0,102.0
2026-07-01 08:28:00,LOT007,W07,P100,ETCH,ETCH01,A,RCP_A,Thickness,99.966,100.0,98.0,102.0
2026-07-01 08:29:00,LOT007,W08,P100,ETCH,ETCH01,B,RCP_A,Thickness,99.877,100.0,98.0,102.0
2026-07-01 08:30:00,LOT007,W09,P100,ETCH,ETCH01,A,RCP_A,Thickness,100.173,100.0,98.0,102.0
2026-07-01 08:31:00,LOT007,W10,P100,ETCH,ETCH01,A,RCP_A,Thickness,99.698,100.0,98.0,102.0
2026-07-01 08:32:00,LOT007,W11,P100,ETCH,ETCH01,B,RCP_A,Thickness,99.172,100.0,98.0,102.0
2026-07-01 08:33:00,LOT007,W12,P100,ETCH,ETCH01,B,RCP_A,Thickness,100.121,100.0,98.0,102.0
2026-07-01 08:34:00,LOT007,W13,P100,ETCH,ETCH01,B,RCP_A,Thickness,99.446,100.0,98.0,102.0
2026-07-01 08:35:00,LOT007,W14,P100,ETCH,ETCH01,A,RCP_A,Thickness,99.864,100.0,98.0,102.0
2026-07-01 08:36:00,LOT007,W15,P100,ETCH,ETCH01,B,RCP_A,Thickness,99.922,100.0,98.0,102.0
2026-07-01 08:37:00,LOT007,W16,P100,ETCH,ETCH01,B,RCP_A,Thickness,100.033,100.0,98.0,102.0
2026-07-01 08:38:00,LOT007,W17,P100,ETCH,ETCH01,B,RCP_A,Thickness,100.861,100.0,98.0,102.0
2026-07-01 08:39:00,LOT007,W18,P100,ETCH,ETCH01,B,RCP_A,Thickness,99.524,100.0,98.0,102.0
2026-07-01 08:40:00,LOT007,W19,P100,ETCH,ETCH01,A,RCP_A,Thickness,100.32,100.0,98.0,102.0
2026-07-01 08:41:00,LOT007,W20,P100,ETCH,ETCH01,A,RCP_A,Thickness,100.186,100.0,98.0,102.0
2026-07-01 08:42:00,LOT007,W21,P100,ETCH,ETCH01,B,RCP_A,Thickness,99.82,100.0,98.0,102.0
2026-07-01 08:43:00,LOT007,W22,P100,ETCH,ETCH01,B,RCP_A,Thickness,100.341,100.0,98.0,102.0
2026-07-01 08:44:00,LOT007,W23,P100,ETCH,ETCH01,B,RCP_A,Thickness,99.998,100.0,98.0,102.0
2026-07-01 08:45:00,LOT007,W24,P100,ETCH,ETCH01,A,RCP_A,Thickness,100.145,100.0,98.0,102.0
2026-07-01 08:46:00,LOT007,W25,P100,ETCH,ETCH01,B,RCP_A,Thickness,100.021,100.0,98.0,102.0
2026-07-01 08:25:00,LOT008,W01,P200,ETCH,ETCH02,A,RCP_B,Thickness,101.18,100.0,98.0,102.0
2026-07-01 08:26:00,LOT008,W02,P200,ETCH,ETCH02,A,RCP_B,Thickness,101.072,100.0,98.0,102.0
2026-07-01 08:27:00,LOT008,W03,P200,ETCH,ETCH02,A,RCP_B,Thickness,101.117,100.0,98.0,102.0
2026-07-01 08:28:00,LOT008,W04,P200,ETCH,ETCH02,A,RCP_B,Thickness,100.824,100.0,98.0,102.0
2026-07-01 08:29:00,LOT008,W05,P200,ETCH,ETCH02,B,RCP_B,Thickness,100.954,100.0,98.0,102.0
2026-07-01 08:30:00,LOT008,W06,P200,ETCH,ETCH02,A,RCP_B,Thickness,101.086,100.0,98.0,102.0
2026-07-01 08:31:00,LOT008,W07,P200,ETCH,ETCH02,A,RCP_B,Thickness,100.844,100.0,98.0,102.0
2026-07-01 08:32:00,LOT008,W08,P200,ETCH,ETCH02,B,RCP_B,Thickness,100.608,100.0,98.0,102.0
2026-07-01 08:33:00,LOT008,W09,P200,ETCH,ETCH02,A,RCP_B,Thickness,101.385,100.0,98.0,102.0
2026-07-01 08:34:00,LOT008,W10,P200,ETCH,ETCH02,B,RCP_B,Thickness,101.329,100.0,98.0,102.0
2026-07-01 08:35:00,LOT008,W11,P200,ETCH,ETCH02,A,RCP_B,Thickness,100.667,100.0,98.0,102.0
2026-07-01 08:36:00,LOT008,W12,P200,ETCH,ETCH02,B,RCP_B,Thickness,100.98,100.0,98.0,102.0
2026-07-01 08:37:00,LOT008,W13,P200,ETCH,ETCH02,A,RCP_B,Thickness,100.938,100.0,98.0,102.0
2026-07-01 08:38:00,LOT008,W14,P200,ETCH,ETCH02,B,RCP_B,Thickness,101.752,100.0,98.0,102.0
2026-07-01 08:39:00,LOT008,W15,P200,ETCH,ETCH02,B,RCP_B,Thickness,101.598,100.0,98.0,102.0
2026-07-01 08:40:00,LOT008,W16,P200,ETCH,ETCH02,B,RCP_B,Thickness,101.24,100.0,98.0,102.0
2026-07-01 08:41:00,LOT008,W17,P200,ETCH,ETCH02,B,RCP_B,Thickness,101.43,100.0,98.0,102.0
2026-07-01 08:42:00,LOT008,W18,P200,ETCH,ETCH02,B,RCP_B,Thickness,100.935,100.0,98.0,102.0
2026-07-01 08:43:00,LOT008,W19,P200,ETCH,ETCH02,B,RCP_B,Thickness,101.286,100.0,98.0,102.0
2026-07-01 08:44:00,LOT008,W20,P200,ETCH,ETCH02,A,RCP_B,Thickness,101.051,100.0,98.0,102.0
2026-07-01 08:45:00,LOT008,W21,P200,ETCH,ETCH02,B,RCP_B,Thickness,100.595,100.0,98.0,102.0
2026-07-01 08:46:00,LOT008,W22,P200,ETCH,ETCH02,B,RCP_B,Thickness,101.15,100.0,98.0,102.0
2026-07-01 08:47:00,LOT008,W23,P200,ETCH,ETCH02,B,RCP_B,Thickness,101.27,100.0,98.0,102.0
2026-07-01 08:48:00,LOT008,W24,P200,ETCH,ETCH02,B,RCP_B,Thickness,100.654,100.0,98.0,102.0
2026-07-01 08:49:00,LOT008,W25,P200,ETCH,ETCH02,A,RCP_B,Thickness,100.905,100.0,98.0,102.0
2026-07-01 08:28:00,LOT009,W01,P300,ETCH,ETCH03,B,RCP_C,Thickness,99.056,100.0,98.0,102.0
2026-07-01 08:29:00,LOT009,W02,P300,ETCH,ETCH03,B,RCP_C,Thickness,99.212,100.0,98.0,102.0
2026-07-01 08:30:00,LOT009,W03,P300,ETCH,ETCH03,A,RCP_C,Thickness,99.507,100.0,98.0,102.0
2026-07-01 08:31:00,LOT009,W04,P300,ETCH,ETCH03,B,RCP_C,Thickness,99.437,100.0,98.0,102.0
2026-07-01 08:32:00,LOT009,W05,P300,ETCH,ETCH03,B,RCP_C,Thickness,98.875,100.0,98.0,102.0
2026-07-01 08:33:00,LOT009,W06,P300,ETCH,ETCH03,B,RCP_C,Thickness,99.372,100.0,98.0,102.0
2026-07-01 08:34:00,LOT009,W07,P300,ETCH,ETCH03,B,RCP_C,Thickness,99.265,100.0,98.0,102.0
2026-07-01 08:35:00,LOT009,W08,P300,ETCH,ETCH03,A,RCP_C,Thickness,99.564,100.0,98.0,102.0
2026-07-01 08:36:00,LOT009,W09,P300,ETCH,ETCH03,A,RCP_C,Thickness,99.506,100.0,98.0,102.0
2026-07-01 08:37:00,LOT009,W10,P300,ETCH,ETCH03,B,RCP_C,Thickness,99.835,100.0,98.0,102.0
2026-07-01 08:38:00,LOT009,W11,P300,ETCH,ETCH03,A,RCP_C,Thickness,99.205,100.0,98.0,102.0
2026-07-01 08:39:00,LOT009,W12,P300,ETCH,ETCH03,A,RCP_C,Thickness,99.617,100.0,98.0,102.0
2026-07-01 08:40:00,LOT009,W13,P300,ETCH,ETCH03,A,RCP_C,Thickness,98.789,100.0,98.0,102.0
2026-07-01 08:41:00,LOT009,W14,P300,ETCH,ETCH03,B,RCP_C,Thickness,99.122,100.0,98.0,102.0
2026-07-01 08:42:00,LOT009,W15,P300,ETCH,ETCH03,A,RCP_C,Thickness,98.948,100.0,98.0,102.0
2026-07-01 08:43:00,LOT009,W16,P300,ETCH,ETCH03,A,RCP_C,Thickness,99.123,100.0,98.0,102.0
2026-07-01 08:44:00,LOT009,W17,P300,ETCH,ETCH03,B,RCP_C,Thickness,99.672,100.0,98.0,102.0
2026-07-01 08:45:00,LOT009,W18,P300,ETCH,ETCH03,B,RCP_C,Thickness,99.156,100.0,98.0,102.0
2026-07-01 08:46:00,LOT009,W19,P300,ETCH,ETCH03,A,RCP_C,Thickness,99.67,100.0,98.0,102.0
2026-07-01 08:47:00,LOT009,W20,P300,ETCH,ETCH03,A,RCP_C,Thickness,99.821,100.0,98.0,102.0
2026-07-01 08:48:00,LOT009,W21,P300,ETCH,ETCH03,A,RCP_C,Thickness,98.961,100.0,98.0,102.0
2026-07-01 08:49:00,LOT009,W22,P300,ETCH,ETCH03,A,RCP_C,Thickness,99.17,100.0,98.0,102.0
2026-07-01 08:50:00,LOT009,W23,P300,ETCH,ETCH03,B,RCP_C,Thickness,98.94,100.0,98.0,102.0
2026-07-01 08:51:00,LOT009,W24,P300,ETCH,ETCH03,B,RCP_C,Thickness,99.416,100.0,98.0,102.0
2026-07-01 08:52:00,LOT009,W25,P300,ETCH,ETCH03,A,RCP_C,Thickness,98.856,100.0,98.0,102.0
2026-07-01 08:31:00,LOT010,W01,P100,ETCH,ETCH01,A,RCP_A,Thickness,99.635,100.0,98.0,102.0
2026-07-01 08:32:00,LOT010,W02,P100,ETCH,ETCH01,B,RCP_A,Thickness,99.891,100.0,98.0,102.0
2026-07-01 08:33:00,LOT010,W03,P100,ETCH,ETCH01,A,RCP_A,Thickness,99.827,100.0,98.0,102.0
2026-07-01 08:34:00,LOT010,W04,P100,ETCH,ETCH01,B,RCP_A,Thickness,99.553,100.0,98.0,102.0
2026-07-01 08:35:00,LOT010,W05,P100,ETCH,ETCH01,A,RCP_A,Thickness,100.144,100.0,98.0,102.0
2026-07-01 08:36:00,LOT010,W06,P100,ETCH,ETCH01,B,RCP_A,Thickness,99.888,100.0,98.0,102.0
2026-07-01 08:37:00,LOT010,W07,P100,ETCH,ETCH01,B,RCP_A,Thickness,99.632,100.0,98.0,102.0
2026-07-01 08:38:00,LOT010,W08,P100,ETCH,ETCH01,A,RCP_A,Thickness,99.609,100.0,98.0,102.0
2026-07-01 08:39:00,LOT010,W09,P100,ETCH,ETCH01,B,RCP_A,Thickness,100.199,100.0,98.0,102.0
2026-07-01 08:40:00,LOT010,W10,P100,ETCH,ETCH01,A,RCP_A,Thickness,100.578,100.0,98.0,102.0
2026-07-01 08:41:00,LOT010,W11,P100,ETCH,ETCH01,B,RCP_A,Thickness,100.227,100.0,98.0,102.0
2026-07-01 08:42:00,LOT010,W12,P100,ETCH,ETCH01,B,RCP_A,Thickness,99.796,100.0,98.0,102.0
2026-07-01 08:43:00,LOT010,W13,P100,ETCH,ETCH01,B,RCP_A,Thickness,99.497,100.0,98.0,102.0
2026-07-01 08:44:00,LOT010,W14,P100,ETCH,ETCH01,A,RCP_A,Thickness,100.438,100.0,98.0,102.0
2026-07-01 08:45:00,LOT010,W15,P100,ETCH,ETCH01,A,RCP_A,Thickness,99.635,100.0,98.0,102.0
2026-07-01 08:46:00,LOT010,W16,P100,ETCH,ETCH01,A,RCP_A,Thickness,100.523,100.0,98.0,102.0
2026-07-01 08:47:00,LOT010,W17,P100,ETCH,ETCH01,A,RCP_A,Thickness,99.999,100.0,98.0,102.0
2026-07-01 08:48:00,LOT010,W18,P100,ETCH,ETCH01,A,RCP_A,Thickness,99.501,100.0,98.0,102.0
2026-07-01 08:49:00,LOT010,W19,P100,ETCH,ETCH01,A,RCP_A,Thickness,100.094,100.0,98.0,102.0
2026-07-01 08:50:00,LOT010,W20,P100,ETCH,ETCH01,B,RCP_A,Thickness,99.73,100.0,98.0,102.0
2026-07-01 08:51:00,LOT010,W21,P100,ETCH,ETCH01,B,RCP_A,Thickness,99.695,100.0,98.0,102.0
2026-07-01 08:52:00,LOT010,W22,P100,ETCH,ETCH01,B,RCP_A,Thickness,99.668,100.0,98.0,102.0
2026-07-01 08:53:00,LOT010,W23,P100,ETCH,ETCH01,B,RCP_A,Thickness,99.394,100.0,98.0,102.0
2026-07-01 08:54:00,LOT010,W24,P100,ETCH,ETCH01,B,RCP_A,Thickness,100.172,100.0,98.0,102.0
2026-07-01 08:55:00,LOT010,W25,P100,ETCH,ETCH01,B,RCP_A,Thickness,99.592,100.0,98.0,102.0
2026-07-01 08:34:00,LOT011,W01,P200,ETCH,ETCH02,A,RCP_B,Thickness,101.4,100.0,98.0,102.0
2026-07-01 08:35:00,LOT011,W02,P200,ETCH,ETCH02,A,RCP_B,Thickness,100.984,100.0,98.0,102.0
2026-07-01 08:36:00,LOT011,W03,P200,ETCH,ETCH02,B,RCP_B,Thickness,100.857,100.0,98.0,102.0
2026-07-01 08:37:00,LOT011,W04,P200,ETCH,ETCH02,B,RCP_B,Thickness,101.167,100.0,98.0,102.0
2026-07-01 08:38:00,LOT011,W05,P200,ETCH,ETCH02,A,RCP_B,Thickness,101.177,100.0,98.0,102.0
2026-07-01 08:39:00,LOT011,W06,P200,ETCH,ETCH02,B,RCP_B,Thickness,101.473,100.0,98.0,102.0
2026-07-01 08:40:00,LOT011,W07,P200,ETCH,ETCH02,B,RCP_B,Thickness,101.73,100.0,98.0,102.0
2026-07-01 08:41:00,LOT011,W08,P200,ETCH,ETCH02,A,RCP_B,Thickness,101.701,100.0,98.0,102.0
2026-07-01 08:42:00,LOT011,W09,P200,ETCH,ETCH02,B,RCP_B,Thickness,100.629,100.0,98.0,102.0
2026-07-01 08:43:00,LOT011,W10,P200,ETCH,ETCH02,A,RCP_B,Thickness,100.911,100.0,98.0,102.0
2026-07-01 08:44:00,LOT011,W11,P200,ETCH,ETCH02,A,RCP_B,Thickness,100.929,100.0,98.0,102.0
2026-07-01 08:45:00,LOT011,W12,P200,ETCH,ETCH02,B,RCP_B,Thickness,100.888,100.0,98.0,102.0
2026-07-01 08:46:00,LOT011,W13,P200,ETCH,ETCH02,B,RCP_B,Thickness,100.704,100.0,98.0,102.0
2026-07-01 08:47:00,LOT011,W14,P200,ETCH,ETCH02,B,RCP_B,Thickness,101.253,100.0,98.0,102.0
2026-07-01 08:48:00,LOT011,W15,P200,ETCH,ETCH02,B,RCP_B,Thickness,101.223,100.0,98.0,102.0
2026-07-01 08:49:00,LOT011,W16,P200,ETCH,ETCH02,A,RCP_B,Thickness,101.491,100.0,98.0,102.0
2026-07-01 08:50:00,LOT011,W17,P200,ETCH,ETCH02,B,RCP_B,Thickness,101.148,100.0,98.0,102.0
2026-07-01 08:51:00,LOT011,W18,P200,ETCH,ETCH02,B,RCP_B,Thickness,100.37,100.0,98.0,102.0
2026-07-01 08:52:00,LOT011,W19,P200,ETCH,ETCH02,B,RCP_B,Thickness,100.95,100.0,98.0,102.0
2026-07-01 08:53:00,LOT011,W20,P200,ETCH,ETCH02,B,RCP_B,Thickness,100.39,100.0,98.0,102.0
2026-07-01 08:54:00,LOT011,W21,P200,ETCH,ETCH02,B,RCP_B,Thickness,100.737,100.0,98.0,102.0
2026-07-01 08:55:00,LOT011,W22,P200,ETCH,ETCH02,B,RCP_B,Thickness,100.973,100.0,98.0,102.0
2026-07-01 08:56:00,LOT011,W23,P200,ETCH,ETCH02,B,RCP_B,Thickness,101.722,100.0,98.0,102.0
2026-07-01 08:57:00,LOT011,W24,P200,ETCH,ETCH02,B,RCP_B,Thickness,100.331,100.0,98.0,102.0
2026-07-01 08:58:00,LOT011,W25,P200,ETCH,ETCH02,B,RCP_B,Thickness,101.607,100.0,98.0,102.0
2026-07-01 08:37:00,LOT012,W01,P300,ETCH,ETCH03,B,RCP_C,Thickness,99.457,100.0,98.0,102.0
2026-07-01 08:38:00,LOT012,W02,P300,ETCH,ETCH03,A,RCP_C,Thickness,99.204,100.0,98.0,102.0
2026-07-01 08:39:00,LOT012,W03,P300,ETCH,ETCH03,B,RCP_C,Thickness,99.303,100.0,98.0,102.0
2026-07-01 08:40:00,LOT012,W04,P300,ETCH,ETCH03,B,RCP_C,Thickness,99.923,100.0,98.0,102.0
2026-07-01 08:41:00,LOT012,W05,P300,ETCH,ETCH03,A,RCP_C,Thickness,99.751,100.0,98.0,102.0
2026-07-01 08:42:00,LOT012,W06,P300,ETCH,ETCH03,A,RCP_C,Thickness,99.844,100.0,98.0,102.0
2026-07-01 08:43:00,LOT012,W07,P300,ETCH,ETCH03,B,RCP_C,Thickness,99.577,100.0,98.0,102.0
2026-07-01 08:44:00,LOT012,W08,P300,ETCH,ETCH03,B,RCP_C,Thickness,99.716,100.0,98.0,102.0
2026-07-01 08:45:00,LOT012,W09,P300,ETCH,ETCH03,B,RCP_C,Thickness,98.745,100.0,98.0,102.0
2026-07-01 08:46:00,LOT012,W10,P300,ETCH,ETCH03,B,RCP_C,Thickness,99.366,100.0,98.0,102.0
2026-07-01 08:47:00,LOT012,W11,P300,ETCH,ETCH03,B,RCP_C,Thickness,99.232,100.0,98.0,102.0
2026-07-01 08:48:00,LOT012,W12,P300,ETCH,ETCH03,A,RCP_C,Thickness,99.154,100.0,98.0,102.0
2026-07-01 08:49:00,LOT012,W13,P300,ETCH,ETCH03,A,RCP_C,Thickness,99.364,100.0,98.0,102.0
2026-07-01 08:50:00,LOT012,W14,P300,ETCH,ETCH03,B,RCP_C,Thickness,99.388,100.0,98.0,102.0
2026-07-01 08:51:00,LOT012,W15,P300,ETCH,ETCH03,B,RCP_C,Thickness,99.239,100.0,98.0,102.0
2026-07-01 08:52:00,LOT012,W16,P300,ETCH,ETCH03,B,RCP_C,Thickness,99.563,100.0,98.0,102.0
2026-07-01 08:53:00,LOT012,W17,P300,ETCH,ETCH03,A,RCP_C,Thickness,99.641,100.0,98.0,102.0
2026-07-01 08:54:00,LOT012,W18,P300,ETCH,ETCH03,A,RCP_C,Thickness,99.034,100.0,98.0,102.0
2026-07-01 08:55:00,LOT012,W19,P300,ETCH,ETCH03,B,RCP_C,Thickness,99.082,100.0,98.0,102.0
2026-07-01 08:56:00,LOT012,W20,P300,ETCH,ETCH03,A,RCP_C,Thickness,99.356,100.0,98.0,102.0
2026-07-01 08:57:00,LOT012,W21,P300,ETCH,ETCH03,A,RCP_C,Thickness,99.796,100.0,98.0,102.0
2026-07-01 08:58:00,LOT012,W22,P300,ETCH,ETCH03,B,RCP_C,Thickness,99.728,100.0,98.0,102.0
2026-07-01 08:59:00,LOT012,W23,P300,ETCH,ETCH03,B,RCP_C,Thickness,98.994,100.0,98.0,102.0
2026-07-01 09:00:00,LOT012,W24,P300,ETCH,ETCH03,B,RCP_C,Thickness,99.064,100.0,98.0,102.0
2026-07-01 09:01:00,LOT012,W25,P300,ETCH,ETCH03,B,RCP_C,Thickness,99.018,100.0,98.0,102.0
2026-07-02 08:40:00,LOT013,W01,P100,ETCH,ETCH01,B,RCP_A,Thickness,100.101,100.0,98.0,102.0
2026-07-02 08:41:00,LOT013,W02,P100,ETCH,ETCH01,B,RCP_A,Thickness,99.868,100.0,98.0,102.0
2026-07-02 08:42:00,LOT013,W03,P100,ETCH,ETCH01,B,RCP_A,Thickness,100.653,100.0,98.0,102.0
2026-07-02 08:43:00,LOT013,W04,P100,ETCH,ETCH01,A,RCP_A,Thickness,100.091,100.0,98.0,102.0
2026-07-02 08:44:00,LOT013,W05,P100,ETCH,ETCH01,A,RCP_A,Thickness,100.49,100.0,98.0,102.0
2026-07-02 08:45:00,LOT013,W06,P100,ETCH,ETCH01,B,RCP_A,Thickness,99.692,100.0,98.0,102.0
2026-07-02 08:46:00,LOT013,W07,P100,ETCH,ETCH01,A,RCP_A,Thickness,99.745,100.0,98.0,102.0
2026-07-02 08:47:00,LOT013,W08,P100,ETCH,ETCH01,B,RCP_A,Thickness,99.797,100.0,98.0,102.0
2026-07-02 08:48:00,LOT013,W09,P100,ETCH,ETCH01,A,RCP_A,Thickness,99.476,100.0,98.0,102.0
2026-07-02 08:49:00,LOT013,W10,P100,ETCH,ETCH01,B,RCP_A,Thickness,99.454,100.0,98.0,102.0
2026-07-02 08:50:00,LOT013,W11,P100,ETCH,ETCH01,A,RCP_A,Thickness,99.501,100.0,98.0,102.0
2026-07-02 08:51:00,LOT013,W12,P100,ETCH,ETCH01,B,RCP_A,Thickness,99.728,100.0,98.0,102.0
2026-07-02 08:52:00,LOT013,W13,P100,ETCH,ETCH01,B,RCP_A,Thickness,100.084,100.0,98.0,102.0
2026-07-02 08:53:00,LOT013,W14,P100,ETCH,ETCH01,B,RCP_A,Thickness,100.166,100.0,98.0,102.0
2026-07-02 08:54:00,LOT013,W15,P100,ETCH,ETCH01,B,RCP_A,Thickness,100.131,100.0,98.0,102.0
2026-07-02 08:55:00,LOT013,W16,P100,ETCH,ETCH01,B,RCP_A,Thickness,99.764,100.0,98.0,102.0
2026-07-02 08:56:00,LOT013,W17,P100,ETCH,ETCH01,B,RCP_A,Thickness,99.993,100.0,98.0,102.0
2026-07-02 08:57:00,LOT013,W18,P100,ETCH,ETCH01,A,RCP_A,Thickness,99.682,100.0,98.0,102.0
2026-07-02 08:58:00,LOT013,W19,P100,ETCH,ETCH01,A,RCP_A,Thickness,100.358,100.0,98.0,102.0
2026-07-02 08:59:00,LOT013,W20,P100,ETCH,ETCH01,B,RCP_A,Thickness,99.567,100.0,98.0,102.0
2026-07-02 09:00:00,LOT013,W21,P100,ETCH,ETCH01,B,RCP_A,Thickness,100.432,100.0,98.0,102.0
2026-07-02 09:01:00,LOT013,W22,P100,ETCH,ETCH01,B,RCP_A,Thickness,100.038,100.0,98.0,102.0
2026-07-02 09:02:00,LOT013,W23,P100,ETCH,ETCH01,B,RCP_A,Thickness,100.199,100.0,98.0,102.0
2026-07-02 09:03:00,LOT013,W24,P100,ETCH,ETCH01,B,RCP_A,Thickness,100.161,100.0,98.0,102.0
2026-07-02 09:04:00,LOT013,W25,P100,ETCH,ETCH01,A,RCP_A,Thickness,99.702,100.0,98.0,102.0
2026-07-02 08:43:00,LOT014,W01,P200,ETCH,ETCH02,B,RCP_B,Thickness,100.652,100.0,98.0,102.0
2026-07-02 08:44:00,LOT014,W02,P200,ETCH,ETCH02,A,RCP_B,Thickness,101.59,100.0,98.0,102.0
2026-07-02 08:45:00,LOT014,W03,P200,ETCH,ETCH02,B,RCP_B,Thickness,101.701,100.0,98.0,102.0
2026-07-02 08:46:00,LOT014,W04,P200,ETCH,ETCH02,A,RCP_B,Thickness,101.194,100.0,98.0,102.0
2026-07-02 08:47:00,LOT014,W05,P200,ETCH,ETCH02,B,RCP_B,Thickness,100.927,100.0,98.0,102.0
2026-07-02 08:48:00,LOT014,W06,P200,ETCH,ETCH02,A,RCP_B,Thickness,101.434,100.0,98.0,102.0
2026-07-02 08:49:00,LOT014,W07,P200,ETCH,ETCH02,B,RCP_B,Thickness,100.713,100.0,98.0,102.0
2026-07-02 08:50:00,LOT014,W08,P200,ETCH,ETCH02,B,RCP_B,Thickness,101.38,100.0,98.0,102.0
2026-07-02 08:51:00,LOT014,W09,P200,ETCH,ETCH02,A,RCP_B,Thickness,101.119,100.0,98.0,102.0
2026-07-02 08:52:00,LOT014,W10,P200,ETCH,ETCH02,A,RCP_B,Thickness,101.383,100.0,98.0,102.0
2026-07-02 08:53:00,LOT014,W11,P200,ETCH,ETCH02,B,RCP_B,Thickness,101.01,100.0,98.0,102.0
2026-07-02 08:54:00,LOT014,W12,P200,ETCH,ETCH02,B,RCP_B,Thickness,101.116,100.0,98.0,102.0
2026-07-02 08:55:00,LOT014,W13,P200,ETCH,ETCH02,B,RCP_B,Thickness,101.216,100.0,98.0,102.0
2026-07-02 08:56:00,LOT014,W14,P200,ETCH,ETCH02,A,RCP_B,Thickness,100.753,100.0,98.0,102.0
2026-07-02 08:57:00,LOT014,W15,P200,ETCH,ETCH02,B,RCP_B,Thickness,100.683,100.0,98.0,102.0
2026-07-02 08:58:00,LOT014,W16,P200,ETCH,ETCH02,A,RCP_B,Thickness,101.105,100.0,98.0,102.0
2026-07-02 08:59:00,LOT014,W17,P200,ETCH,ETCH02,A,RCP_B,Thickness,100.819,100.0,98.0,102.0
2026-07-02 09:00:00,LOT014,W18,P200,ETCH,ETCH02,A,RCP_B,Thickness,100.956,100.0,98.0,102.0
2026-07-02 09:01:00,LOT014,W19,P200,ETCH,ETCH02,A,RCP_B,Thickness,101.224,100.0,98.0,102.0
2026-07-02 09:02:00,LOT014,W20,P200,ETCH,ETCH02,A,RCP_B,Thickness,101.485,100.0,98.0,102.0
2026-07-02 09:03:00,LOT014,W21,P200,ETCH,ETCH02,A,RCP_B,Thickness,101.016,100.0,98.0,102.0
2026-07-02 09:04:00,LOT014,W22,P200,ETCH,ETCH02,A,RCP_B,Thickness,101.273,100.0,98.0,102.0
2026-07-02 09:05:00,LOT014,W23,P200,ETCH,ETCH02,B,RCP_B,Thickness,101.293,100.0,98.0,102.0
2026-07-02 09:06:00,LOT014,W24,P200,ETCH,ETCH02,B,RCP_B,Thickness,101.595,100.0,98.0,102.0
2026-07-02 09:07:00,LOT014,W25,P200,ETCH,ETCH02,A,RCP_B,Thickness,101.236,100.0,98.0,102.0
2026-07-02 08:46:00,LOT015,W01,P300,ETCH,ETCH03,B,RCP_C,Thickness,99.132,100.0,98.0,102.0
2026-07-02 08:47:00,LOT015,W02,P300,ETCH,ETCH03,A,RCP_C,Thickness,99.286,100.0,98.0,102.0
2026-07-02 08:48:00,LOT015,W03,P300,ETCH,ETCH03,B,RCP_C,Thickness,98.429,100.0,98.0,102.0
2026-07-02 08:49:00,LOT015,W04,P300,ETCH,ETCH03,B,RCP_C,Thickness,99.535,100.0,98.0,102.0
2026-07-02 08:50:00,LOT015,W05,P300,ETCH,ETCH03,B,RCP_C,Thickness,99.141,100.0,98.0,102.0
2026-07-02 08:51:00,LOT015,W06,P300,ETCH,ETCH03,A,RCP_C,Thickness,98.926,100.0,98.0,102.0
2026-07-02 08:52:00,LOT015,W07,P300,ETCH,ETCH03,B,RCP_C,Thickness,99.2,100.0,98.0,102.0
2026-07-02 08:53:00,LOT015,W08,P300,ETCH,ETCH03,B,RCP_C,Thickness,99.219,100.0,98.0,102.0
2026-07-02 08:54:00,LOT015,W09,P300,ETCH,ETCH03,B,RCP_C,Thickness,98.843,100.0,98.0,102.0
2026-07-02 08:55:00,LOT015,W10,P300,ETCH,ETCH03,A,RCP_C,Thickness,99.437,100.0,98.0,102.0
2026-07-02 08:56:00,LOT015,W11,P300,ETCH,ETCH03,A,RCP_C,Thickness,98.637,100.0,98.0,102.0
2026-07-02 08:57:00,LOT015,W12,P300,ETCH,ETCH03,B,RCP_C,Thickness,99.612,100.0,98.0,102.0
2026-07-02 08:58:00,LOT015,W13,P300,ETCH,ETCH03,A,RCP_C,Thickness,99.184,100.0,98.0,102.0
2026-07-02 08:59:00,LOT015,W14,P300,ETCH,ETCH03,A,RCP_C,Thickness,99.58,100.0,98.0,102.0
2026-07-02 09:00:00,LOT015,W15,P300,ETCH,ETCH03,B,RCP_C,Thickness,99.903,100.0,98.0,102.0
2026-07-02 09:01:00,LOT015,W16,P300,ETCH,ETCH03,A,RCP_C,Thickness,99.571,100.0,98.0,102.0
2026-07-02 09:02:00,LOT015,W17,P300,ETCH,ETCH03,B,RCP_C,Thickness,99.469,100.0,98.0,102.0
2026-07-02 09:03:00,LOT015,W18,P300,ETCH,ETCH03,B,RCP_C,Thickness,98.887,100.0,98.0,102.0
2026-07-02 09:04:00,LOT015,W19,P300,ETCH,ETCH03,B,RCP_C,Thickness,98.986,100.0,98.0,102.0
2026-07-02 09:05:00,LOT015,W20,P300,ETCH,ETCH03,A,RCP_C,Thickness,99.712,100.0,98.0,102.0
2026-07-02 09:06:00,LOT015,W21,P300,ETCH,ETCH03,B,RCP_C,Thickness,99.026,100.0,98.0,102.0
2026-07-02 09:07:00,LOT015,W22,P300,ETCH,ETCH03,B,RCP_C,Thickness,99.669,100.0,98.0,102.0
2026-07-02 09:08:00,LOT015,W23,P300,ETCH,ETCH03,A,RCP_C,Thickness,99.037,100.0,98.0,102.0
2026-07-02 09:09:00,LOT015,W24,P300,ETCH,ETCH03,B,RCP_C,Thickness,99.661,100.0,98.0,102.0
2026-07-02 09:10:00,LOT015,W25,P300,ETCH,ETCH03,B,RCP_C,Thickness,99.834,100.0,98.0,102.0
2026-07-02 08:49:00,LOT016,W01,P100,ETCH,ETCH01,A,RCP_A,Thickness,99.216,100.0,98.0,102.0
2026-07-02 08:50:00,LOT016,W02,P100,ETCH,ETCH01,B,RCP_A,Thickness,100.275,100.0,98.0,102.0
2026-07-02 08:51:00,LOT016,W03,P100,ETCH,ETCH01,B,RCP_A,Thickness,100.051,100.0,98.0,102.0
2026-07-02 08:52:00,LOT016,W04,P100,ETCH,ETCH01,A,RCP_A,Thickness,100.309,100.0,98.0,102.0
2026-07-02 08:53:00,LOT016,W05,P100,ETCH,ETCH01,A,RCP_A,Thickness,99.67,100.0,98.0,102.0
2026-07-02 08:54:00,LOT016,W06,P100,ETCH,ETCH01,A,RCP_A,Thickness,100.361,100.0,98.0,102.0
2026-07-02 08:55:00,LOT016,W07,P100,ETCH,ETCH01,B,RCP_A,Thickness,100.235,100.0,98.0,102.0
2026-07-02 08:56:00,LOT016,W08,P100,ETCH,ETCH01,B,RCP_A,Thickness,99.883,100.0,98.0,102.0
2026-07-02 08:57:00,LOT016,W09,P100,ETCH,ETCH01,A,RCP_A,Thickness,100.287,100.0,98.0,102.0
2026-07-02 08:58:00,LOT016,W10,P100,ETCH,ETCH01,A,RCP_A,Thickness,100.267,100.0,98.0,102.0
2026-07-02 08:59:00,LOT016,W11,P100,ETCH,ETCH01,B,RCP_A,Thickness,100.406,100.0,98.0,102.0
2026-07-02 09:00:00,LOT016,W12,P100,ETCH,ETCH01,B,RCP_A,Thickness,99.623,100.0,98.0,102.0
2026-07-02 09:01:00,LOT016,W13,P100,ETCH,ETCH01,A,RCP_A,Thickness,100.034,100.0,98.0,102.0
2026-07-02 09:02:00,LOT016,W14,P100,ETCH,ETCH01,A,RCP_A,Thickness,99.891,100.0,98.0,102.0
2026-07-02 09:03:00,LOT016,W15,P100,ETCH,ETCH01,B,RCP_A,Thickness,100.516,100.0,98.0,102.0
2026-07-02 09:04:00,LOT016,W16,P100,ETCH,ETCH01,B,RCP_A,Thickness,100.117,100.0,98.0,102.0
2026-07-02 09:05:00,LOT016,W17,P100,ETCH,ETCH01,A,RCP_A,Thickness,99.989,100.0,98.0,102.0
2026-07-02 09:06:00,LOT016,W18,P100,ETCH,ETCH01,B,RCP_A,Thickness,99.957,100.0,98.0,102.0
2026-07-02 09:07:00,LOT016,W19,P100,ETCH,ETCH01,B,RCP_A,Thickness,100.172,100.0,98.0,102.0
2026-07-02 09:08:00,LOT016,W20,P100,ETCH,ETCH01,B,RCP_A,Thickness,99.752,100.0,98.0,102.0
2026-07-02 09:09:00,LOT016,W21,P100,ETCH,ETCH01,B,RCP_A,Thickness,99.949,100.0,98.0,102.0
2026-07-02 09:10:00,LOT016,W22,P100,ETCH,ETCH01,A,RCP_A,Thickness,99.642,100.0,98.0,102.0
2026-07-02 09:11:00,LOT016,W23,P100,ETCH,ETCH01,B,RCP_A,Thickness,100.152,100.0,98.0,102.0
2026-07-02 09:12:00,LOT016,W24,P100,ETCH,ETCH01,B,RCP_A,Thickness,99.908,100.0,98.0,102.0
2026-07-02 09:13:00,LOT016,W25,P100,ETCH,ETCH01,A,RCP_A,Thickness,99.648,100.0,98.0,102.0
2026-07-02 08:52:00,LOT017,W01,P200,ETCH,ETCH02,A,RCP_B,Thickness,101.204,100.0,98.0,102.0
2026-07-02 08:53:00,LOT017,W02,P200,ETCH,ETCH02,B,RCP_B,Thickness,100.589,100.0,98.0,102.0
2026-07-02 08:54:00,LOT017,W03,P200,ETCH,ETCH02,A,RCP_B,Thickness,101.07,100.0,98.0,102.0
2026-07-02 08:55:00,LOT017,W04,P200,ETCH,ETCH02,B,RCP_B,Thickness,101.516,100.0,98.0,102.0
2026-07-02 08:56:00,LOT017,W05,P200,ETCH,ETCH02,B,RCP_B,Thickness,101.158,100.0,98.0,102.0
2026-07-02 08:57:00,LOT017,W06,P200,ETCH,ETCH02,A,RCP_B,Thickness,101.649,100.0,98.0,102.0
2026-07-02 08:58:00,LOT017,W07,P200,ETCH,ETCH02,A,RCP_B,Thickness,101.319,100.0,98.0,102.0
2026-07-02 08:59:00,LOT017,W08,P200,ETCH,ETCH02,A,RCP_B,Thickness,100.869,100.0,98.0,102.0
2026-07-02 09:00:00,LOT017,W09,P200,ETCH,ETCH02,A,RCP_B,Thickness,101.042,100.0,98.0,102.0
2026-07-02 09:01:00,LOT017,W10,P200,ETCH,ETCH02,A,RCP_B,Thickness,101.266,100.0,98.0,102.0
2026-07-02 09:02:00,LOT017,W11,P200,ETCH,ETCH02,B,RCP_B,Thickness,100.611,100.0,98.0,102.0
2026-07-02 09:03:00,LOT017,W12,P200,ETCH,ETCH02,B,RCP_B,Thickness,101.151,100.0,98.0,102.0
2026-07-02 09:04:00,LOT017,W13,P200,ETCH,ETCH02,B,RCP_B,Thickness,101.127,100.0,98.0,102.0
2026-07-02 09:05:00,LOT017,W14,P200,ETCH,ETCH02,B,RCP_B,Thickness,101.157,100.0,98.0,102.0
2026-07-02 09:06:00,LOT017,W15,P200,ETCH,ETCH02,A,RCP_B,Thickness,100.968,100.0,98.0,102.0
2026-07-02 09:07:00,LOT017,W16,P200,ETCH,ETCH02,A,RCP_B,Thickness,101.16,100.0,98.0,102.0
2026-07-02 09:08:00,LOT017,W17,P200,ETCH,ETCH02,B,RCP_B,Thickness,101.67,100.0,98.0,102.0
2026-07-02 09:09:00,LOT017,W18,P200,ETCH,ETCH02,B,RCP_B,Thickness,101.374,100.0,98.0,102.0
2026-07-02 09:10:00,LOT017,W19,P200,ETCH,ETCH02,A,RCP_B,Thickness,100.444,100.0,98.0,102.0
2026-07-02 09:11:00,LOT017,W20,P200,ETCH,ETCH02,B,RCP_B,Thickness,101.248,100.0,98.0,102.0
2026-07-02 09:12:00,LOT017,W21,P200,ETCH,ETCH02,A,RCP_B,Thickness,101.42,100.0,98.0,102.0
2026-07-02 09:13:00,LOT017,W22,P200,ETCH,ETCH02,B,RCP_B,Thickness,100.949,100.0,98.0,102.0
2026-07-02 09:14:00,LOT017,W23,P200,ETCH,ETCH02,A,RCP_B,Thickness,100.835,100.0,98.0,102.0
2026-07-02 09:15:00,LOT017,W24,P200,ETCH,ETCH02,B,RCP_B,Thickness,101.044,100.0,98.0,102.0
2026-07-02 09:16:00,LOT017,W25,P200,ETCH,ETCH02,A,RCP_B,Thickness,100.536,100.0,98.0,102.0
2026-07-02 08:55:00,LOT018,W01,P300,ETCH,ETCH03,B,RCP_C,Thickness,99.891,100.0,98.0,102.0
2026-07-02 08:56:00,LOT018,W02,P300,ETCH,ETCH03,A,RCP_C,Thickness,99.423,100.0,98.0,102.0
2026-07-02 08:57:00,LOT018,W03,P300,ETCH,ETCH03,A,RCP_C,Thickness,98.81,100.0,98.0,102.0
2026-07-02 08:58:00,LOT018,W04,P300,ETCH,ETCH03,B,RCP_C,Thickness,99.18,100.0,98.0,102.0
2026-07-02 08:59:00,LOT018,W05,P300,ETCH,ETCH03,A,RCP_C,Thickness,99.849,100.0,98.0,102.0
2026-07-02 09:00:00,LOT018,W06,P300,ETCH,ETCH03,A,RCP_C,Thickness,99.561,100.0,98.0,102.0
2026-07-02 09:01:00,LOT018,W07,P300,ETCH,ETCH03,B,RCP_C,Thickness,99.149,100.0,98.0,102.0
2026-07-02 09:02:00,LOT018,W08,P300,ETCH,ETCH03,A,RCP_C,Thickness,99.176,100.0,98.0,102.0
2026-07-02 09:03:00,LOT018,W09,P300,ETCH,ETCH03,A,RCP_C,Thickness,99.617,100.0,98.0,102.0
2026-07-02 09:04:00,LOT018,W10,P300,ETCH,ETCH03,A,RCP_C,Thickness,99.077,100.0,98.0,102.0
2026-07-02 09:05:00,LOT018,W11,P300,ETCH,ETCH03,B,RCP_C,Thickness,99.008,100.0,98.0,102.0
2026-07-02 09:06:00,LOT018,W12,P300,ETCH,ETCH03,A,RCP_C,Thickness,98.975,100.0,98.0,102.0
2026-07-02 09:07:00,LOT018,W13,P300,ETCH,ETCH03,A,RCP_C,Thickness,99.8,100.0,98.0,102.0
2026-07-02 09:08:00,LOT018,W14,P300,ETCH,ETCH03,B,RCP_C,Thickness,99.39,100.0,98.0,102.0
2026-07-02 09:09:00,LOT018,W15,P300,ETCH,ETCH03,A,RCP_C,Thickness,99.166,100.0,98.0,102.0
2026-07-02 09:10:00,LOT018,W16,P300,ETCH,ETCH03,A,RCP_C,Thickness,99.134,100.0,98.0,102.0
2026-07-02 09:11:00,LOT018,W17,P300,ETCH,ETCH03,A,RCP_C,Thickness,99.184,100.0,98.0,102.0
2026-07-02 09:12:00,LOT018,W18,P300,ETCH,ETCH03,A,RCP_C,Thickness,98.855,100.0,98.0,102.0
2026-07-02 09:13:00,LOT018,W19,P300,ETCH,ETCH03,B,RCP_C,Thickness,99.579,100.0,98.0,102.0
2026-07-02 09:14:00,LOT018,W20,P300,ETCH,ETCH03,B,RCP_C,Thickness,99.326,100.0,98.0,102.0
2026-07-02 09:15:00,LOT018,W21,P300,ETCH,ETCH03,B,RCP_C,Thickness,99.557,100.0,98.0,102.0
2026-07-02 09:16:00,LOT018,W22,P300,ETCH,ETCH03,A,RCP_C,Thickness,98.727,100.0,98.0,102.0
2026-07-02 09:17:00,LOT018,W23,P300,ETCH,ETCH03,B,RCP_C,Thickness,99.926,100.0,98.0,102.0
2026-07-02 09:18:00,LOT018,W24,P300,ETCH,ETCH03,B,RCP_C,Thickness,98.936,100.0,98.0,102.0
2026-07-02 09:19:00,LOT018,W25,P300,ETCH,ETCH03,A,RCP_C,Thickness,99.293,100.0,98.0,102.0
2026-07-02 08:58:00,LOT019,W01,P100,ETCH,ETCH01,A,RCP_A,Thickness,100.08,100.0,98.0,102.0
2026-07-02 08:59:00,LOT019,W02,P100,ETCH,ETCH01,B,RCP_A,Thickness,99.918,100.0,98.0,102.0
2026-07-02 09:00:00,LOT019,W03,P100,ETCH,ETCH01,A,RCP_A,Thickness,99.899,100.0,98.0,102.0
2026-07-02 09:01:00,LOT019,W04,P100,ETCH,ETCH01,A,RCP_A,Thickness,99.591,100.0,98.0,102.0
2026-07-02 09:02:00,LOT019,W05,P100,ETCH,ETCH01,B,RCP_A,Thickness,99.601,100.0,98.0,102.0
2026-07-02 09:03:00,LOT019,W06,P100,ETCH,ETCH01,A,RCP_A,Thickness,100.132,100.0,98.0,102.0
2026-07-02 09:04:00,LOT019,W07,P100,ETCH,ETCH01,A,RCP_A,Thickness,100.296,100.0,98.0,102.0
2026-07-02 09:05:00,LOT019,W08,P100,ETCH,ETCH01,B,RCP_A,Thickness,99.336,100.0,98.0,102.0
2026-07-02 09:06:00,LOT019,W09,P100,ETCH,ETCH01,B,RCP_A,Thickness,100.101,100.0,98.0,102.0
2026-07-02 09:07:00,LOT019,W10,P100,ETCH,ETCH01,A,RCP_A,Thickness,101.125,100.0,98.0,102.0
2026-07-02 09:08:00,LOT019,W11,P100,ETCH,ETCH01,A,RCP_A,Thickness,100.27,100.0,98.0,102.0
2026-07-02 09:09:00,LOT019,W12,P100,ETCH,ETCH01,A,RCP_A,Thickness,99.57,100.0,98.0,102.0
2026-07-02 09:10:00,LOT019,W13,P100,ETCH,ETCH01,B,RCP_A,Thickness,99.936,100.0,98.0,102.0
2026-07-02 09:11:00,LOT019,W14,P100,ETCH,ETCH01,B,RCP_A,Thickness,99.82,100.0,98.0,102.0
2026-07-02 09:12:00,LOT019,W15,P100,ETCH,ETCH01,A,RCP_A,Thickness,100.242,100.0,98.0,102.0
2026-07-02 09:13:00,LOT019,W16,P100,ETCH,ETCH01,B,RCP_A,Thickness,100.029,100.0,98.0,102.0
2026-07-02 09:14:00,LOT019,W17,P100,ETCH,ETCH01,B,RCP_A,Thickness,100.014,100.0,98.0,102.0
2026-07-02 09:15:00,LOT019,W18,P100,ETCH,ETCH01,B,RCP_A,Thickness,100.178,100.0,98.0,102.0
2026-07-02 09:16:00,LOT019,W19,P100,ETCH,ETCH01,B,RCP_A,Thickness,99.948,100.0,98.0,102.0
2026-07-02 09:17:00,LOT019,W20,P100,ETCH,ETCH01,A,RCP_A,Thickness,99.964,100.0,98.0,102.0
2026-07-02 09:18:00,LOT019,W21,P100,ETCH,ETCH01,B,RCP_A,Thickness,99.564,100.0,98.0,102.0
2026-07-02 09:19:00,LOT019,W22,P100,ETCH,ETCH01,B,RCP_A,Thickness,100.208,100.0,98.0,102.0
2026-07-02 09:20:00,LOT019,W23,P100,ETCH,ETCH01,A,RCP_A,Thickness,99.673,100.0,98.0,102.0
2026-07-02 09:21:00,LOT019,W24,P100,ETCH,ETCH01,A,RCP_A,Thickness,99.951,100.0,98.0,102.0
2026-07-02 09:22:00,LOT019,W25,P100,ETCH,ETCH01,B,RCP_A,Thickness,100.333,100.0,98.0,102.0
2026-07-02 09:01:00,LOT020,W01,P200,ETCH,ETCH02,A,RCP_B,Thickness,101.144,100.0,98.0,102.0
2026-07-02 09:02:00,LOT020,W02,P200,ETCH,ETCH02,A,RCP_B,Thickness,100.731,100.0,98.0,102.0
2026-07-02 09:03:00,LOT020,W03,P200,ETCH,ETCH02,B,RCP_B,Thickness,101.521,100.0,98.0,102.0
2026-07-02 09:04:00,LOT020,W04,P200,ETCH,ETCH02,B,RCP_B,Thickness,100.435,100.0,98.0,102.0
2026-07-02 09:05:00,LOT020,W05,P200,ETCH,ETCH02,B,RCP_B,Thickness,100.867,100.0,98.0,102.0
2026-07-02 09:06:00,LOT020,W06,P200,ETCH,ETCH02,B,RCP_B,Thickness,100.617,100.0,98.0,102.0
2026-07-02 09:07:00,LOT020,W07,P200,ETCH,ETCH02,B,RCP_B,Thickness,100.579,100.0,98.0,102.0
2026-07-02 09:08:00,LOT020,W08,P200,ETCH,ETCH02,A,RCP_B,Thickness,101.275,100.0,98.0,102.0
2026-07-02 09:09:00,LOT020,W09,P200,ETCH,ETCH02,B,RCP_B,Thickness,101.113,100.0,98.0,102.0
2026-07-02 09:10:00,LOT020,W10,P200,ETCH,ETCH02,B,RCP_B,Thickness,101.038,100.0,98.0,102.0
2026-07-02 09:11:00,LOT020,W11,P200,ETCH,ETCH02,B,RCP_B,Thickness,101.635,100.0,98.0,102.0
2026-07-02 09:12:00,LOT020,W12,P200,ETCH,ETCH02,A,RCP_B,Thickness,101.259,100.0,98.0,102.0
2026-07-02 09:13:00,LOT020,W13,P200,ETCH,ETCH02,B,RCP_B,Thickness,100.815,100.0,98.0,102.0
2026-07-02 09:14:00,LOT020,W14,P200,ETCH,ETCH02,B,RCP_B,Thickness,101.019,100.0,98.0,102.0
2026-07-02 09:15:00,LOT020,W15,P200,ETCH,ETCH02,A,RCP_B,Thickness,100.308,100.0,98.0,102.0
2026-07-02 09:16:00,LOT020,W16,P200,ETCH,ETCH02,B,RCP_B,Thickness,100.63,100.0,98.0,102.0
2026-07-02 09:17:00,LOT020,W17,P200,ETCH,ETCH02,A,RCP_B,Thickness,101.513,100.0,98.0,102.0
2026-07-02 09:18:00,LOT020,W18,P200,ETCH,ETCH02,A,RCP_B,Thickness,100.015,100.0,98.0,102.0
2026-07-02 09:19:00,LOT020,W19,P200,ETCH,ETCH02,B,RCP_B,Thickness,101.532,100.0,98.0,102.0
2026-07-02 09:20:00,LOT020,W20,P200,ETCH,ETCH02,A,RCP_B,Thickness,100.912,100.0,98.0,102.0
2026-07-02 09:21:00,LOT020,W21,P200,ETCH,ETCH02,B,RCP_B,Thickness,101.309,100.0,98.0,102.0
2026-07-02 09:22:00,LOT020,W22,P200,ETCH,ETCH02,B,RCP_B,Thickness,100.989,100.0,98.0,102.0
2026-07-02 09:23:00,LOT020,W23,P200,ETCH,ETCH02,B,RCP_B,Thickness,101.133,100.0,98.0,102.0
2026-07-02 09:24:00,LOT020,W24,P200,ETCH,ETCH02,B,RCP_B,Thickness,100.9,100.0,98.0,102.0
2026-07-02 09:25:00,LOT020,W25,P200,ETCH,ETCH02,A,RCP_B,Thickness,102.018,100.0,98.0,102.0
2026-07-02 09:04:00,LOT021,W01,P300,ETCH,ETCH03,B,RCP_C,Thickness,98.889,100.0,98.0,102.0
2026-07-02 09:05:00,LOT021,W02,P300,ETCH,ETCH03,A,RCP_C,Thickness,99.776,100.0,98.0,102.0
2026-07-02 09:06:00,LOT021,W03,P300,ETCH,ETCH03,B,RCP_C,Thickness,99.427,100.0,98.0,102.0
2026-07-02 09:07:00,LOT021,W04,P300,ETCH,ETCH03,B,RCP_C,Thickness,99.328,100.0,98.0,102.0
2026-07-02 09:08:00,LOT021,W05,P300,ETCH,ETCH03,A,RCP_C,Thickness,98.883,100.0,98.0,102.0
2026-07-02 09:09:00,LOT021,W06,P300,ETCH,ETCH03,B,RCP_C,Thickness,98.976,100.0,98.0,102.0
2026-07-02 09:10:00,LOT021,W07,P300,ETCH,ETCH03,A,RCP_C,Thickness,98.916,100.0,98.0,102.0
2026-07-02 09:11:00,LOT021,W08,P300,ETCH,ETCH03,B,RCP_C,Thickness,99.107,100.0,98.0,102.0
2026-07-02 09:12:00,LOT021,W09,P300,ETCH,ETCH03,A,RCP_C,Thickness,99.522,100.0,98.0,102.0
2026-07-02 09:13:00,LOT021,W10,P300,ETCH,ETCH03,A,RCP_C,Thickness,99.336,100.0,98.0,102.0
2026-07-02 09:14:00,LOT021,W11,P300,ETCH,ETCH03,B,RCP_C,Thickness,99.231,100.0,98.0,102.0
2026-07-02 09:15:00,LOT021,W12,P300,ETCH,ETCH03,B,RCP_C,Thickness,99.067,100.0,98.0,102.0
2026-07-02 09:16:00,LOT021,W13,P300,ETCH,ETCH03,A,RCP_C,Thickness,99.531,100.0,98.0,102.0
2026-07-02 09:17:00,LOT021,W14,P300,ETCH,ETCH03,B,RCP_C,Thickness,98.993,100.0,98.0,102.0
2026-07-02 09:18:00,LOT021,W15,P300,ETCH,ETCH03,B,RCP_C,Thickness,99.028,100.0,98.0,102.0
2026-07-02 09:19:00,LOT021,W16,P300,ETCH,ETCH03,B,RCP_C,Thickness,98.821,100.0,98.0,102.0
2026-07-02 09:20:00,LOT021,W17,P300,ETCH,ETCH03,A,RCP_C,Thickness,99.11,100.0,98.0,102.0
2026-07-02 09:21:00,LOT021,W18,P300,ETCH,ETCH03,B,RCP_C,Thickness,98.522,100.0,98.0,102.0
2026-07-02 09:22:00,LOT021,W19,P300,ETCH,ETCH03,A,RCP_C,Thickness,99.918,100.0,98.0,102.0
2026-07-02 09:23:00,LOT021,W20,P300,ETCH,ETCH03,B,RCP_C,Thickness,99.242,100.0,98.0,102.0
2026-07-02 09:24:00,LOT021,W21,P300,ETCH,ETCH03,B,RCP_C,Thickness,98.322,100.0,98.0,102.0
2026-07-02 09:25:00,LOT021,W22,P300,ETCH,ETCH03,A,RCP_C,Thickness,99.503,100.0,98.0,102.0
2026-07-02 09:26:00,LOT021,W23,P300,ETCH,ETCH03,B,RCP_C,Thickness,99.858,100.0,98.0,102.0
2026-07-02 09:27:00,LOT021,W24,P300,ETCH,ETCH03,B,RCP_C,Thickness,99.299,100.0,98.0,102.0
2026-07-02 09:28:00,LOT021,W25,P300,ETCH,ETCH03,A,RCP_C,Thickness,99.516,100.0,98.0,102.0
2026-07-02 09:07:00,LOT022,W01,P100,ETCH,ETCH01,B,RCP_A,Thickness,100.217,100.0,98.0,102.0
2026-07-02 09:08:00,LOT022,W02,P100,ETCH,ETCH01,B,RCP_A,Thickness,100.455,100.0,98.0,102.0
2026-07-02 09:09:00,LOT022,W03,P100,ETCH,ETCH01,A,RCP_A,Thickness,100.475,100.0,98.0,102.0
2026-07-02 09:10:00,LOT022,W04,P100,ETCH,ETCH01,A,RCP_A,Thickness,99.299,100.0,98.0,102.0
2026-07-02 09:11:00,LOT022,W05,P100,ETCH,ETCH01,A,RCP_A,Thickness,100.316,100.0,98.0,102.0
2026-07-02 09:12:00,LOT022,W06,P100,ETCH,ETCH01,B,RCP_A,Thickness,100.158,100.0,98.0,102.0
2026-07-02 09:13:00,LOT022,W07,P100,ETCH,ETCH01,B,RCP_A,Thickness,100.266,100.0,98.0,102.0
2026-07-02 09:14:00,LOT022,W08,P100,ETCH,ETCH01,B,RCP_A,Thickness,100.151,100.0,98.0,102.0
2026-07-02 09:15:00,LOT022,W09,P100,ETCH,ETCH01,B,RCP_A,Thickness,99.781,100.0,98.0,102.0
2026-07-02 09:16:00,LOT022,W10,P100,ETCH,ETCH01,B,RCP_A,Thickness,99.883,100.0,98.0,102.0
2026-07-02 09:17:00,LOT022,W11,P100,ETCH,ETCH01,A,RCP_A,Thickness,99.898,100.0,98.0,102.0
2026-07-02 09:18:00,LOT022,W12,P100,ETCH,ETCH01,B,RCP_A,Thickness,100.248,100.0,98.0,102.0
2026-07-02 09:19:00,LOT022,W13,P100,ETCH,ETCH01,A,RCP_A,Thickness,99.623,100.0,98.0,102.0
2026-07-02 09:20:00,LOT022,W14,P100,ETCH,ETCH01,B,RCP_A,Thickness,99.652,100.0,98.0,102.0
2026-07-02 09:21:00,LOT022,W15,P100,ETCH,ETCH01,A,RCP_A,Thickness,99.514,100.0,98.0,102.0
2026-07-02 09:22:00,LOT022,W16,P100,ETCH,ETCH01,B,RCP_A,Thickness,99.814,100.0,98.0,102.0
2026-07-02 09:23:00,LOT022,W17,P100,ETCH,ETCH01,B,RCP_A,Thickness,99.769,100.0,98.0,102.0
2026-07-02 09:24:00,LOT022,W18,P100,ETCH,ETCH01,A,RCP_A,Thickness,99.923,100.0,98.0,102.0
2026-07-02 09:25:00,LOT022,W19,P100,ETCH,ETCH01,B,RCP_A,Thickness,99.81,100.0,98.0,102.0
2026-07-02 09:26:00,LOT022,W20,P100,ETCH,ETCH01,A,RCP_A,Thickness,99.787,100.0,98.0,102.0
2026-07-02 09:27:00,LOT022,W21,P100,ETCH,ETCH01,B,RCP_A,Thickness,100.515,100.0,98.0,102.0
2026-07-02 09:28:00,LOT022,W22,P100,ETCH,ETCH01,A,RCP_A,Thickness,100.028,100.0,98.0,102.0
2026-07-02 09:29:00,LOT022,W23,P100,ETCH,ETCH01,A,RCP_A,Thickness,99.58,100.0,98.0,102.0
2026-07-02 09:30:00,LOT022,W24,P100,ETCH,ETCH01,B,RCP_A,Thickness,99.817,100.0,98.0,102.0
2026-07-02 09:31:00,LOT022,W25,P100,ETCH,ETCH01,B,RCP_A,Thickness,100.06,100.0,98.0,102.0
2026-07-02 09:10:00,LOT023,W01,P200,ETCH,ETCH02,B,RCP_B,Thickness,101.058,100.0,98.0,102.0
2026-07-02 09:11:00,LOT023,W02,P200,ETCH,ETCH02,B,RCP_B,Thickness,101.751,100.0,98.0,102.0
2026-07-02 09:12:00,LOT023,W03,P200,ETCH,ETCH02,B,RCP_B,Thickness,101.126,100.0,98.0,102.0
2026-07-02 09:13:00,LOT023,W04,P200,ETCH,ETCH02,B,RCP_B,Thickness,101.242,100.0,98.0,102.0
2026-07-02 09:14:00,LOT023,W05,P200,ETCH,ETCH02,B,RCP_B,Thickness,100.898,100.0,98.0,102.0
2026-07-02 09:15:00,LOT023,W06,P200,ETCH,ETCH02,B,RCP_B,Thickness,101.053,100.0,98.0,102.0
2026-07-02 09:16:00,LOT023,W07,P200,ETCH,ETCH02,A,RCP_B,Thickness,100.954,100.0,98.0,102.0
2026-07-02 09:17:00,LOT023,W08,P200,ETCH,ETCH02,B,RCP_B,Thickness,100.995,100.0,98.0,102.0
2026-07-02 09:18:00,LOT023,W09,P200,ETCH,ETCH02,A,RCP_B,Thickness,101.263,100.0,98.0,102.0
2026-07-02 09:19:00,LOT023,W10,P200,ETCH,ETCH02,B,RCP_B,Thickness,100.746,100.0,98.0,102.0
2026-07-02 09:20:00,LOT023,W11,P200,ETCH,ETCH02,B,RCP_B,Thickness,101.159,100.0,98.0,102.0
2026-07-02 09:21:00,LOT023,W12,P200,ETCH,ETCH02,B,RCP_B,Thickness,101.082,100.0,98.0,102.0
2026-07-02 09:22:00,LOT023,W13,P200,ETCH,ETCH02,A,RCP_B,Thickness,100.761,100.0,98.0,102.0
2026-07-02 09:23:00,LOT023,W14,P200,ETCH,ETCH02,A,RCP_B,Thickness,101.301,100.0,98.0,102.0
2026-07-02 09:24:00,LOT023,W15,P200,ETCH,ETCH02,A,RCP_B,Thickness,100.56,100.0,98.0,102.0
2026-07-02 09:25:00,LOT023,W16,P200,ETCH,ETCH02,B,RCP_B,Thickness,101.435,100.0,98.0,102.0
2026-07-02 09:26:00,LOT023,W17,P200,ETCH,ETCH02,A,RCP_B,Thickness,100.766,100.0,98.0,102.0
2026-07-02 09:27:00,LOT023,W18,P200,ETCH,ETCH02,A,RCP_B,Thickness,100.837,100.0,98.0,102.0
2026-07-02 09:28:00,LOT023,W19,P200,ETCH,ETCH02,B,RCP_B,Thickness,101.191,100.0,98.0,102.0
2026-07-02 09:29:00,LOT023,W20,P200,ETCH,ETCH02,A,RCP_B,Thickness,100.65,100.0,98.0,102.0
2026-07-02 09:30:00,LOT023,W21,P200,ETCH,ETCH02,B,RCP_B,Thickness,101.609,100.0,98.0,102.0
2026-07-02 09:31:00,LOT023,W22,P200,ETCH,ETCH02,B,RCP_B,Thickness,101.962,100.0,98.0,102.0
2026-07-02 09:32:00,LOT023,W23,P200,ETCH,ETCH02,B,RCP_B,Thickness,100.974,100.0,98.0,102.0
2026-07-02 09:33:00,LOT023,W24,P200,ETCH,ETCH02,B,RCP_B,Thickness,100.764,100.0,98.0,102.0
2026-07-02 09:34:00,LOT023,W25,P200,ETCH,ETCH02,A,RCP_B,Thickness,101.51,100.0,98.0,102.0
2026-07-02 09:13:00,LOT024,W01,P300,ETCH,ETCH03,A,RCP_C,Thickness,99.242,100.0,98.0,102.0
2026-07-02 09:14:00,LOT024,W02,P300,ETCH,ETCH03,B,RCP_C,Thickness,99.899,100.0,98.0,102.0
2026-07-02 09:15:00,LOT024,W03,P300,ETCH,ETCH03,A,RCP_C,Thickness,99.174,100.0,98.0,102.0
2026-07-02 09:16:00,LOT024,W04,P300,ETCH,ETCH03,B,RCP_C,Thickness,99.536,100.0,98.0,102.0
2026-07-02 09:17:00,LOT024,W05,P300,ETCH,ETCH03,B,RCP_C,Thickness,99.733,100.0,98.0,102.0
2026-07-02 09:18:00,LOT024,W06,P300,ETCH,ETCH03,A,RCP_C,Thickness,100.135,100.0,98.0,102.0
2026-07-02 09:19:00,LOT024,W07,P300,ETCH,ETCH03,A,RCP_C,Thickness,99.468,100.0,98.0,102.0
2026-07-02 09:20:00,LOT024,W08,P300,ETCH,ETCH03,B,RCP_C,Thickness,99.611,100.0,98.0,102.0
2026-07-02 09:21:00,LOT024,W09,P300,ETCH,ETCH03,B,RCP_C,Thickness,99.736,100.0,98.0,102.0
2026-07-02 09:22:00,LOT024,W10,P300,ETCH,ETCH03,A,RCP_C,Thickness,99.184,100.0,98.0,102.0
2026-07-02 09:23:00,LOT024,W11,P300,ETCH,ETCH03,B,RCP_C,Thickness,98.893,100.0,98.0,102.0
2026-07-02 09:24:00,LOT024,W12,P300,ETCH,ETCH03,B,RCP_C,Thickness,99.674,100.0,98.0,102.0
2026-07-02 09:25:00,LOT024,W13,P300,ETCH,ETCH03,B,RCP_C,Thickness,99.196,100.0,98.0,102.0
2026-07-02 09:26:00,LOT024,W14,P300,ETCH,ETCH03,B,RCP_C,Thickness,99.124,100.0,98.0,102.0
2026-07-02 09:27:00,LOT024,W15,P300,ETCH,ETCH03,B,RCP_C,Thickness,99.154,100.0,98.0,102.0
2026-07-02 09:28:00,LOT024,W16,P300,ETCH,ETCH03,B,RCP_C,Thickness,99.373,100.0,98.0,102.0
2026-07-02 09:29:00,LOT024,W17,P300,ETCH,ETCH03,B,RCP_C,Thickness,98.758,100.0,98.0,102.0
2026-07-02 09:30:00,LOT024,W18,P300,ETCH,ETCH03,B,RCP_C,Thickness,98.541,100.0,98.0,102.0
2026-07-02 09:31:00,LOT024,W19,P300,ETCH,ETCH03,B,RCP_C,Thickness,98.997,100.0,98.0,102.0
2026-07-02 09:32:00,LOT024,W20,P300,ETCH,ETCH03,B,RCP_C,Thickness,99.578,100.0,98.0,102.0
2026-07-02 09:33:00,LOT024,W21,P300,ETCH,ETCH03,A,RCP_C,Thickness,99.086,100.0,98.0,102.0
2026-07-02 09:34:00,LOT024,W22,P300,ETCH,ETCH03,B,RCP_C,Thickness,99.436,100.0,98.0,102.0
2026-07-02 09:35:00,LOT024,W23,P300,ETCH,ETCH03,B,RCP_C,Thickness,99.261,100.0,98.0,102.0
2026-07-02 09:36:00,LOT024,W24,P300,ETCH,ETCH03,A,RCP_C,Thickness,99.429,100.0,98.0,102.0
2026-07-02 09:37:00,LOT024,W25,P300,ETCH,ETCH03,B,RCP_C,Thickness,99.716,100.0,98.0,102.0
2026-07-03 09:16:00,LOT025,W01,P100,ETCH,ETCH01,A,RCP_A,Thickness,100.025,100.0,98.0,102.0
2026-07-03 09:17:00,LOT025,W02,P100,ETCH,ETCH01,A,RCP_A,Thickness,100.52,100.0,98.0,102.0
2026-07-03 09:18:00,LOT025,W03,P100,ETCH,ETCH01,B,RCP_A,Thickness,99.809,100.0,98.0,102.0
2026-07-03 09:19:00,LOT025,W04,P100,ETCH,ETCH01,A,RCP_A,Thickness,100.346,100.0,98.0,102.0
2026-07-03 09:20:00,LOT025,W05,P100,ETCH,ETCH01,A,RCP_A,Thickness,99.318,100.0,98.0,102.0
2026-07-03 09:21:00,LOT025,W06,P100,ETCH,ETCH01,B,RCP_A,Thickness,100.452,100.0,98.0,102.0
2026-07-03 09:22:00,LOT025,W07,P100,ETCH,ETCH01,B,RCP_A,Thickness,99.782,100.0,98.0,102.0
2026-07-03 09:23:00,LOT025,W08,P100,ETCH,ETCH01,A,RCP_A,Thickness,100.455,100.0,98.0,102.0
2026-07-03 09:24:00,LOT025,W09,P100,ETCH,ETCH01,A,RCP_A,Thickness,99.453,100.0,98.0,102.0
2026-07-03 09:25:00,LOT025,W10,P100,ETCH,ETCH01,A,RCP_A,Thickness,99.877,100.0,98.0,102.0
2026-07-03 09:26:00,LOT025,W11,P100,ETCH,ETCH01,A,RCP_A,Thickness,100.087,100.0,98.0,102.0
2026-07-03 09:27:00,LOT025,W12,P100,ETCH,ETCH01,B,RCP_A,Thickness,99.962,100.0,98.0,102.0
2026-07-03 09:28:00,LOT025,W13,P100,ETCH,ETCH01,B,RCP_A,Thickness,100.034,100.0,98.0,102.0
2026-07-03 09:29:00,LOT025,W14,P100,ETCH,ETCH01,A,RCP_A,Thickness,99.967,100.0,98.0,102.0
2026-07-03 09:30:00,LOT025,W15,P100,ETCH,ETCH01,B,RCP_A,Thickness,99.773,100.0,98.0,102.0
2026-07-03 09:31:00,LOT025,W16,P100,ETCH,ETCH01,B,RCP_A,Thickness,101.027,100.0,98.0,102.0
2026-07-03 09:32:00,LOT025,W17,P100,ETCH,ETCH01,A,RCP_A,Thickness,100.233,100.0,98.0,102.0
2026-07-03 09:33:00,LOT025,W18,P100,ETCH,ETCH01,A,RCP_A,Thickness,99.683,100.0,98.0,102.0
2026-07-03 09:34:00,LOT025,W19,P100,ETCH,ETCH01,B,RCP_A,Thickness,99.668,100.0,98.0,102.0
2026-07-03 09:35:00,LOT025,W20,P100,ETCH,ETCH01,B,RCP_A,Thickness,99.553,100.0,98.0,102.0
2026-07-03 09:36:00,LOT025,W21,P100,ETCH,ETCH01,A,RCP_A,Thickness,100.311,100.0,98.0,102.0
2026-07-03 09:37:00,LOT025,W22,P100,ETCH,ETCH01,B,RCP_A,Thickness,100.615,100.0,98.0,102.0
2026-07-03 09:38:00,LOT025,W23,P100,ETCH,ETCH01,A,RCP_A,Thickness,99.873,100.0,98.0,102.0
2026-07-03 09:39:00,LOT025,W24,P100,ETCH,ETCH01,B,RCP_A,Thickness,100.091,100.0,98.0,102.0
2026-07-03 09:40:00,LOT025,W25,P100,ETCH,ETCH01,A,RCP_A,Thickness,100.344,100.0,98.0,102.0
2026-07-03 09:19:00,LOT026,W01,P200,ETCH,ETCH02,B,RCP_B,Thickness,101.065,100.0,98.0,102.0
2026-07-03 09:20:00,LOT026,W02,P200,ETCH,ETCH02,B,RCP_B,Thickness,100.653,100.0,98.0,102.0
2026-07-03 09:21:00,LOT026,W03,P200,ETCH,ETCH02,B,RCP_B,Thickness,100.824,100.0,98.0,102.0
2026-07-03 09:22:00,LOT026,W04,P200,ETCH,ETCH02,A,RCP_B,Thickness,100.857,100.0,98.0,102.0
2026-07-03 09:23:00,LOT026,W05,P200,ETCH,ETCH02,B,RCP_B,Thickness,100.709,100.0,98.0,102.0
2026-07-03 09:24:00,LOT026,W06,P200,ETCH,ETCH02,B,RCP_B,Thickness,100.884,100.0,98.0,102.0
2026-07-03 09:25:00,LOT026,W07,P200,ETCH,ETCH02,B,RCP_B,Thickness,101.233,100.0,98.0,102.0
2026-07-03 09:26:00,LOT026,W08,P200,ETCH,ETCH02,B,RCP_B,Thickness,100.669,100.0,98.0,102.0
2026-07-03 09:27:00,LOT026,W09,P200,ETCH,ETCH02,A,RCP_B,Thickness,101.273,100.0,98.0,102.0
2026-07-03 09:28:00,LOT026,W10,P200,ETCH,ETCH02,A,RCP_B,Thickness,100.627,100.0,98.0,102.0
2026-07-03 09:29:00,LOT026,W11,P200,ETCH,ETCH02,A,RCP_B,Thickness,100.982,100.0,98.0,102.0
2026-07-03 09:30:00,LOT026,W12,P200,ETCH,ETCH02,A,RCP_B,Thickness,100.871,100.0,98.0,102.0
2026-07-03 09:31:00,LOT026,W13,P200,ETCH,ETCH02,B,RCP_B,Thickness,100.962,100.0,98.0,102.0
2026-07-03 09:32:00,LOT026,W14,P200,ETCH,ETCH02,A,RCP_B,Thickness,100.966,100.0,98.0,102.0
2026-07-03 09:33:00,LOT026,W15,P200,ETCH,ETCH02,B,RCP_B,Thickness,100.653,100.0,98.0,102.0
2026-07-03 09:34:00,LOT026,W16,P200,ETCH,ETCH02,B,RCP_B,Thickness,101.295,100.0,98.0,102.0
2026-07-03 09:35:00,LOT026,W17,P200,ETCH,ETCH02,B,RCP_B,Thickness,101.317,100.0,98.0,102.0
2026-07-03 09:36:00,LOT026,W18,P200,ETCH,ETCH02,B,RCP_B,Thickness,100.991,100.0,98.0,102.0
2026-07-03 09:37:00,LOT026,W19,P200,ETCH,ETCH02,A,RCP_B,Thickness,100.704,100.0,98.0,102.0
2026-07-03 09:38:00,LOT026,W20,P200,ETCH,ETCH02,A,RCP_B,Thickness,100.568,100.0,98.0,102.0
2026-07-03 09:39:00,LOT026,W21,P200,ETCH,ETCH02,A,RCP_B,Thickness,101.301,100.0,98.0,102.0
2026-07-03 09:40:00,LOT026,W22,P200,ETCH,ETCH02,A,RCP_B,Thickness,101.444,100.0,98.0,102.0
2026-07-03 09:41:00,LOT026,W23,P200,ETCH,ETCH02,A,RCP_B,Thickness,101.016,100.0,98.0,102.0
2026-07-03 09:42:00,LOT026,W24,P200,ETCH,ETCH02,B,RCP_B,Thickness,100.53,100.0,98.0,102.0
2026-07-03 09:43:00,LOT026,W25,P200,ETCH,ETCH02,B,RCP_B,Thickness,101.573,100.0,98.0,102.0
2026-07-03 09:22:00,LOT027,W01,P300,ETCH,ETCH03,A,RCP_C,Thickness,99.116,100.0,98.0,102.0
2026-07-03 09:23:00,LOT027,W02,P300,ETCH,ETCH03,B,RCP_C,Thickness,99.034,100.0,98.0,102.0
2026-07-03 09:24:00,LOT027,W03,P300,ETCH,ETCH03,A,RCP_C,Thickness,99.599,100.0,98.0,102.0
2026-07-03 09:25:00,LOT027,W04,P300,ETCH,ETCH03,B,RCP_C,Thickness,98.794,100.0,98.0,102.0
2026-07-03 09:26:00,LOT027,W05,P300,ETCH,ETCH03,B,RCP_C,Thickness,98.661,100.0,98.0,102.0
2026-07-03 09:27:00,LOT027,W06,P300,ETCH,ETCH03,B,RCP_C,Thickness,99.17,100.0,98.0,102.0
2026-07-03 09:28:00,LOT027,W07,P300,ETCH,ETCH03,A,RCP_C,Thickness,99.819,100.0,98.0,102.0
2026-07-03 09:29:00,LOT027,W08,P300,ETCH,ETCH03,B,RCP_C,Thickness,99.084,100.0,98.0,102.0
2026-07-03 09:30:00,LOT027,W09,P300,ETCH,ETCH03,A,RCP_C,Thickness,99.308,100.0,98.0,102.0
2026-07-03 09:31:00,LOT027,W10,P300,ETCH,ETCH03,B,RCP_C,Thickness,99.43,100.0,98.0,102.0
2026-07-03 09:32:00,LOT027,W11,P300,ETCH,ETCH03,A,RCP_C,Thickness,99.303,100.0,98.0,102.0
2026-07-03 09:33:00,LOT027,W12,P300,ETCH,ETCH03,A,RCP_C,Thickness,99.405,100.0,98.0,102.0
2026-07-03 09:34:00,LOT027,W13,P300,ETCH,ETCH03,A,RCP_C,Thickness,100.007,100.0,98.0,102.0
2026-07-03 09:35:00,LOT027,W14,P300,ETCH,ETCH03,B,RCP_C,Thickness,100.156,100.0,98.0,102.0
2026-07-03 09:36:00,LOT027,W15,P300,ETCH,ETCH03,B,RCP_C,Thickness,99.359,100.0,98.0,102.0
2026-07-03 09:37:00,LOT027,W16,P300,ETCH,ETCH03,A,RCP_C,Thickness,100.013,100.0,98.0,102.0
2026-07-03 09:38:00,LOT027,W17,P300,ETCH,ETCH03,B,RCP_C,Thickness,100.091,100.0,98.0,102.0
2026-07-03 09:39:00,LOT027,W18,P300,ETCH,ETCH03,A,RCP_C,Thickness,99.619,100.0,98.0,102.0
2026-07-03 09:40:00,LOT027,W19,P300,ETCH,ETCH03,B,RCP_C,Thickness,99.198,100.0,98.0,102.0
2026-07-03 09:41:00,LOT027,W20,P300,ETCH,ETCH03,B,RCP_C,Thickness,99.263,100.0,98.0,102.0
2026-07-03 09:42:00,LOT027,W21,P300,ETCH,ETCH03,B,RCP_C,Thickness,99.181,100.0,98.0,102.0
2026-07-03 09:43:00,LOT027,W22,P300,ETCH,ETCH03,A,RCP_C,Thickness,98.962,100.0,98.0,102.0
2026-07-03 09:44:00,LOT027,W23,P300,ETCH,ETCH03,B,RCP_C,Thickness,99.314,100.0,98.0,102.0
2026-07-03 09:45:00,LOT027,W24,P300,ETCH,ETCH03,A,RCP_C,Thickness,99.55,100.0,98.0,102.0
2026-07-03 09:46:00,LOT027,W25,P300,ETCH,ETCH03,A,RCP_C,Thickness,98.452,100.0,98.0,102.0
2026-07-03 09:25:00,LOT028,W01,P100,ETCH,ETCH01,A,RCP_A,Thickness,99.65,100.0,98.0,102.0
2026-07-03 09:26:00,LOT028,W02,P100,ETCH,ETCH01,B,RCP_A,Thickness,100.146,100.0,98.0,102.0
2026-07-03 09:27:00,LOT028,W03,P100,ETCH,ETCH01,B,RCP_A,Thickness,100.483,100.0,98.0,102.0
2026-07-03 09:28:00,LOT028,W04,P100,ETCH,ETCH01,A,RCP_A,Thickness,100.323,100.0,98.0,102.0
2026-07-03 09:29:00,LOT028,W05,P100,ETCH,ETCH01,A,RCP_A,Thickness,100.108,100.0,98.0,102.0
2026-07-03 09:30:00,LOT028,W06,P100,ETCH,ETCH01,A,RCP_A,Thickness,100.157,100.0,98.0,102.0
2026-07-03 09:31:00,LOT028,W07,P100,ETCH,ETCH01,A,RCP_A,Thickness,99.561,100.0,98.0,102.0
2026-07-03 09:32:00,LOT028,W08,P100,ETCH,ETCH01,B,RCP_A,Thickness,99.749,100.0,98.0,102.0
2026-07-03 09:33:00,LOT028,W09,P100,ETCH,ETCH01,A,RCP_A,Thickness,100.724,100.0,98.0,102.0
2026-07-03 09:34:00,LOT028,W10,P100,ETCH,ETCH01,A,RCP_A,Thickness,99.989,100.0,98.0,102.0
2026-07-03 09:35:00,LOT028,W11,P100,ETCH,ETCH01,A,RCP_A,Thickness,99.414,100.0,98.0,102.0
2026-07-03 09:36:00,LOT028,W12,P100,ETCH,ETCH01,A,RCP_A,Thickness,99.427,100.0,98.0,102.0
2026-07-03 09:37:00,LOT028,W13,P100,ETCH,ETCH01,B,RCP_A,Thickness,99.806,100.0,98.0,102.0
2026-07-03 09:38:00,LOT028,W14,P100,ETCH,ETCH01,B,RCP_A,Thickness,99.591,100.0,98.0,102.0
2026-07-03 09:39:00,LOT028,W15,P100,ETCH,ETCH01,B,RCP_A,Thickness,99.967,100.0,98.0,102.0
2026-07-03 09:40:00,LOT028,W16,P100,ETCH,ETCH01,B,RCP_A,Thickness,100.289,100.0,98.0,102.0
2026-07-03 09:41:00,LOT028,W17,P100,ETCH,ETCH01,A,RCP_A,Thickness,99.827,100.0,98.0,102.0
2026-07-03 09:42:00,LOT028,W18,P100,ETCH,ETCH01,A,RCP_A,Thickness,99.945,100.0,98.0,102.0
2026-07-03 09:43:00,LOT028,W19,P100,ETCH,ETCH01,B,RCP_A,Thickness,100.816,100.0,98.0,102.0
2026-07-03 09:44:00,LOT028,W20,P100,ETCH,ETCH01,A,RCP_A,Thickness,99.835,100.0,98.0,102.0
2026-07-03 09:45:00,LOT028,W21,P100,ETCH,ETCH01,B,RCP_A,Thickness,100.3,100.0,98.0,102.0
2026-07-03 09:46:00,LOT028,W22,P100,ETCH,ETCH01,B,RCP_A,Thickness,99.97,100.0,98.0,102.0
2026-07-03 09:47:00,LOT028,W23,P100,ETCH,ETCH01,B,RCP_A,Thickness,100.649,100.0,98.0,102.0
2026-07-03 09:48:00,LOT028,W24,P100,ETCH,ETCH01,B,RCP_A,Thickness,100.271,100.0,98.0,102.0
2026-07-03 09:49:00,LOT028,W25,P100,ETCH,ETCH01,A,RCP_A,Thickness,100.488,100.0,98.0,102.0
2026-07-03 09:28:00,LOT029,W01,P200,ETCH,ETCH02,A,RCP_B,Thickness,101.539,100.0,98.0,102.0
2026-07-03 09:29:00,LOT029,W02,P200,ETCH,ETCH02,B,RCP_B,Thickness,100.874,100.0,98.0,102.0
2026-07-03 09:30:00,LOT029,W03,P200,ETCH,ETCH02,A,RCP_B,Thickness,101.232,100.0,98.0,102.0
2026-07-03 09:31:00,LOT029,W04,P200,ETCH,ETCH02,B,RCP_B,Thickness,101.133,100.0,98.0,102.0
2026-07-03 09:32:00,LOT029,W05,P200,ETCH,ETCH02,B,RCP_B,Thickness,101.016,100.0,98.0,102.0
2026-07-03 09:33:00,LOT029,W06,P200,ETCH,ETCH02,B,RCP_B,Thickness,100.998,100.0,98.0,102.0
2026-07-03 09:34:00,LOT029,W07,P200,ETCH,ETCH02,B,RCP_B,Thickness,100.77,100.0,98.0,102.0
2026-07-03 09:35:00,LOT029,W08,P200,ETCH,ETCH02,B,RCP_B,Thickness,100.986,100.0,98.0,102.0
2026-07-03 09:36:00,LOT029,W09,P200,ETCH,ETCH02,A,RCP_B,Thickness,101.173,100.0,98.0,102.0
2026-07-03 09:37:00,LOT029,W10,P200,ETCH,ETCH02,A,RCP_B,Thickness,101.148,100.0,98.0,102.0
2026-07-03 09:38:00,LOT029,W11,P200,ETCH,ETCH02,B,RCP_B,Thickness,101.16,100.0,98.0,102.0
2026-07-03 09:39:00,LOT029,W12,P200,ETCH,ETCH02,B,RCP_B,Thickness,100.797,100.0,98.0,102.0
2026-07-03 09:40:00,LOT029,W13,P200,ETCH,ETCH02,B,RCP_B,Thickness,100.073,100.0,98.0,102.0
2026-07-03 09:41:00,LOT029,W14,P200,ETCH,ETCH02,A,RCP_B,Thickness,100.627,100.0,98.0,102.0
2026-07-03 09:42:00,LOT029,W15,P200,ETCH,ETCH02,A,RCP_B,Thickness,101.334,100.0,98.0,102.0
2026-07-03 09:43:00,LOT029,W16,P200,ETCH,ETCH02,A,RCP_B,Thickness,101.239,100.0,98.0,102.0
2026-07-03 09:44:00,LOT029,W17,P200,ETCH,ETCH02,A,RCP_B,Thickness,101.637,100.0,98.0,102.0
2026-07-03 09:45:00,LOT029,W18,P200,ETCH,ETCH02,B,RCP_B,Thickness,101.386,100.0,98.0,102.0
2026-07-03 09:46:00,LOT029,W19,P200,ETCH,ETCH02,A,RCP_B,Thickness,101.67,100.0,98.0,102.0
2026-07-03 09:47:00,LOT029,W20,P200,ETCH,ETCH02,B,RCP_B,Thickness,100.568,100.0,98.0,102.0
2026-07-03 09:48:00,LOT029,W21,P200,ETCH,ETCH02,A,RCP_B,Thickness,100.936,100.0,98.0,102.0
2026-07-03 09:49:00,LOT029,W22,P200,ETCH,ETCH02,A,RCP_B,Thickness,100.79,100.0,98.0,102.0
2026-07-03 09:50:00,LOT029,W23,P200,ETCH,ETCH02,B,RCP_B,Thickness,101.287,100.0,98.0,102.0
2026-07-03 09:51:00,LOT029,W24,P200,ETCH,ETCH02,B,RCP_B,Thickness,101.073,100.0,98.0,102.0
2026-07-03 09:52:00,LOT029,W25,P200,ETCH,ETCH02,B,RCP_B,Thickness,101.186,100.0,98.0,102.0
2026-07-03 09:31:00,LOT030,W01,P300,ETCH,ETCH03,B,RCP_C,Thickness,99.521,100.0,98.0,102.0
2026-07-03 09:32:00,LOT030,W02,P300,ETCH,ETCH03,B,RCP_C,Thickness,98.872,100.0,98.0,102.0
2026-07-03 09:33:00,LOT030,W03,P300,ETCH,ETCH03,A,RCP_C,Thickness,99.683,100.0,98.0,102.0
2026-07-03 09:34:00,LOT030,W04,P300,ETCH,ETCH03,B,RCP_C,Thickness,99.654,100.0,98.0,102.0
2026-07-03 09:35:00,LOT030,W05,P300,ETCH,ETCH03,B,RCP_C,Thickness,99.424,100.0,98.0,102.0
2026-07-03 09:36:00,LOT030,W06,P300,ETCH,ETCH03,B,RCP_C,Thickness,99.605,100.0,98.0,102.0
2026-07-03 09:37:00,LOT030,W07,P300,ETCH,ETCH03,B,RCP_C,Thickness,99.24,100.0,98.0,102.0
2026-07-03 09:38:00,LOT030,W08,P300,ETCH,ETCH03,B,RCP_C,Thickness,98.979,100.0,98.0,102.0
2026-07-03 09:39:00,LOT030,W09,P300,ETCH,ETCH03,B,RCP_C,Thickness,99.189,100.0,98.0,102.0
2026-07-03 09:40:00,LOT030,W10,P300,ETCH,ETCH03,B,RCP_C,Thickness,99.464,100.0,98.0,102.0
2026-07-03 09:41:00,LOT030,W11,P300,ETCH,ETCH03,A,RCP_C,Thickness,98.772,100.0,98.0,102.0
2026-07-03 09:42:00,LOT030,W12,P300,ETCH,ETCH03,A,RCP_C,Thickness,99.28,100.0,98.0,102.0
2026-07-03 09:43:00,LOT030,W13,P300,ETCH,ETCH03,A,RCP_C,Thickness,98.995,100.0,98.0,102.0
2026-07-03 09:44:00,LOT030,W14,P300,ETCH,ETCH03,B,RCP_C,Thickness,99.123,100.0,98.0,102.0
2026-07-03 09:45:00,LOT030,W15,P300,ETCH,ETCH03,A,RCP_C,Thickness,99.514,100.0,98.0,102.0
2026-07-03 09:46:00,LOT030,W16,P300,ETCH,ETCH03,B,RCP_C,Thickness,99.421,100.0,98.0,102.0
2026-07-03 09:47:00,LOT030,W17,P300,ETCH,ETCH03,B,RCP_C,Thickness,99.392,100.0,98.0,102.0
2026-07-03 09:48:00,LOT030,W18,P300,ETCH,ETCH03,A,RCP_C,Thickness,99.21,100.0,98.0,102.0
2026-07-03 09:49:00,LOT030,W19,P300,ETCH,ETCH03,A,RCP_C,Thickness,99.635,100.0,98.0,102.0
2026-07-03 09:50:00,LOT030,W20,P300,ETCH,ETCH03,A,RCP_C,Thickness,99.216,100.0,98.0,102.0
2026-07-03 09:51:00,LOT030,W21,P300,ETCH,ETCH03,B,RCP_C,Thickness,99.104,100.0,98.0,102.0
2026-07-03 09:52:00,LOT030,W22,P300,ETCH,ETCH03,A,RCP_C,Thickness,99.44,100.0,98.0,102.0
2026-07-03 09:53:00,LOT030,W23,P300,ETCH,ETCH03,A,RCP_C,Thickness,99.544,100.0,98.0,102.0
2026-07-03 09:54:00,LOT030,W24,P300,ETCH,ETCH03,A,RCP_C,Thickness,99.226,100.0,98.0,102.0
2026-07-03 09:55:00,LOT030,W25,P300,ETCH,ETCH03,B,RCP_C,Thickness,98.897,100.0,98.0,102.0
2026-07-03 09:34:00,LOT031,W01,P100,ETCH,ETCH01,B,RCP_A,Thickness,100.351,100.0,98.0,102.0
2026-07-03 09:35:00,LOT031,W02,P100,ETCH,ETCH01,B,RCP_A,Thickness,100.015,100.0,98.0,102.0
2026-07-03 09:36:00,LOT031,W03,P100,ETCH,ETCH01,B,RCP_A,Thickness,99.654,100.0,98.0,102.0
2026-07-03 09:37:00,LOT031,W04,P100,ETCH,ETCH01,A,RCP_A,Thickness,100.136,100.0,98.0,102.0
2026-07-03 09:38:00,LOT031,W05,P100,ETCH,ETCH01,A,RCP_A,Thickness,99.783,100.0,98.0,102.0
2026-07-03 09:39:00,LOT031,W06,P100,ETCH,ETCH01,B,RCP_A,Thickness,100.029,100.0,98.0,102.0
2026-07-03 09:40:00,LOT031,W07,P100,ETCH,ETCH01,B,RCP_A,Thickness,100.598,100.0,98.0,102.0
2026-07-03 09:41:00,LOT031,W08,P100,ETCH,ETCH01,B,RCP_A,Thickness,99.877,100.0,98.0,102.0
2026-07-03 09:42:00,LOT031,W09,P100,ETCH,ETCH01,B,RCP_A,Thickness,99.463,100.0,98.0,102.0
2026-07-03 09:43:00,LOT031,W10,P100,ETCH,ETCH01,A,RCP_A,Thickness,100.609,100.0,98.0,102.0
2026-07-03 09:44:00,LOT031,W11,P100,ETCH,ETCH01,A,RCP_A,Thickness,100.373,100.0,98.0,102.0
2026-07-03 09:45:00,LOT031,W12,P100,ETCH,ETCH01,B,RCP_A,Thickness,99.887,100.0,98.0,102.0
2026-07-03 09:46:00,LOT031,W13,P100,ETCH,ETCH01,A,RCP_A,Thickness,100.262,100.0,98.0,102.0
2026-07-03 09:47:00,LOT031,W14,P100,ETCH,ETCH01,B,RCP_A,Thickness,99.434,100.0,98.0,102.0
2026-07-03 09:48:00,LOT031,W15,P100,ETCH,ETCH01,B,RCP_A,Thickness,100.026,100.0,98.0,102.0
2026-07-03 09:49:00,LOT031,W16,P100,ETCH,ETCH01,B,RCP_A,Thickness,100.513,100.0,98.0,102.0
2026-07-03 09:50:00,LOT031,W17,P100,ETCH,ETCH01,B,RCP_A,Thickness,99.624,100.0,98.0,102.0
2026-07-03 09:51:00,LOT031,W18,P100,ETCH,ETCH01,B,RCP_A,Thickness,99.786,100.0,98.0,102.0
2026-07-03 09:52:00,LOT031,W19,P100,ETCH,ETCH01,B,RCP_A,Thickness,99.808,100.0,98.0,102.0
2026-07-03 09:53:00,LOT031,W20,P100,ETCH,ETCH01,A,RCP_A,Thickness,99.389,100.0,98.0,102.0
2026-07-03 09:54:00,LOT031,W21,P100,ETCH,ETCH01,A,RCP_A,Thickness,99.82,100.0,98.0,102.0
2026-07-03 09:55:00,LOT031,W22,P100,ETCH,ETCH01,A,RCP_A,Thickness,99.726,100.0,98.0,102.0
2026-07-03 09:56:00,LOT031,W23,P100,ETCH,ETCH01,B,RCP_A,Thickness,100.307,100.0,98.0,102.0
2026-07-03 09:57:00,LOT031,W24,P100,ETCH,ETCH01,A,RCP_A,Thickness,99.935,100.0,98.0,102.0
2026-07-03 09:58:00,LOT031,W25,P100,ETCH,ETCH01,B,RCP_A,Thickness,100.102,100.0,98.0,102.0
2026-07-03 09:37:00,LOT032,W01,P200,ETCH,ETCH02,A,RCP_B,Thickness,101.621,100.0,98.0,102.0
2026-07-03 09:38:00,LOT032,W02,P200,ETCH,ETCH02,B,RCP_B,Thickness,100.536,100.0,98.0,102.0
2026-07-03 09:39:00,LOT032,W03,P200,ETCH,ETCH02,A,RCP_B,Thickness,101.171,100.0,98.0,102.0
2026-07-03 09:40:00,LOT032,W04,P200,ETCH,ETCH02,A,RCP_B,Thickness,100.759,100.0,98.0,102.0
2026-07-03 09:41:00,LOT032,W05,P200,ETCH,ETCH02,A,RCP_B,Thickness,101.082,100.0,98.0,102.0
2026-07-03 09:42:00,LOT032,W06,P200,ETCH,ETCH02,A,RCP_B,Thickness,100.864,100.0,98.0,102.0
2026-07-03 09:43:00,LOT032,W07,P200,ETCH,ETCH02,B,RCP_B,Thickness,101.312,100.0,98.0,102.0
2026-07-03 09:44:00,LOT032,W08,P200,ETCH,ETCH02,A,RCP_B,Thickness,100.55,100.0,98.0,102.0
2026-07-03 09:45:00,LOT032,W09,P200,ETCH,ETCH02,B,RCP_B,Thickness,101.255,100.0,98.0,102.0
2026-07-03 09:46:00,LOT032,W10,P200,ETCH,ETCH02,A,RCP_B,Thickness,101.368,100.0,98.0,102.0
2026-07-03 09:47:00,LOT032,W11,P200,ETCH,ETCH02,A,RCP_B,Thickness,101.095,100.0,98.0,102.0
2026-07-03 09:48:00,LOT032,W12,P200,ETCH,ETCH02,A,RCP_B,Thickness,100.609,100.0,98.0,102.0
2026-07-03 09:49:00,LOT032,W13,P200,ETCH,ETCH02,B,RCP_B,Thickness,101.006,100.0,98.0,102.0
2026-07-03 09:50:00,LOT032,W14,P200,ETCH,ETCH02,A,RCP_B,Thickness,101.196,100.0,98.0,102.0
2026-07-03 09:51:00,LOT032,W15,P200,ETCH,ETCH02,B,RCP_B,Thickness,100.579,100.0,98.0,102.0
2026-07-03 09:52:00,LOT032,W16,P200,ETCH,ETCH02,A,RCP_B,Thickness,97.198,100.0,98.0,102.0
2026-07-03 09:53:00,LOT032,W17,P200,ETCH,ETCH02,A,RCP_B,Thickness,101.166,100.0,98.0,102.0
2026-07-03 09:54:00,LOT032,W18,P200,ETCH,ETCH02,A,RCP_B,Thickness,100.495,100.0,98.0,102.0
2026-07-03 09:55:00,LOT032,W19,P200,ETCH,ETCH02,B,RCP_B,Thickness,100.757,100.0,98.0,102.0
2026-07-03 09:56:00,LOT032,W20,P200,ETCH,ETCH02,B,RCP_B,Thickness,101.444,100.0,98.0,102.0
2026-07-03 09:57:00,LOT032,W21,P200,ETCH,ETCH02,B,RCP_B,Thickness,101.392,100.0,98.0,102.0
2026-07-03 09:58:00,LOT032,W22,P200,ETCH,ETCH02,B,RCP_B,Thickness,100.774,100.0,98.0,102.0
2026-07-03 09:59:00,LOT032,W23,P200,ETCH,ETCH02,A,RCP_B,Thickness,100.882,100.0,98.0,102.0
2026-07-03 10:00:00,LOT032,W24,P200,ETCH,ETCH02,B,RCP_B,Thickness,101.458,100.0,98.0,102.0
2026-07-03 10:01:00,LOT032,W25,P200,ETCH,ETCH02,B,RCP_B,Thickness,100.821,100.0,98.0,102.0
2026-07-03 09:40:00,LOT033,W01,P300,ETCH,ETCH03,B,RCP_C,Thickness,99.551,100.0,98.0,102.0
2026-07-03 09:41:00,LOT033,W02,P300,ETCH,ETCH03,B,RCP_C,Thickness,99.527,100.0,98.0,102.0
2026-07-03 09:42:00,LOT033,W03,P300,ETCH,ETCH03,A,RCP_C,Thickness,98.973,100.0,98.0,102.0
2026-07-03 09:43:00,LOT033,W04,P300,ETCH,ETCH03,A,RCP_C,Thickness,99.134,100.0,98.0,102.0
2026-07-03 09:44:00,LOT033,W05,P300,ETCH,ETCH03,B,RCP_C,Thickness,99.246,100.0,98.0,102.0
2026-07-03 09:45:00,LOT033,W06,P300,ETCH,ETCH03,A,RCP_C,Thickness,99.519,100.0,98.0,102.0
2026-07-03 09:46:00,LOT033,W07,P300,ETCH,ETCH03,A,RCP_C,Thickness,99.07,100.0,98.0,102.0
2026-07-03 09:47:00,LOT033,W08,P300,ETCH,ETCH03,B,RCP_C,Thickness,99.322,100.0,98.0,102.0
2026-07-03 09:48:00,LOT033,W09,P300,ETCH,ETCH03,B,RCP_C,Thickness,98.722,100.0,98.0,102.0
2026-07-03 09:49:00,LOT033,W10,P300,ETCH,ETCH03,A,RCP_C,Thickness,99.639,100.0,98.0,102.0
2026-07-03 09:50:00,LOT033,W11,P300,ETCH,ETCH03,A,RCP_C,Thickness,99.227,100.0,98.0,102.0
2026-07-03 09:51:00,LOT033,W12,P300,ETCH,ETCH03,A,RCP_C,Thickness,99.571,100.0,98.0,102.0
2026-07-03 09:52:00,LOT033,W13,P300,ETCH,ETCH03,B,RCP_C,Thickness,99.137,100.0,98.0,102.0
2026-07-03 09:53:00,LOT033,W14,P300,ETCH,ETCH03,B,RCP_C,Thickness,99.247,100.0,98.0,102.0
2026-07-03 09:54:00,LOT033,W15,P300,ETCH,ETCH03,A,RCP_C,Thickness,99.324,100.0,98.0,102.0
2026-07-03 09:55:00,LOT033,W16,P300,ETCH,ETCH03,B,RCP_C,Thickness,98.923,100.0,98.0,102.0
2026-07-03 09:56:00,LOT033,W17,P300,ETCH,ETCH03,A,RCP_C,Thickness,98.906,100.0,98.0,102.0
2026-07-03 09:57:00,LOT033,W18,P300,ETCH,ETCH03,B,RCP_C,Thickness,100.576,100.0,98.0,102.0
2026-07-03 09:58:00,LOT033,W19,P300,ETCH,ETCH03,A,RCP_C,Thickness,98.262,100.0,98.0,102.0
2026-07-03 09:59:00,LOT033,W20,P300,ETCH,ETCH03,A,RCP_C,Thickness,99.718,100.0,98.0,102.0
2026-07-03 10:00:00,LOT033,W21,P300,ETCH,ETCH03,B,RCP_C,Thickness,99.609,100.0,98.0,102.0
2026-07-03 10:01:00,LOT033,W22,P300,ETCH,ETCH03,A,RCP_C,Thickness,98.932,100.0,98.0,102.0
2026-07-03 10:02:00,LOT033,W23,P300,ETCH,ETCH03,A,RCP_C,Thickness,99.455,100.0,98.0,102.0
2026-07-03 10:03:00,LOT033,W24,P300,ETCH,ETCH03,A,RCP_C,Thickness,98.873,100.0,98.0,102.0
2026-07-03 10:04:00,LOT033,W25,P300,ETCH,ETCH03,B,RCP_C,Thickness,99.232,100.0,98.0,102.0
2026-07-03 09:43:00,LOT034,W01,P100,ETCH,ETCH01,A,RCP_A,Thickness,100.268,100.0,98.0,102.0
2026-07-03 09:44:00,LOT034,W02,P100,ETCH,ETCH01,B,RCP_A,Thickness,100.955,100.0,98.0,102.0
2026-07-03 09:45:00,LOT034,W03,P100,ETCH,ETCH01,A,RCP_A,Thickness,99.465,100.0,98.0,102.0
2026-07-03 09:46:00,LOT034,W04,P100,ETCH,ETCH01,A,RCP_A,Thickness,100.001,100.0,98.0,102.0
2026-07-03 09:47:00,LOT034,W05,P100,ETCH,ETCH01,B,RCP_A,Thickness,100.552,100.0,98.0,102.0
2026-07-03 09:48:00,LOT034,W06,P100,ETCH,ETCH01,B,RCP_A,Thickness,99.764,100.0,98.0,102.0
2026-07-03 09:49:00,LOT034,W07,P100,ETCH,ETCH01,A,RCP_A,Thickness,99.756,100.0,98.0,102.0
2026-07-03 09:50:00,LOT034,W08,P100,ETCH,ETCH01,B,RCP_A,Thickness,99.756,100.0,98.0,102.0
2026-07-03 09:51:00,LOT034,W09,P100,ETCH,ETCH01,B,RCP_A,Thickness,99.326,100.0,98.0,102.0
2026-07-03 09:52:00,LOT034,W10,P100,ETCH,ETCH01,A,RCP_A,Thickness,100.461,100.0,98.0,102.0
2026-07-03 09:53:00,LOT034,W11,P100,ETCH,ETCH01,B,RCP_A,Thickness,99.502,100.0,98.0,102.0
2026-07-03 09:54:00,LOT034,W12,P100,ETCH,ETCH01,B,RCP_A,Thickness,100.367,100.0,98.0,102.0
2026-07-03 09:55:00,LOT034,W13,P100,ETCH,ETCH01,B,RCP_A,Thickness,99.496,100.0,98.0,102.0
2026-07-03 09:56:00,LOT034,W14,P100,ETCH,ETCH01,B,RCP_A,Thickness,99.924,100.0,98.0,102.0
2026-07-03 09:57:00,LOT034,W15,P100,ETCH,ETCH01,A,RCP_A,Thickness,100.653,100.0,98.0,102.0
2026-07-03 09:58:00,LOT034,W16,P100,ETCH,ETCH01,B,RCP_A,Thickness,100.177,100.0,98.0,102.0
2026-07-03 09:59:00,LOT034,W17,P100,ETCH,ETCH01,A,RCP_A,Thickness,99.28,100.0,98.0,102.0
2026-07-03 10:00:00,LOT034,W18,P100,ETCH,ETCH01,B,RCP_A,Thickness,100.802,100.0,98.0,102.0
2026-07-03 10:01:00,LOT034,W19,P100,ETCH,ETCH01,B,RCP_A,Thickness,103.882,100.0,98.0,102.0
2026-07-03 10:02:00,LOT034,W20,P100,ETCH,ETCH01,A,RCP_A,Thickness,100.767,100.0,98.0,102.0
2026-07-03 10:03:00,LOT034,W21,P100,ETCH,ETCH01,B,RCP_A,Thickness,99.979,100.0,98.0,102.0
2026-07-03 10:04:00,LOT034,W22,P100,ETCH,ETCH01,B,RCP_A,Thickness,100.276,100.0,98.0,102.0
2026-07-03 10:05:00,LOT034,W23,P100,ETCH,ETCH01,A,RCP_A,Thickness,100.183,100.0,98.0,102.0
2026-07-03 10:06:00,LOT034,W24,P100,ETCH,ETCH01,B,RCP_A,Thickness,99.912,100.0,98.0,102.0
2026-07-03 10:07:00,LOT034,W25,P100,ETCH,ETCH01,A,RCP_A,Thickness,99.419,100.0,98.0,102.0
2026-07-03 09:46:00,LOT035,W01,P200,ETCH,ETCH02,A,RCP_B,Thickness,101.082,100.0,98.0,102.0
2026-07-03 09:47:00,LOT035,W02,P200,ETCH,ETCH02,B,RCP_B,Thickness,101.187,100.0,98.0,102.0
2026-07-03 09:48:00,LOT035,W03,P200,ETCH,ETCH02,B,RCP_B,Thickness,101.477,100.0,98.0,102.0
2026-07-03 09:49:00,LOT035,W04,P200,ETCH,ETCH02,A,RCP_B,Thickness,100.099,100.0,98.0,102.0
2026-07-03 09:50:00,LOT035,W05,P200,ETCH,ETCH02,A,RCP_B,Thickness,100.629,100.0,98.0,102.0
2026-07-03 09:51:00,LOT035,W06,P200,ETCH,ETCH02,B,RCP_B,Thickness,101.43,100.0,98.0,102.0
2026-07-03 09:52:00,LOT035,W07,P200,ETCH,ETCH02,B,RCP_B,Thickness,101.443,100.0,98.0,102.0
2026-07-03 09:53:00,LOT035,W08,P200,ETCH,ETCH02,A,RCP_B,Thickness,101.508,100.0,98.0,102.0
2026-07-03 09:54:00,LOT035,W09,P200,ETCH,ETCH02,A,RCP_B,Thickness,101.46,100.0,98.0,102.0
2026-07-03 09:55:00,LOT035,W10,P200,ETCH,ETCH02,A,RCP_B,Thickness,101.238,100.0,98.0,102.0
2026-07-03 09:56:00,LOT035,W11,P200,ETCH,ETCH02,A,RCP_B,Thickness,100.911,100.0,98.0,102.0
2026-07-03 09:57:00,LOT035,W12,P200,ETCH,ETCH02,B,RCP_B,Thickness,100.905,100.0,98.0,102.0
2026-07-03 09:58:00,LOT035,W13,P200,ETCH,ETCH02,A,RCP_B,Thickness,101.203,100.0,98.0,102.0
2026-07-03 09:59:00,LOT035,W14,P200,ETCH,ETCH02,B,RCP_B,Thickness,100.934,100.0,98.0,102.0
2026-07-03 10:00:00,LOT035,W15,P200,ETCH,ETCH02,B,RCP_B,Thickness,100.974,100.0,98.0,102.0
2026-07-03 10:01:00,LOT035,W16,P200,ETCH,ETCH02,A,RCP_B,Thickness,101.227,100.0,98.0,102.0
2026-07-03 10:02:00,LOT035,W17,P200,ETCH,ETCH02,B,RCP_B,Thickness,101.147,100.0,98.0,102.0
2026-07-03 10:03:00,LOT035,W18,P200,ETCH,ETCH02,B,RCP_B,Thickness,100.523,100.0,98.0,102.0
2026-07-03 10:04:00,LOT035,W19,P200,ETCH,ETCH02,A,RCP_B,Thickness,101.046,100.0,98.0,102.0
2026-07-03 10:05:00,LOT035,W20,P200,ETCH,ETCH02,A,RCP_B,Thickness,100.757,100.0,98.0,102.0
2026-07-03 10:06:00,LOT035,W21,P200,ETCH,ETCH02,A,RCP_B,Thickness,101.078,100.0,98.0,102.0
2026-07-03 10:07:00,LOT035,W22,P200,ETCH,ETCH02,A,RCP_B,Thickness,101.548,100.0,98.0,102.0
2026-07-03 10:08:00,LOT035,W23,P200,ETCH,ETCH02,B,RCP_B,Thickness,101.519,100.0,98.0,102.0
2026-07-03 10:09:00,LOT035,W24,P200,ETCH,ETCH02,B,RCP_B,Thickness,101.563,100.0,98.0,102.0
2026-07-03 10:10:00,LOT035,W25,P200,ETCH,ETCH02,A,RCP_B,Thickness,101.119,100.0,98.0,102.0
2026-07-03 09:49:00,LOT036,W01,P300,ETCH,ETCH03,A,RCP_C,Thickness,98.433,100.0,98.0,102.0
2026-07-03 09:50:00,LOT036,W02,P300,ETCH,ETCH03,A,RCP_C,Thickness,99.292,100.0,98.0,102.0
2026-07-03 09:51:00,LOT036,W03,P300,ETCH,ETCH03,B,RCP_C,Thickness,99.399,100.0,98.0,102.0
2026-07-03 09:52:00,LOT036,W04,P300,ETCH,ETCH03,B,RCP_C,Thickness,98.985,100.0,98.0,102.0
2026-07-03 09:53:00,LOT036,W05,P300,ETCH,ETCH03,A,RCP_C,Thickness,99.464,100.0,98.0,102.0
2026-07-03 09:54:00,LOT036,W06,P300,ETCH,ETCH03,B,RCP_C,Thickness,99.993,100.0,98.0,102.0
2026-07-03 09:55:00,LOT036,W07,P300,ETCH,ETCH03,A,RCP_C,Thickness,99.676,100.0,98.0,102.0
2026-07-03 09:56:00,LOT036,W08,P300,ETCH,ETCH03,B,RCP_C,Thickness,98.791,100.0,98.0,102.0
2026-07-03 09:57:00,LOT036,W09,P300,ETCH,ETCH03,A,RCP_C,Thickness,98.993,100.0,98.0,102.0
2026-07-03 09:58:00,LOT036,W10,P300,ETCH,ETCH03,B,RCP_C,Thickness,99.215,100.0,98.0,102.0
2026-07-03 09:59:00,LOT036,W11,P300,ETCH,ETCH03,A,RCP_C,Thickness,98.628,100.0,98.0,102.0
2026-07-03 10:00:00,LOT036,W12,P300,ETCH,ETCH03,A,RCP_C,Thickness,98.841,100.0,98.0,102.0
2026-07-03 10:01:00,LOT036,W13,P300,ETCH,ETCH03,A,RCP_C,Thickness,99.438,100.0,98.0,102.0
2026-07-03 10:02:00,LOT036,W14,P300,ETCH,ETCH03,A,RCP_C,Thickness,99.237,100.0,98.0,102.0
2026-07-03 10:03:00,LOT036,W15,P300,ETCH,ETCH03,B,RCP_C,Thickness,99.1,100.0,98.0,102.0
2026-07-03 10:04:00,LOT036,W16,P300,ETCH,ETCH03,A,RCP_C,Thickness,99.299,100.0,98.0,102.0
2026-07-03 10:05:00,LOT036,W17,P300,ETCH,ETCH03,A,RCP_C,Thickness,98.588,100.0,98.0,102.0
2026-07-03 10:06:00,LOT036,W18,P300,ETCH,ETCH03,A,RCP_C,Thickness,99.111,100.0,98.0,102.0
2026-07-03 10:07:00,LOT036,W19,P300,ETCH,ETCH03,B,RCP_C,Thickness,99.619,100.0,98.0,102.0
2026-07-03 10:08:00,LOT036,W20,P300,ETCH,ETCH03,A,RCP_C,Thickness,98.882,100.0,98.0,102.0
2026-07-03 10:09:00,LOT036,W21,P300,ETCH,ETCH03,A,RCP_C,Thickness,99.31,100.0,98.0,102.0
2026-07-03 10:10:00,LOT036,W22,P300,ETCH,ETCH03,B,RCP_C,Thickness,99.408,100.0,98.0,102.0
2026-07-03 10:11:00,LOT036,W23,P300,ETCH,ETCH03,A,RCP_C,Thickness,98.566,100.0,98.0,102.0
2026-07-03 10:12:00,LOT036,W24,P300,ETCH,ETCH03,A,RCP_C,Thickness,99.971,100.0,98.0,102.0
2026-07-03 10:13:00,LOT036,W25,P300,ETCH,ETCH03,B,RCP_C,Thickness,99.491,100.0,98.0,102.0
2026-07-04 09:52:00,LOT037,W01,P100,ETCH,ETCH01,A,RCP_A,Thickness,100.384,100.0,98.0,102.0
2026-07-04 09:53:00,LOT037,W02,P100,ETCH,ETCH01,B,RCP_A,Thickness,100.802,100.0,98.0,102.0
2026-07-04 09:54:00,LOT037,W03,P100,ETCH,ETCH01,A,RCP_A,Thickness,99.517,100.0,98.0,102.0
2026-07-04 09:55:00,LOT037,W04,P100,ETCH,ETCH01,A,RCP_A,Thickness,100.281,100.0,98.0,102.0
2026-07-04 09:56:00,LOT037,W05,P100,ETCH,ETCH01,A,RCP_A,Thickness,99.246,100.0,98.0,102.0
2026-07-04 09:57:00,LOT037,W06,P100,ETCH,ETCH01,A,RCP_A,Thickness,99.99,100.0,98.0,102.0
2026-07-04 09:58:00,LOT037,W07,P100,ETCH,ETCH01,A,RCP_A,Thickness,100.502,100.0,98.0,102.0
2026-07-04 09:59:00,LOT037,W08,P100,ETCH,ETCH01,B,RCP_A,Thickness,99.51,100.0,98.0,102.0
2026-07-04 10:00:00,LOT037,W09,P100,ETCH,ETCH01,B,RCP_A,Thickness,100.234,100.0,98.0,102.0
2026-07-04 10:01:00,LOT037,W10,P100,ETCH,ETCH01,B,RCP_A,Thickness,100.012,100.0,98.0,102.0
2026-07-04 10:02:00,LOT037,W11,P100,ETCH,ETCH01,A,RCP_A,Thickness,99.544,100.0,98.0,102.0
2026-07-04 10:03:00,LOT037,W12,P100,ETCH,ETCH01,A,RCP_A,Thickness,100.105,100.0,98.0,102.0
2026-07-04 10:04:00,LOT037,W13,P100,ETCH,ETCH01,A,RCP_A,Thickness,100.475,100.0,98.0,102.0
2026-07-04 10:05:00,LOT037,W14,P100,ETCH,ETCH01,B,RCP_A,Thickness,100.659,100.0,98.0,102.0
2026-07-04 10:06:00,LOT037,W15,P100,ETCH,ETCH01,A,RCP_A,Thickness,100.018,100.0,98.0,102.0
2026-07-04 10:07:00,LOT037,W16,P100,ETCH,ETCH01,B,RCP_A,Thickness,99.994,100.0,98.0,102.0
2026-07-04 10:08:00,LOT037,W17,P100,ETCH,ETCH01,A,RCP_A,Thickness,99.219,100.0,98.0,102.0
2026-07-04 10:09:00,LOT037,W18,P100,ETCH,ETCH01,A,RCP_A,Thickness,100.431,100.0,98.0,102.0
2026-07-04 10:10:00,LOT037,W19,P100,ETCH,ETCH01,A,RCP_A,Thickness,100.244,100.0,98.0,102.0
2026-07-04 10:11:00,LOT037,W20,P100,ETCH,ETCH01,B,RCP_A,Thickness,100.069,100.0,98.0,102.0
2026-07-04 10:12:00,LOT037,W21,P100,ETCH,ETCH01,B,RCP_A,Thickness,99.439,100.0,98.0,102.0
2026-07-04 10:13:00,LOT037,W22,P100,ETCH,ETCH01,A,RCP_A,Thickness,100.15,100.0,98.0,102.0
2026-07-04 10:14:00,LOT037,W23,P100,ETCH,ETCH01,B,RCP_A,Thickness,100.404,100.0,98.0,102.0
2026-07-04 10:15:00,LOT037,W24,P100,ETCH,ETCH01,A,RCP_A,Thickness,100.205,100.0,98.0,102.0
2026-07-04 10:16:00,LOT037,W25,P100,ETCH,ETCH01,B,RCP_A,Thickness,100.473,100.0,98.0,102.0
2026-07-04 09:55:00,LOT038,W01,P200,ETCH,ETCH02,B,RCP_B,Thickness,100.406,100.0,98.0,102.0
2026-07-04 09:56:00,LOT038,W02,P200,ETCH,ETCH02,B,RCP_B,Thickness,101.136,100.0,98.0,102.0
2026-07-04 09:57:00,LOT038,W03,P200,ETCH,ETCH02,A,RCP_B,Thickness,101.885,100.0,98.0,102.0
2026-07-04 09:58:00,LOT038,W04,P200,ETCH,ETCH02,A,RCP_B,Thickness,100.761,100.0,98.0,102.0
2026-07-04 09:59:00,LOT038,W05,P200,ETCH,ETCH02,B,RCP_B,Thickness,101.145,100.0,98.0,102.0
2026-07-04 10:00:00,LOT038,W06,P200,ETCH,ETCH02,A,RCP_B,Thickness,100.677,100.0,98.0,102.0
2026-07-04 10:01:00,LOT038,W07,P200,ETCH,ETCH02,A,RCP_B,Thickness,101.166,100.0,98.0,102.0
2026-07-04 10:02:00,LOT038,W08,P200,ETCH,ETCH02,B,RCP_B,Thickness,101.3,100.0,98.0,102.0
2026-07-04 10:03:00,LOT038,W09,P200,ETCH,ETCH02,B,RCP_B,Thickness,100.57,100.0,98.0,102.0
2026-07-04 10:04:00,LOT038,W10,P200,ETCH,ETCH02,A,RCP_B,Thickness,101.395,100.0,98.0,102.0
2026-07-04 10:05:00,LOT038,W11,P200,ETCH,ETCH02,B,RCP_B,Thickness,100.981,100.0,98.0,102.0
2026-07-04 10:06:00,LOT038,W12,P200,ETCH,ETCH02,A,RCP_B,Thickness,101.4,100.0,98.0,102.0
2026-07-04 10:07:00,LOT038,W13,P200,ETCH,ETCH02,A,RCP_B,Thickness,101.119,100.0,98.0,102.0
2026-07-04 10:08:00,LOT038,W14,P200,ETCH,ETCH02,A,RCP_B,Thickness,101.114,100.0,98.0,102.0
2026-07-04 10:09:00,LOT038,W15,P200,ETCH,ETCH02,A,RCP_B,Thickness,100.869,100.0,98.0,102.0
2026-07-04 10:10:00,LOT038,W16,P200,ETCH,ETCH02,B,RCP_B,Thickness,100.707,100.0,98.0,102.0
2026-07-04 10:11:00,LOT038,W17,P200,ETCH,ETCH02,B,RCP_B,Thickness,101.405,100.0,98.0,102.0
2026-07-04 10:12:00,LOT038,W18,P200,ETCH,ETCH02,A,RCP_B,Thickness,101.177,100.0,98.0,102.0
2026-07-04 10:13:00,LOT038,W19,P200,ETCH,ETCH02,B,RCP_B,Thickness,101.067,100.0,98.0,102.0
2026-07-04 10:14:00,LOT038,W20,P200,ETCH,ETCH02,A,RCP_B,Thickness,101.595,100.0,98.0,102.0
2026-07-04 10:15:00,LOT038,W21,P200,ETCH,ETCH02,A,RCP_B,Thickness,100.68,100.0,98.0,102.0
2026-07-04 10:16:00,LOT038,W22,P200,ETCH,ETCH02,A,RCP_B,Thickness,101.275,100.0,98.0,102.0
2026-07-04 10:17:00,LOT038,W23,P200,ETCH,ETCH02,B,RCP_B,Thickness,101.448,100.0,98.0,102.0
2026-07-04 10:18:00,LOT038,W24,P200,ETCH,ETCH02,B,RCP_B,Thickness,100.962,100.0,98.0,102.0
2026-07-04 10:19:00,LOT038,W25,P200,ETCH,ETCH02,A,RCP_B,Thickness,100.853,100.0,98.0,102.0
2026-07-04 09:58:00,LOT039,W01,P300,ETCH,ETCH03,B,RCP_C,Thickness,99.369,100.0,98.0,102.0
2026-07-04 09:59:00,LOT039,W02,P300,ETCH,ETCH03,A,RCP_C,Thickness,99.238,100.0,98.0,102.0
2026-07-04 10:00:00,LOT039,W03,P300,ETCH,ETCH03,B,RCP_C,Thickness,98.923,100.0,98.0,102.0
2026-07-04 10:01:00,LOT039,W04,P300,ETCH,ETCH03,B,RCP_C,Thickness,99.533,100.0,98.0,102.0
2026-07-04 10:02:00,LOT039,W05,P300,ETCH,ETCH03,B,RCP_C,Thickness,99.527,100.0,98.0,102.0
2026-07-04 10:03:00,LOT039,W06,P300,ETCH,ETCH03,A,RCP_C,Thickness,99.991,100.0,98.0,102.0
2026-07-04 10:04:00,LOT039,W07,P300,ETCH,ETCH03,B,RCP_C,Thickness,98.695,100.0,98.0,102.0
2026-07-04 10:05:00,LOT039,W08,P300,ETCH,ETCH03,B,RCP_C,Thickness,99.378,100.0,98.0,102.0
2026-07-04 10:06:00,LOT039,W09,P300,ETCH,ETCH03,A,RCP_C,Thickness,99.766,100.0,98.0,102.0
2026-07-04 10:07:00,LOT039,W10,P300,ETCH,ETCH03,B,RCP_C,Thickness,99.377,100.0,98.0,102.0
2026-07-04 10:08:00,LOT039,W11,P300,ETCH,ETCH03,B,RCP_C,Thickness,98.713,100.0,98.0,102.0
2026-07-04 10:09:00,LOT039,W12,P300,ETCH,ETCH03,A,RCP_C,Thickness,99.19,100.0,98.0,102.0
2026-07-04 10:10:00,LOT039,W13,P300,ETCH,ETCH03,A,RCP_C,Thickness,99.233,100.0,98.0,102.0
2026-07-04 10:11:00,LOT039,W14,P300,ETCH,ETCH03,A,RCP_C,Thickness,99.941,100.0,98.0,102.0
2026-07-04 10:12:00,LOT039,W15,P300,ETCH,ETCH03,A,RCP_C,Thickness,98.414,100.0,98.0,102.0
2026-07-04 10:13:00,LOT039,W16,P300,ETCH,ETCH03,A,RCP_C,Thickness,98.844,100.0,98.0,102.0
2026-07-04 10:14:00,LOT039,W17,P300,ETCH,ETCH03,B,RCP_C,Thickness,99.487,100.0,98.0,102.0
2026-07-04 10:15:00,LOT039,W18,P300,ETCH,ETCH03,A,RCP_C,Thickness,98.792,100.0,98.0,102.0
2026-07-04 10:16:00,LOT039,W19,P300,ETCH,ETCH03,B,RCP_C,Thickness,99.726,100.0,98.0,102.0
2026-07-04 10:17:00,LOT039,W20,P300,ETCH,ETCH03,A,RCP_C,Thickness,99.154,100.0,98.0,102.0
2026-07-04 10:18:00,LOT039,W21,P300,ETCH,ETCH03,B,RCP_C,Thickness,99.09,100.0,98.0,102.0
2026-07-04 10:19:00,LOT039,W22,P300,ETCH,ETCH03,A,RCP_C,Thickness,99.243,100.0,98.0,102.0
2026-07-04 10:20:00,LOT039,W23,P300,ETCH,ETCH03,A,RCP_C,Thickness,99.696,100.0,98.0,102.0
2026-07-04 10:21:00,LOT039,W24,P300,ETCH,ETCH03,A,RCP_C,Thickness,99.35,100.0,98.0,102.0
2026-07-04 10:22:00,LOT039,W25,P300,ETCH,ETCH03,B,RCP_C,Thickness,99.138,100.0,98.0,102.0
2026-07-04 10:01:00,LOT040,W01,P100,ETCH,ETCH01,B,RCP_A,Thickness,99.233,100.0,98.0,102.0
2026-07-04 10:02:00,LOT040,W02,P100,ETCH,ETCH01,A,RCP_A,Thickness,99.332,100.0,98.0,102.0
2026-07-04 10:03:00,LOT040,W03,P100,ETCH,ETCH01,B,RCP_A,Thickness,99.596,100.0,98.0,102.0
2026-07-04 10:04:00,LOT040,W04,P100,ETCH,ETCH01,B,RCP_A,Thickness,99.855,100.0,98.0,102.0
2026-07-04 10:05:00,LOT040,W05,P100,ETCH,ETCH01,B,RCP_A,Thickness,99.505,100.0,98.0,102.0
2026-07-04 10:06:00,LOT040,W06,P100,ETCH,ETCH01,A,RCP_A,Thickness,100.562,100.0,98.0,102.0
2026-07-04 10:07:00,LOT040,W07,P100,ETCH,ETCH01,B,RCP_A,Thickness,99.914,100.0,98.0,102.0
2026-07-04 10:08:00,LOT040,W08,P100,ETCH,ETCH01,A,RCP_A,Thickness,99.88,100.0,98.0,102.0
2026-07-04 10:09:00,LOT040,W09,P100,ETCH,ETCH01,B,RCP_A,Thickness,99.566,100.0,98.0,102.0
2026-07-04 10:10:00,LOT040,W10,P100,ETCH,ETCH01,A,RCP_A,Thickness,99.589,100.0,98.0,102.0
2026-07-04 10:11:00,LOT040,W11,P100,ETCH,ETCH01,A,RCP_A,Thickness,100.394,100.0,98.0,102.0
2026-07-04 10:12:00,LOT040,W12,P100,ETCH,ETCH01,B,RCP_A,Thickness,100.355,100.0,98.0,102.0
2026-07-04 10:13:00,LOT040,W13,P100,ETCH,ETCH01,A,RCP_A,Thickness,99.516,100.0,98.0,102.0
2026-07-04 10:14:00,LOT040,W14,P100,ETCH,ETCH01,A,RCP_A,Thickness,99.895,100.0,98.0,102.0
2026-07-04 10:15:00,LOT040,W15,P100,ETCH,ETCH01,B,RCP_A,Thickness,99.874,100.0,98.0,102.0
2026-07-04 10:16:00,LOT040,W16,P100,ETCH,ETCH01,A,RCP_A,Thickness,99.825,100.0,98.0,102.0
2026-07-04 10:17:00,LOT040,W17,P100,ETCH,ETCH01,A,RCP_A,Thickness,100.252,100.0,98.0,102.0
2026-07-04 10:18:00,LOT040,W18,P100,ETCH,ETCH01,B,RCP_A,Thickness,99.741,100.0,98.0,102.0
2026-07-04 10:19:00,LOT040,W19,P100,ETCH,ETCH01,A,RCP_A,Thickness,100.09,100.0,98.0,102.0
2026-07-04 10:20:00,LOT040,W20,P100,ETCH,ETCH01,A,RCP_A,Thickness,99.98,100.0,98.0,102.0
2026-07-04 10:21:00,LOT040,W21,P100,ETCH,ETCH01,B,RCP_A,Thickness,99.892,100.0,98.0,102.0
2026-07-04 10:22:00,LOT040,W22,P100,ETCH,ETCH01,B,RCP_A,Thickness,99.659,100.0,98.0,102.0
2026-07-04 10:23:00,LOT040,W23,P100,ETCH,ETCH01,A,RCP_A,Thickness,100.015,100.0,98.0,102.0
2026-07-04 10:24:00,LOT040,W24,P100,ETCH,ETCH01,A,RCP_A,Thickness,100.071,100.0,98.0,102.0
2026-07-04 10:25:00,LOT040,W25,P100,ETCH,ETCH01,B,RCP_A,Thickness,100.117,100.0,98.0,102.0
2026-07-04 10:04:00,LOT041,W01,P200,ETCH,ETCH02,B,RCP_B,Thickness,101.181,100.0,98.0,102.0
2026-07-04 10:05:00,LOT041,W02,P200,ETCH,ETCH02,B,RCP_B,Thickness,101.009,100.0,98.0,102.0
2026-07-04 10:06:00,LOT041,W03,P200,ETCH,ETCH02,A,RCP_B,Thickness,100.334,100.0,98.0,102.0
2026-07-04 10:07:00,LOT041,W04,P200,ETCH,ETCH02,B,RCP_B,Thickness,100.832,100.0,98.0,102.0
2026-07-04 10:08:00,LOT041,W05,P200,ETCH,ETCH02,B,RCP_B,Thickness,101.247,100.0,98.0,102.0
2026-07-04 10:09:00,LOT041,W06,P200,ETCH,ETCH02,A,RCP_B,Thickness,100.976,100.0,98.0,102.0
2026-07-04 10:10:00,LOT041,W07,P200,ETCH,ETCH02,B,RCP_B,Thickness,101.113,100.0,98.0,102.0
2026-07-04 10:11:00,LOT041,W08,P200,ETCH,ETCH02,B,RCP_B,Thickness,101.268,100.0,98.0,102.0
2026-07-04 10:12:00,LOT041,W09,P200,ETCH,ETCH02,B,RCP_B,Thickness,101.059,100.0,98.0,102.0
2026-07-04 10:13:00,LOT041,W10,P200,ETCH,ETCH02,B,RCP_B,Thickness,101.161,100.0,98.0,102.0
2026-07-04 10:14:00,LOT041,W11,P200,ETCH,ETCH02,B,RCP_B,Thickness,101.2,100.0,98.0,102.0
2026-07-04 10:15:00,LOT041,W12,P200,ETCH,ETCH02,B,RCP_B,Thickness,101.054,100.0,98.0,102.0
2026-07-04 10:16:00,LOT041,W13,P200,ETCH,ETCH02,A,RCP_B,Thickness,101.183,100.0,98.0,102.0
2026-07-04 10:17:00,LOT041,W14,P200,ETCH,ETCH02,B,RCP_B,Thickness,101.531,100.0,98.0,102.0
2026-07-04 10:18:00,LOT041,W15,P200,ETCH,ETCH02,B,RCP_B,Thickness,101.136,100.0,98.0,102.0
2026-07-04 10:19:00,LOT041,W16,P200,ETCH,ETCH02,B,RCP_B,Thickness,100.664,100.0,98.0,102.0
2026-07-04 10:20:00,LOT041,W17,P200,ETCH,ETCH02,B,RCP_B,Thickness,101.34,100.0,98.0,102.0
2026-07-04 10:21:00,LOT041,W18,P200,ETCH,ETCH02,B,RCP_B,Thickness,101.719,100.0,98.0,102.0
2026-07-04 10:22:00,LOT041,W19,P200,ETCH,ETCH02,B,RCP_B,Thickness,100.805,100.0,98.0,102.0
2026-07-04 10:23:00,LOT041,W20,P200,ETCH,ETCH02,A,RCP_B,Thickness,101.105,100.0,98.0,102.0
2026-07-04 10:24:00,LOT041,W21,P200,ETCH,ETCH02,A,RCP_B,Thickness,101.326,100.0,98.0,102.0
2026-07-04 10:25:00,LOT041,W22,P200,ETCH,ETCH02,A,RCP_B,Thickness,101.215,100.0,98.0,102.0
2026-07-04 10:26:00,LOT041,W23,P200,ETCH,ETCH02,B,RCP_B,Thickness,101.202,100.0,98.0,102.0
2026-07-04 10:27:00,LOT041,W24,P200,ETCH,ETCH02,B,RCP_B,Thickness,100.719,100.0,98.0,102.0
2026-07-04 10:28:00,LOT041,W25,P200,ETCH,ETCH02,A,RCP_B,Thickness,100.91,100.0,98.0,102.0
2026-07-04 10:07:00,LOT042,W01,P300,ETCH,ETCH03,A,RCP_C,Thickness,99.321,100.0,98.0,102.0
2026-07-04 10:08:00,LOT042,W02,P300,ETCH,ETCH03,A,RCP_C,Thickness,99.729,100.0,98.0,102.0
2026-07-04 10:09:00,LOT042,W03,P300,ETCH,ETCH03,A,RCP_C,Thickness,99.704,100.0,98.0,102.0
2026-07-04 10:10:00,LOT042,W04,P300,ETCH,ETCH03,A,RCP_C,Thickness,99.558,100.0,98.0,102.0
2026-07-04 10:11:00,LOT042,W05,P300,ETCH,ETCH03,B,RCP_C,Thickness,99.562,100.0,98.0,102.0
2026-07-04 10:12:00,LOT042,W06,P300,ETCH,ETCH03,A,RCP_C,Thickness,99.436,100.0,98.0,102.0
2026-07-04 10:13:00,LOT042,W07,P300,ETCH,ETCH03,A,RCP_C,Thickness,99.067,100.0,98.0,102.0
2026-07-04 10:14:00,LOT042,W08,P300,ETCH,ETCH03,B,RCP_C,Thickness,98.647,100.0,98.0,102.0
2026-07-04 10:15:00,LOT042,W09,P300,ETCH,ETCH03,A,RCP_C,Thickness,99.078,100.0,98.0,102.0
2026-07-04 10:16:00,LOT042,W10,P300,ETCH,ETCH03,B,RCP_C,Thickness,99.452,100.0,98.0,102.0
2026-07-04 10:17:00,LOT042,W11,P300,ETCH,ETCH03,A,RCP_C,Thickness,99.429,100.0,98.0,102.0
2026-07-04 10:18:00,LOT042,W12,P300,ETCH,ETCH03,A,RCP_C,Thickness,99.457,100.0,98.0,102.0
2026-07-04 10:19:00,LOT042,W13,P300,ETCH,ETCH03,B,RCP_C,Thickness,98.614,100.0,98.0,102.0
2026-07-04 10:20:00,LOT042,W14,P300,ETCH,ETCH03,B,RCP_C,Thickness,98.944,100.0,98.0,102.0
2026-07-04 10:21:00,LOT042,W15,P300,ETCH,ETCH03,B,RCP_C,Thickness,99.127,100.0,98.0,102.0
2026-07-04 10:22:00,LOT042,W16,P300,ETCH,ETCH03,B,RCP_C,Thickness,100.013,100.0,98.0,102.0
2026-07-04 10:23:00,LOT042,W17,P300,ETCH,ETCH03,A,RCP_C,Thickness,99.477,100.0,98.0,102.0
2026-07-04 10:24:00,LOT042,W18,P300,ETCH,ETCH03,B,RCP_C,Thickness,99.956,100.0,98.0,102.0
2026-07-04 10:25:00,LOT042,W19,P300,ETCH,ETCH03,B,RCP_C,Thickness,98.944,100.0,98.0,102.0
2026-07-04 10:26:00,LOT042,W20,P300,ETCH,ETCH03,B,RCP_C,Thickness,99.634,100.0,98.0,102.0
2026-07-04 10:27:00,LOT042,W21,P300,ETCH,ETCH03,A,RCP_C,Thickness,98.886,100.0,98.0,102.0
2026-07-04 10:28:00,LOT042,W22,P300,ETCH,ETCH03,B,RCP_C,Thickness,99.346,100.0,98.0,102.0
2026-07-04 10:29:00,LOT042,W23,P300,ETCH,ETCH03,A,RCP_C,Thickness,98.996,100.0,98.0,102.0
2026-07-04 10:30:00,LOT042,W24,P300,ETCH,ETCH03,A,RCP_C,Thickness,99.606,100.0,98.0,102.0
2026-07-04 10:31:00,LOT042,W25,P300,ETCH,ETCH03,B,RCP_C,Thickness,99.115,100.0,98.0,102.0
2026-07-04 10:10:00,LOT043,W01,P100,ETCH,ETCH01,A,RCP_A,Thickness,100.504,100.0,98.0,102.0
2026-07-04 10:11:00,LOT043,W02,P100,ETCH,ETCH01,A,RCP_A,Thickness,100.221,100.0,98.0,102.0
2026-07-04 10:12:00,LOT043,W03,P100,ETCH,ETCH01,A,RCP_A,Thickness,100.138,100.0,98.0,102.0
2026-07-04 10:13:00,LOT043,W04,P100,ETCH,ETCH01,B,RCP_A,Thickness,99.773,100.0,98.0,102.0
2026-07-04 10:14:00,LOT043,W05,P100,ETCH,ETCH01,B,RCP_A,Thickness,99.735,100.0,98.0,102.0
2026-07-04 10:15:00,LOT043,W06,P100,ETCH,ETCH01,A,RCP_A,Thickness,100.288,100.0,98.0,102.0
2026-07-04 10:16:00,LOT043,W07,P100,ETCH,ETCH01,A,RCP_A,Thickness,99.673,100.0,98.0,102.0
2026-07-04 10:17:00,LOT043,W08,P100,ETCH,ETCH01,B,RCP_A,Thickness,100.338,100.0,98.0,102.0
2026-07-04 10:18:00,LOT043,W09,P100,ETCH,ETCH01,B,RCP_A,Thickness,99.627,100.0,98.0,102.0
2026-07-04 10:19:00,LOT043,W10,P100,ETCH,ETCH01,A,RCP_A,Thickness,100.554,100.0,98.0,102.0
2026-07-04 10:20:00,LOT043,W11,P100,ETCH,ETCH01,B,RCP_A,Thickness,100.653,100.0,98.0,102.0
2026-07-04 10:21:00,LOT043,W12,P100,ETCH,ETCH01,A,RCP_A,Thickness,100.211,100.0,98.0,102.0
2026-07-04 10:22:00,LOT043,W13,P100,ETCH,ETCH01,A,RCP_A,Thickness,99.878,100.0,98.0,102.0
2026-07-04 10:23:00,LOT043,W14,P100,ETCH,ETCH01,A,RCP_A,Thickness,99.751,100.0,98.0,102.0
2026-07-04 10:24:00,LOT043,W15,P100,ETCH,ETCH01,A,RCP_A,Thickness,99.816,100.0,98.0,102.0
2026-07-04 10:25:00,LOT043,W16,P100,ETCH,ETCH01,A,RCP_A,Thickness,100.03,100.0,98.0,102.0
2026-07-04 10:26:00,LOT043,W17,P100,ETCH,ETCH01,B,RCP_A,Thickness,99.872,100.0,98.0,102.0
2026-07-04 10:27:00,LOT043,W18,P100,ETCH,ETCH01,B,RCP_A,Thickness,99.465,100.0,98.0,102.0
2026-07-04 10:28:00,LOT043,W19,P100,ETCH,ETCH01,B,RCP_A,Thickness,99.995,100.0,98.0,102.0
2026-07-04 10:29:00,LOT043,W20,P100,ETCH,ETCH01,B,RCP_A,Thickness,100.392,100.0,98.0,102.0
2026-07-04 10:30:00,LOT043,W21,P100,ETCH,ETCH01,A,RCP_A,Thickness,99.486,100.0,98.0,102.0
2026-07-04 10:31:00,LOT043,W22,P100,ETCH,ETCH01,B,RCP_A,Thickness,99.963,100.0,98.0,102.0
2026-07-04 10:32:00,LOT043,W23,P100,ETCH,ETCH01,B,RCP_A,Thickness,99.95,100.0,98.0,102.0
2026-07-04 10:33:00,LOT043,W24,P100,ETCH,ETCH01,B,RCP_A,Thickness,100.16,100.0,98.0,102.0
2026-07-04 10:34:00,LOT043,W25,P100,ETCH,ETCH01,B,RCP_A,Thickness,99.961,100.0,98.0,102.0
2026-07-04 10:13:00,LOT044,W01,P200,ETCH,ETCH02,B,RCP_B,Thickness,101.6,100.0,98.0,102.0
2026-07-04 10:14:00,LOT044,W02,P200,ETCH,ETCH02,A,RCP_B,Thickness,101.562,100.0,98.0,102.0
2026-07-04 10:15:00,LOT044,W03,P200,ETCH,ETCH02,B,RCP_B,Thickness,100.677,100.0,98.0,102.0
2026-07-04 10:16:00,LOT044,W04,P200,ETCH,ETCH02,A,RCP_B,Thickness,100.958,100.0,98.0,102.0
2026-07-04 10:17:00,LOT044,W05,P200,ETCH,ETCH02,B,RCP_B,Thickness,100.547,100.0,98.0,102.0
2026-07-04 10:18:00,LOT044,W06,P200,ETCH,ETCH02,B,RCP_B,Thickness,100.978,100.0,98.0,102.0
2026-07-04 10:19:00,LOT044,W07,P200,ETCH,ETCH02,A,RCP_B,Thickness,101.111,100.0,98.0,102.0
2026-07-04 10:20:00,LOT044,W08,P200,ETCH,ETCH02,A,RCP_B,Thickness,100.856,100.0,98.0,102.0
2026-07-04 10:21:00,LOT044,W09,P200,ETCH,ETCH02,B,RCP_B,Thickness,100.59,100.0,98.0,102.0
2026-07-04 10:22:00,LOT044,W10,P200,ETCH,ETCH02,A,RCP_B,Thickness,101.436,100.0,98.0,102.0
2026-07-04 10:23:00,LOT044,W11,P200,ETCH,ETCH02,A,RCP_B,Thickness,100.447,100.0,98.0,102.0
2026-07-04 10:24:00,LOT044,W12,P200,ETCH,ETCH02,B,RCP_B,Thickness,100.98,100.0,98.0,102.0
2026-07-04 10:25:00,LOT044,W13,P200,ETCH,ETCH02,B,RCP_B,Thickness,100.608,100.0,98.0,102.0
2026-07-04 10:26:00,LOT044,W14,P200,ETCH,ETCH02,A,RCP_B,Thickness,100.695,100.0,98.0,102.0
2026-07-04 10:27:00,LOT044,W15,P200,ETCH,ETCH02,B,RCP_B,Thickness,101.506,100.0,98.0,102.0
2026-07-04 10:28:00,LOT044,W16,P200,ETCH,ETCH02,B,RCP_B,Thickness,100.879,100.0,98.0,102.0
2026-07-04 10:29:00,LOT044,W17,P200,ETCH,ETCH02,A,RCP_B,Thickness,101.09,100.0,98.0,102.0
2026-07-04 10:30:00,LOT044,W18,P200,ETCH,ETCH02,A,RCP_B,Thickness,100.346,100.0,98.0,102.0
2026-07-04 10:31:00,LOT044,W19,P200,ETCH,ETCH02,B,RCP_B,Thickness,101.048,100.0,98.0,102.0
2026-07-04 10:32:00,LOT044,W20,P200,ETCH,ETCH02,A,RCP_B,Thickness,101.202,100.0,98.0,102.0
2026-07-04 10:33:00,LOT044,W21,P200,ETCH,ETCH02,B,RCP_B,Thickness,101.228,100.0,98.0,102.0
2026-07-04 10:34:00,LOT044,W22,P200,ETCH,ETCH02,A,RCP_B,Thickness,101.123,100.0,98.0,102.0
2026-07-04 10:35:00,LOT044,W23,P200,ETCH,ETCH02,A,RCP_B,Thickness,100.652,100.0,98.0,102.0
2026-07-04 10:36:00,LOT044,W24,P200,ETCH,ETCH02,A,RCP_B,Thickness,101.33,100.0,98.0,102.0
2026-07-04 10:37:00,LOT044,W25,P200,ETCH,ETCH02,A,RCP_B,Thickness,101.058,100.0,98.0,102.0
2026-07-04 10:16:00,LOT045,W01,P300,ETCH,ETCH03,A,RCP_C,Thickness,98.707,100.0,98.0,102.0
2026-07-04 10:17:00,LOT045,W02,P300,ETCH,ETCH03,B,RCP_C,Thickness,99.339,100.0,98.0,102.0
2026-07-04 10:18:00,LOT045,W03,P300,ETCH,ETCH03,B,RCP_C,Thickness,95.44,100.0,98.0,102.0
2026-07-04 10:19:00,LOT045,W04,P300,ETCH,ETCH03,B,RCP_C,Thickness,99.472,100.0,98.0,102.0
2026-07-04 10:20:00,LOT045,W05,P300,ETCH,ETCH03,B,RCP_C,Thickness,99.319,100.0,98.0,102.0
2026-07-04 10:21:00,LOT045,W06,P300,ETCH,ETCH03,A,RCP_C,Thickness,98.87,100.0,98.0,102.0
2026-07-04 10:22:00,LOT045,W07,P300,ETCH,ETCH03,A,RCP_C,Thickness,99.406,100.0,98.0,102.0
2026-07-04 10:23:00,LOT045,W08,P300,ETCH,ETCH03,A,RCP_C,Thickness,100.009,100.0,98.0,102.0
2026-07-04 10:24:00,LOT045,W09,P300,ETCH,ETCH03,B,RCP_C,Thickness,99.625,100.0,98.0,102.0
2026-07-04 10:25:00,LOT045,W10,P300,ETCH,ETCH03,B,RCP_C,Thickness,99.866,100.0,98.0,102.0
2026-07-04 10:26:00,LOT045,W11,P300,ETCH,ETCH03,B,RCP_C,Thickness,98.812,100.0,98.0,102.0
2026-07-04 10:27:00,LOT045,W12,P300,ETCH,ETCH03,B,RCP_C,Thickness,99.516,100.0,98.0,102.0
2026-07-04 10:28:00,LOT045,W13,P300,ETCH,ETCH03,A,RCP_C,Thickness,99.689,100.0,98.0,102.0
2026-07-04 10:29:00,LOT045,W14,P300,ETCH,ETCH03,A,RCP_C,Thickness,99.956,100.0,98.0,102.0
2026-07-04 10:30:00,LOT045,W15,P300,ETCH,ETCH03,A,RCP_C,Thickness,99.318,100.0,98.0,102.0
2026-07-04 10:31:00,LOT045,W16,P300,ETCH,ETCH03,A,RCP_C,Thickness,99.371,100.0,98.0,102.0
2026-07-04 10:32:00,LOT045,W17,P300,ETCH,ETCH03,A,RCP_C,Thickness,98.946,100.0,98.0,102.0
2026-07-04 10:33:00,LOT045,W18,P300,ETCH,ETCH03,A,RCP_C,Thickness,99.653,100.0,98.0,102.0
2026-07-04 10:34:00,LOT045,W19,P300,ETCH,ETCH03,A,RCP_C,Thickness,99.032,100.0,98.0,102.0
2026-07-04 10:35:00,LOT045,W20,P300,ETCH,ETCH03,A,RCP_C,Thickness,98.866,100.0,98.0,102.0
2026-07-04 10:36:00,LOT045,W21,P300,ETCH,ETCH03,B,RCP_C,Thickness,99.491,100.0,98.0,102.0
2026-07-04 10:37:00,LOT045,W22,P300,ETCH,ETCH03,A,RCP_C,Thickness,99.487,100.0,98.0,102.0
2026-07-04 10:38:00,LOT045,W23,P300,ETCH,ETCH03,A,RCP_C,Thickness,99.137,100.0,98.0,102.0
2026-07-04 10:39:00,LOT045,W24,P300,ETCH,ETCH03,B,RCP_C,Thickness,99.789,100.0,98.0,102.0
2026-07-04 10:40:00,LOT045,W25,P300,ETCH,ETCH03,A,RCP_C,Thickness,98.646,100.0,98.0,102.0
2026-07-04 10:19:00,LOT046,W01,P100,ETCH,ETCH01,A,RCP_A,Thickness,100.366,100.0,98.0,102.0
2026-07-04 10:20:00,LOT046,W02,P100,ETCH,ETCH01,A,RCP_A,Thickness,99.52,100.0,98.0,102.0
2026-07-04 10:21:00,LOT046,W03,P100,ETCH,ETCH01,A,RCP_A,Thickness,100.007,100.0,98.0,102.0
2026-07-04 10:22:00,LOT046,W04,P100,ETCH,ETCH01,B,RCP_A,Thickness,99.972,100.0,98.0,102.0
2026-07-04 10:23:00,LOT046,W05,P100,ETCH,ETCH01,A,RCP_A,Thickness,100.095,100.0,98.0,102.0
2026-07-04 10:24:00,LOT046,W06,P100,ETCH,ETCH01,B,RCP_A,Thickness,99.987,100.0,98.0,102.0
2026-07-04 10:25:00,LOT046,W07,P100,ETCH,ETCH01,A,RCP_A,Thickness,100.023,100.0,98.0,102.0
2026-07-04 10:26:00,LOT046,W08,P100,ETCH,ETCH01,B,RCP_A,Thickness,100.09,100.0,98.0,102.0
2026-07-04 10:27:00,LOT046,W09,P100,ETCH,ETCH01,A,RCP_A,Thickness,100.123,100.0,98.0,102.0
2026-07-04 10:28:00,LOT046,W10,P100,ETCH,ETCH01,A,RCP_A,Thickness,99.072,100.0,98.0,102.0
2026-07-04 10:29:00,LOT046,W11,P100,ETCH,ETCH01,A,RCP_A,Thickness,100.258,100.0,98.0,102.0
2026-07-04 10:30:00,LOT046,W12,P100,ETCH,ETCH01,A,RCP_A,Thickness,100.481,100.0,98.0,102.0
2026-07-04 10:31:00,LOT046,W13,P100,ETCH,ETCH01,B,RCP_A,Thickness,99.513,100.0,98.0,102.0
2026-07-04 10:32:00,LOT046,W14,P100,ETCH,ETCH01,A,RCP_A,Thickness,100.488,100.0,98.0,102.0
2026-07-04 10:33:00,LOT046,W15,P100,ETCH,ETCH01,A,RCP_A,Thickness,100.331,100.0,98.0,102.0
2026-07-04 10:34:00,LOT046,W16,P100,ETCH,ETCH01,A,RCP_A,Thickness,99.648,100.0,98.0,102.0
2026-07-04 10:35:00,LOT046,W17,P100,ETCH,ETCH01,B,RCP_A,Thickness,100.654,100.0,98.0,102.0
2026-07-04 10:36:00,LOT046,W18,P100,ETCH,ETCH01,A,RCP_A,Thickness,99.777,100.0,98.0,102.0
2026-07-04 10:37:00,LOT046,W19,P100,ETCH,ETCH01,B,RCP_A,Thickness,100.23,100.0,98.0,102.0
2026-07-04 10:38:00,LOT046,W20,P100,ETCH,ETCH01,B,RCP_A,Thickness,100.275,100.0,98.0,102.0
2026-07-04 10:39:00,LOT046,W21,P100,ETCH,ETCH01,B,RCP_A,Thickness,99.54,100.0,98.0,102.0
2026-07-04 10:40:00,LOT046,W22,P100,ETCH,ETCH01,A,RCP_A,Thickness,100.41,100.0,98.0,102.0
2026-07-04 10:41:00,LOT046,W23,P100,ETCH,ETCH01,A,RCP_A,Thickness,100.352,100.0,98.0,102.0
2026-07-04 10:42:00,LOT046,W24,P100,ETCH,ETCH01,B,RCP_A,Thickness,100.17,100.0,98.0,102.0
2026-07-04 10:43:00,LOT046,W25,P100,ETCH,ETCH01,B,RCP_A,Thickness,99.501,100.0,98.0,102.0
2026-07-04 10:22:00,LOT047,W01,P200,ETCH,ETCH02,A,RCP_B,Thickness,101.518,100.0,98.0,102.0
2026-07-04 10:23:00,LOT047,W02,P200,ETCH,ETCH02,A,RCP_B,Thickness,100.502,100.0,98.0,102.0
2026-07-04 10:24:00,LOT047,W03,P200,ETCH,ETCH02,B,RCP_B,Thickness,101.323,100.0,98.0,102.0
2026-07-04 10:25:00,LOT047,W04,P200,ETCH,ETCH02,B,RCP_B,Thickness,101.285,100.0,98.0,102.0
2026-07-04 10:26:00,LOT047,W05,P200,ETCH,ETCH02,A,RCP_B,Thickness,100.902,100.0,98.0,102.0
2026-07-04 10:27:00,LOT047,W06,P200,ETCH,ETCH02,A,RCP_B,Thickness,100.544,100.0,98.0,102.0
2026-07-04 10:28:00,LOT047,W07,P200,ETCH,ETCH02,B,RCP_B,Thickness,100.519,100.0,98.0,102.0
2026-07-04 10:29:00,LOT047,W08,P200,ETCH,ETCH02,B,RCP_B,Thickness,100.986,100.0,98.0,102.0
2026-07-04 10:30:00,LOT047,W09,P200,ETCH,ETCH02,A,RCP_B,Thickness,100.537,100.0,98.0,102.0
2026-07-04 10:31:00,LOT047,W10,P200,ETCH,ETCH02,A,RCP_B,Thickness,101.109,100.0,98.0,102.0
2026-07-04 10:32:00,LOT047,W11,P200,ETCH,ETCH02,A,RCP_B,Thickness,101.865,100.0,98.0,102.0
2026-07-04 10:33:00,LOT047,W12,P200,ETCH,ETCH02,B,RCP_B,Thickness,101.11,100.0,98.0,102.0
2026-07-04 10:34:00,LOT047,W13,P200,ETCH,ETCH02,A,RCP_B,Thickness,101.413,100.0,98.0,102.0
2026-07-04 10:35:00,LOT047,W14,P200,ETCH,ETCH02,B,RCP_B,Thickness,101.235,100.0,98.0,102.0
2026-07-04 10:36:00,LOT047,W15,P200,ETCH,ETCH02,A,RCP_B,Thickness,100.726,100.0,98.0,102.0
2026-07-04 10:37:00,LOT047,W16,P200,ETCH,ETCH02,A,RCP_B,Thickness,100.943,100.0,98.0,102.0
2026-07-04 10:38:00,LOT047,W17,P200,ETCH,ETCH02,B,RCP_B,Thickness,101.4,100.0,98.0,102.0
2026-07-04 10:39:00,LOT047,W18,P200,ETCH,ETCH02,B,RCP_B,Thickness,101.266,100.0,98.0,102.0
2026-07-04 10:40:00,LOT047,W19,P200,ETCH,ETCH02,A,RCP_B,Thickness,101.338,100.0,98.0,102.0
2026-07-04 10:41:00,LOT047,W20,P200,ETCH,ETCH02,A,RCP_B,Thickness,101.267,100.0,98.0,102.0
2026-07-04 10:42:00,LOT047,W21,P200,ETCH,ETCH02,B,RCP_B,Thickness,101.397,100.0,98.0,102.0
2026-07-04 10:43:00,LOT047,W22,P200,ETCH,ETCH02,B,RCP_B,Thickness,100.763,100.0,98.0,102.0
2026-07-04 10:44:00,LOT047,W23,P200,ETCH,ETCH02,B,RCP_B,Thickness,101.344,100.0,98.0,102.0
2026-07-04 10:45:00,LOT047,W24,P200,ETCH,ETCH02,B,RCP_B,Thickness,100.476,100.0,98.0,102.0
2026-07-04 10:46:00,LOT047,W25,P200,ETCH,ETCH02,B,RCP_B,Thickness,100.981,100.0,98.0,102.0
2026-07-04 10:25:00,LOT048,W01,P300,ETCH,ETCH03,A,RCP_C,Thickness,98.975,100.0,98.0,102.0
2026-07-04 10:26:00,LOT048,W02,P300,ETCH,ETCH03,A,RCP_C,Thickness,99.628,100.0,98.0,102.0
2026-07-04 10:27:00,LOT048,W03,P300,ETCH,ETCH03,B,RCP_C,Thickness,99.305,100.0,98.0,102.0
2026-07-04 10:28:00,LOT048,W04,P300,ETCH,ETCH03,B,RCP_C,Thickness,99.268,100.0,98.0,102.0
2026-07-04 10:29:00,LOT048,W05,P300,ETCH,ETCH03,A,RCP_C,Thickness,99.198,100.0,98.0,102.0
2026-07-04 10:30:00,LOT048,W06,P300,ETCH,ETCH03,B,RCP_C,Thickness,99.676,100.0,98.0,102.0
2026-07-04 10:31:00,LOT048,W07,P300,ETCH,ETCH03,B,RCP_C,Thickness,99.599,100.0,98.0,102.0
2026-07-04 10:32:00,LOT048,W08,P300,ETCH,ETCH03,A,RCP_C,Thickness,99.265,100.0,98.0,102.0
2026-07-04 10:33:00,LOT048,W09,P300,ETCH,ETCH03,A,RCP_C,Thickness,99.136,100.0,98.0,102.0
2026-07-04 10:34:00,LOT048,W10,P300,ETCH,ETCH03,B,RCP_C,Thickness,98.85,100.0,98.0,102.0
2026-07-04 10:35:00,LOT048,W11,P300,ETCH,ETCH03,B,RCP_C,Thickness,95.924,100.0,98.0,102.0
2026-07-04 10:36:00,LOT048,W12,P300,ETCH,ETCH03,B,RCP_C,Thickness,99.513,100.0,98.0,102.0
2026-07-04 10:37:00,LOT048,W13,P300,ETCH,ETCH03,A,RCP_C,Thickness,98.959,100.0,98.0,102.0
2026-07-04 10:38:00,LOT048,W14,P300,ETCH,ETCH03,A,RCP_C,Thickness,99.278,100.0,98.0,102.0
2026-07-04 10:39:00,LOT048,W15,P300,ETCH,ETCH03,B,RCP_C,Thickness,99.118,100.0,98.0,102.0
2026-07-04 10:40:00,LOT048,W16,P300,ETCH,ETCH03,B,RCP_C,Thickness,98.882,100.0,98.0,102.0
2026-07-04 10:41:00,LOT048,W17,P300,ETCH,ETCH03,A,RCP_C,Thickness,99.535,100.0,98.0,102.0
2026-07-04 10:42:00,LOT048,W18,P300,ETCH,ETCH03,B,RCP_C,Thickness,99.678,100.0,98.0,102.0
2026-07-04 10:43:00,LOT048,W19,P300,ETCH,ETCH03,B,RCP_C,Thickness,99.229,100.0,98.0,102.0
2026-07-04 10:44:00,LOT048,W20,P300,ETCH,ETCH03,B,RCP_C,Thickness,99.543,100.0,98.0,102.0
2026-07-04 10:45:00,LOT048,W21,P300,ETCH,ETCH03,A,RCP_C,Thickness,98.932,100.0,98.0,102.0
2026-07-04 10:46:00,LOT048,W22,P300,ETCH,ETCH03,B,RCP_C,Thickness,98.994,100.0,98.0,102.0
2026-07-04 10:47:00,LOT048,W23,P300,ETCH,ETCH03,A,RCP_C,Thickness,98.573,100.0,98.0,102.0
2026-07-04 10:48:00,LOT048,W24,P300,ETCH,ETCH03,B,RCP_C,Thickness,99.154,100.0,98.0,102.0
2026-07-04 10:49:00,LOT048,W25,P300,ETCH,ETCH03,B,RCP_C,Thickness,98.726,100.0,98.0,102.0
2026-07-05 10:28:00,LOT049,W01,P100,ETCH,ETCH01,B,RCP_A,Thickness,100.263,100.0,98.0,102.0
2026-07-05 10:29:00,LOT049,W02,P100,ETCH,ETCH01,A,RCP_A,Thickness,99.745,100.0,98.0,102.0
2026-07-05 10:30:00,LOT049,W03,P100,ETCH,ETCH01,A,RCP_A,Thickness,100.113,100.0,98.0,102.0
2026-07-05 10:31:00,LOT049,W04,P100,ETCH,ETCH01,A,RCP_A,Thickness,100.039,100.0,98.0,102.0
2026-07-05 10:32:00,LOT049,W05,P100,ETCH,ETCH01,B,RCP_A,Thickness,100.076,100.0,98.0,102.0
2026-07-05 10:33:00,LOT049,W06,P100,ETCH,ETCH01,A,RCP_A,Thickness,100.1,100.0,98.0,102.0
2026-07-05 10:34:00,LOT049,W07,P100,ETCH,ETCH01,A,RCP_A,Thickness,99.758,100.0,98.0,102.0
2026-07-05 10:35:00,LOT049,W08,P100,ETCH,ETCH01,A,RCP_A,Thickness,100.298,100.0,98.0,102.0
2026-07-05 10:36:00,LOT049,W09,P100,ETCH,ETCH01,B,RCP_A,Thickness,100.048,100.0,98.0,102.0
2026-07-05 10:37:00,LOT049,W10,P100,ETCH,ETCH01,B,RCP_A,Thickness,100.611,100.0,98.0,102.0
2026-07-05 10:38:00,LOT049,W11,P100,ETCH,ETCH01,A,RCP_A,Thickness,100.31,100.0,98.0,102.0
2026-07-05 10:39:00,LOT049,W12,P100,ETCH,ETCH01,B,RCP_A,Thickness,99.846,100.0,98.0,102.0
2026-07-05 10:40:00,LOT049,W13,P100,ETCH,ETCH01,A,RCP_A,Thickness,100.265,100.0,98.0,102.0
2026-07-05 10:41:00,LOT049,W14,P100,ETCH,ETCH01,B,RCP_A,Thickness,100.022,100.0,98.0,102.0
2026-07-05 10:42:00,LOT049,W15,P100,ETCH,ETCH01,B,RCP_A,Thickness,100.014,100.0,98.0,102.0
2026-07-05 10:43:00,LOT049,W16,P100,ETCH,ETCH01,A,RCP_A,Thickness,99.56,100.0,98.0,102.0
2026-07-05 10:44:00,LOT049,W17,P100,ETCH,ETCH01,A,RCP_A,Thickness,100.137,100.0,98.0,102.0
2026-07-05 10:45:00,LOT049,W18,P100,ETCH,ETCH01,A,RCP_A,Thickness,99.986,100.0,98.0,102.0
2026-07-05 10:46:00,LOT049,W19,P100,ETCH,ETCH01,B,RCP_A,Thickness,99.95,100.0,98.0,102.0
2026-07-05 10:47:00,LOT049,W20,P100,ETCH,ETCH01,B,RCP_A,Thickness,100.27,100.0,98.0,102.0
2026-07-05 10:48:00,LOT049,W21,P100,ETCH,ETCH01,B,RCP_A,Thickness,99.949,100.0,98.0,102.0
2026-07-05 10:49:00,LOT049,W22,P100,ETCH,ETCH01,B,RCP_A,Thickness,99.803,100.0,98.0,102.0
2026-07-05 10:50:00,LOT049,W23,P100,ETCH,ETCH01,B,RCP_A,Thickness,99.544,100.0,98.0,102.0
2026-07-05 10:51:00,LOT049,W24,P100,ETCH,ETCH01,B,RCP_A,Thickness,100.027,100.0,98.0,102.0
2026-07-05 10:52:00,LOT049,W25,P100,ETCH,ETCH01,A,RCP_A,Thickness,99.39,100.0,98.0,102.0
2026-07-05 10:31:00,LOT050,W01,P200,ETCH,ETCH02,B,RCP_B,Thickness,100.971,100.0,98.0,102.0
2026-07-05 10:32:00,LOT050,W02,P200,ETCH,ETCH02,A,RCP_B,Thickness,101.434,100.0,98.0,102.0
2026-07-05 10:33:00,LOT050,W03,P200,ETCH,ETCH02,B,RCP_B,Thickness,100.705,100.0,98.0,102.0
2026-07-05 10:34:00,LOT050,W04,P200,ETCH,ETCH02,B,RCP_B,Thickness,101.702,100.0,98.0,102.0
2026-07-05 10:35:00,LOT050,W05,P200,ETCH,ETCH02,A,RCP_B,Thickness,101.036,100.0,98.0,102.0
2026-07-05 10:36:00,LOT050,W06,P200,ETCH,ETCH02,B,RCP_B,Thickness,100.335,100.0,98.0,102.0
2026-07-05 10:37:00,LOT050,W07,P200,ETCH,ETCH02,A,RCP_B,Thickness,101.304,100.0,98.0,102.0
2026-07-05 10:38:00,LOT050,W08,P200,ETCH,ETCH02,B,RCP_B,Thickness,100.591,100.0,98.0,102.0
2026-07-05 10:39:00,LOT050,W09,P200,ETCH,ETCH02,B,RCP_B,Thickness,101.473,100.0,98.0,102.0
2026-07-05 10:40:00,LOT050,W10,P200,ETCH,ETCH02,B,RCP_B,Thickness,101.467,100.0,98.0,102.0
2026-07-05 10:41:00,LOT050,W11,P200,ETCH,ETCH02,B,RCP_B,Thickness,101.115,100.0,98.0,102.0
2026-07-05 10:42:00,LOT050,W12,P200,ETCH,ETCH02,B,RCP_B,Thickness,101.234,100.0,98.0,102.0
2026-07-05 10:43:00,LOT050,W13,P200,ETCH,ETCH02,A,RCP_B,Thickness,100.913,100.0,98.0,102.0
2026-07-05 10:44:00,LOT050,W14,P200,ETCH,ETCH02,A,RCP_B,Thickness,100.882,100.0,98.0,102.0
2026-07-05 10:45:00,LOT050,W15,P200,ETCH,ETCH02,A,RCP_B,Thickness,100.878,100.0,98.0,102.0
2026-07-05 10:46:00,LOT050,W16,P200,ETCH,ETCH02,B,RCP_B,Thickness,101.172,100.0,98.0,102.0
2026-07-05 10:47:00,LOT050,W17,P200,ETCH,ETCH02,B,RCP_B,Thickness,100.846,100.0,98.0,102.0
2026-07-05 10:48:00,LOT050,W18,P200,ETCH,ETCH02,A,RCP_B,Thickness,101.046,100.0,98.0,102.0
2026-07-05 10:49:00,LOT050,W19,P200,ETCH,ETCH02,B,RCP_B,Thickness,100.848,100.0,98.0,102.0
2026-07-05 10:50:00,LOT050,W20,P200,ETCH,ETCH02,A,RCP_B,Thickness,101.637,100.0,98.0,102.0
2026-07-05 10:51:00,LOT050,W21,P200,ETCH,ETCH02,A,RCP_B,Thickness,101.258,100.0,98.0,102.0
2026-07-05 10:52:00,LOT050,W22,P200,ETCH,ETCH02,B,RCP_B,Thickness,100.674,100.0,98.0,102.0
2026-07-05 10:53:00,LOT050,W23,P200,ETCH,ETCH02,A,RCP_B,Thickness,101.369,100.0,98.0,102.0
2026-07-05 10:54:00,LOT050,W24,P200,ETCH,ETCH02,A,RCP_B,Thickness,100.561,100.0,98.0,102.0
2026-07-05 10:55:00,LOT050,W25,P200,ETCH,ETCH02,A,RCP_B,Thickness,100.941,100.0,98.0,102.0
2026-07-05 10:34:00,LOT051,W01,P300,ETCH,ETCH03,A,RCP_C,Thickness,99.041,100.0,98.0,102.0
2026-07-05 10:35:00,LOT051,W02,P300,ETCH,ETCH03,B,RCP_C,Thickness,99.623,100.0,98.0,102.0
2026-07-05 10:36:00,LOT051,W03,P300,ETCH,ETCH03,B,RCP_C,Thickness,99.336,100.0,98.0,102.0
2026-07-05 10:37:00,LOT051,W04,P300,ETCH,ETCH03,A,RCP_C,Thickness,98.926,100.0,98.0,102.0
2026-07-05 10:38:00,LOT051,W05,P300,ETCH,ETCH03,A,RCP_C,Thickness,99.528,100.0,98.0,102.0
2026-07-05 10:39:00,LOT051,W06,P300,ETCH,ETCH03,B,RCP_C,Thickness,99.563,100.0,98.0,102.0
2026-07-05 10:40:00,LOT051,W07,P300,ETCH,ETCH03,A,RCP_C,Thickness,99.083,100.0,98.0,102.0
2026-07-05 10:41:00,LOT051,W08,P300,ETCH,ETCH03,B,RCP_C,Thickness,99.998,100.0,98.0,102.0
2026-07-05 10:42:00,LOT051,W09,P300,ETCH,ETCH03,A,RCP_C,Thickness,98.88,100.0,98.0,102.0
2026-07-05 10:43:00,LOT051,W10,P300,ETCH,ETCH03,A,RCP_C,Thickness,99.153,100.0,98.0,102.0
2026-07-05 10:44:00,LOT051,W11,P300,ETCH,ETCH03,B,RCP_C,Thickness,98.475,100.0,98.0,102.0
2026-07-05 10:45:00,LOT051,W12,P300,ETCH,ETCH03,B,RCP_C,Thickness,99.104,100.0,98.0,102.0
2026-07-05 10:46:00,LOT051,W13,P300,ETCH,ETCH03,A,RCP_C,Thickness,99.431,100.0,98.0,102.0
2026-07-05 10:47:00,LOT051,W14,P300,ETCH,ETCH03,A,RCP_C,Thickness,99.51,100.0,98.0,102.0
2026-07-05 10:48:00,LOT051,W15,P300,ETCH,ETCH03,A,RCP_C,Thickness,99.783,100.0,98.0,102.0
2026-07-05 10:49:00,LOT051,W16,P300,ETCH,ETCH03,B,RCP_C,Thickness,98.647,100.0,98.0,102.0
2026-07-05 10:50:00,LOT051,W17,P300,ETCH,ETCH03,A,RCP_C,Thickness,99.267,100.0,98.0,102.0
2026-07-05 10:51:00,LOT051,W18,P300,ETCH,ETCH03,B,RCP_C,Thickness,99.426,100.0,98.0,102.0
2026-07-05 10:52:00,LOT051,W19,P300,ETCH,ETCH03,B,RCP_C,Thickness,99.654,100.0,98.0,102.0
2026-07-05 10:53:00,LOT051,W20,P300,ETCH,ETCH03,A,RCP_C,Thickness,99.669,100.0,98.0,102.0
2026-07-05 10:54:00,LOT051,W21,P300,ETCH,ETCH03,B,RCP_C,Thickness,98.989,100.0,98.0,102.0
2026-07-05 10:55:00,LOT051,W22,P300,ETCH,ETCH03,A,RCP_C,Thickness,99.328,100.0,98.0,102.0
2026-07-05 10:56:00,LOT051,W23,P300,ETCH,ETCH03,B,RCP_C,Thickness,99.613,100.0,98.0,102.0
2026-07-05 10:57:00,LOT051,W24,P300,ETCH,ETCH03,B,RCP_C,Thickness,98.474,100.0,98.0,102.0
2026-07-05 10:58:00,LOT051,W25,P300,ETCH,ETCH03,A,RCP_C,Thickness,99.182,100.0,98.0,102.0
2026-07-05 10:37:00,LOT052,W01,P100,ETCH,ETCH01,B,RCP_A,Thickness,99.513,100.0,98.0,102.0
2026-07-05 10:38:00,LOT052,W02,P100,ETCH,ETCH01,B,RCP_A,Thickness,100.281,100.0,98.0,102.0
2026-07-05 10:39:00,LOT052,W03,P100,ETCH,ETCH01,B,RCP_A,Thickness,99.729,100.0,98.0,102.0
2026-07-05 10:40:00,LOT052,W04,P100,ETCH,ETCH01,A,RCP_A,Thickness,100.215,100.0,98.0,102.0
2026-07-05 10:41:00,LOT052,W05,P100,ETCH,ETCH01,A,RCP_A,Thickness,100.427,100.0,98.0,102.0
2026-07-05 10:42:00,LOT052,W06,P100,ETCH,ETCH01,A,RCP_A,Thickness,99.939,100.0,98.0,102.0
2026-07-05 10:43:00,LOT052,W07,P100,ETCH,ETCH01,A,RCP_A,Thickness,100.727,100.0,98.0,102.0
2026-07-05 10:44:00,LOT052,W08,P100,ETCH,ETCH01,A,RCP_A,Thickness,100.177,100.0,98.0,102.0
2026-07-05 10:45:00,LOT052,W09,P100,ETCH,ETCH01,A,RCP_A,Thickness,99.575,100.0,98.0,102.0
2026-07-05 10:46:00,LOT052,W10,P100,ETCH,ETCH01,B,RCP_A,Thickness,98.769,100.0,98.0,102.0
2026-07-05 10:47:00,LOT052,W11,P100,ETCH,ETCH01,A,RCP_A,Thickness,99.655,100.0,98.0,102.0
2026-07-05 10:48:00,LOT052,W12,P100,ETCH,ETCH01,A,RCP_A,Thickness,100.363,100.0,98.0,102.0
2026-07-05 10:49:00,LOT052,W13,P100,ETCH,ETCH01,A,RCP_A,Thickness,99.706,100.0,98.0,102.0
2026-07-05 10:50:00,LOT052,W14,P100,ETCH,ETCH01,A,RCP_A,Thickness,99.671,100.0,98.0,102.0
2026-07-05 10:51:00,LOT052,W15,P100,ETCH,ETCH01,A,RCP_A,Thickness,100.25,100.0,98.0,102.0
2026-07-05 10:52:00,LOT052,W16,P100,ETCH,ETCH01,A,RCP_A,Thickness,99.793,100.0,98.0,102.0
2026-07-05 10:53:00,LOT052,W17,P100,ETCH,ETCH01,A,RCP_A,Thickness,100.073,100.0,98.0,102.0
2026-07-05 10:54:00,LOT052,W18,P100,ETCH,ETCH01,B,RCP_A,Thickness,100.093,100.0,98.0,102.0
2026-07-05 10:55:00,LOT052,W19,P100,ETCH,ETCH01,A,RCP_A,Thickness,99.963,100.0,98.0,102.0
2026-07-05 10:56:00,LOT052,W20,P100,ETCH,ETCH01,B,RCP_A,Thickness,100.052,100.0,98.0,102.0
2026-07-05 10:57:00,LOT052,W21,P100,ETCH,ETCH01,B,RCP_A,Thickness,100.518,100.0,98.0,102.0
2026-07-05 10:58:00,LOT052,W22,P100,ETCH,ETCH01,B,RCP_A,Thickness,100.073,100.0,98.0,102.0
2026-07-05 10:59:00,LOT052,W23,P100,ETCH,ETCH01,A,RCP_A,Thickness,99.932,100.0,98.0,102.0
2026-07-05 11:00:00,LOT052,W24,P100,ETCH,ETCH01,B,RCP_A,Thickness,100.139,100.0,98.0,102.0
2026-07-05 11:01:00,LOT052,W25,P100,ETCH,ETCH01,A,RCP_A,Thickness,99.764,100.0,98.0,102.0
2026-07-05 10:40:00,LOT053,W01,P200,ETCH,ETCH02,B,RCP_B,Thickness,100.712,100.0,98.0,102.0
2026-07-05 10:41:00,LOT053,W02,P200,ETCH,ETCH02,B,RCP_B,Thickness,101.432,100.0,98.0,102.0
2026-07-05 10:42:00,LOT053,W03,P200,ETCH,ETCH02,A,RCP_B,Thickness,100.725,100.0,98.0,102.0
2026-07-05 10:43:00,LOT053,W04,P200,ETCH,ETCH02,B,RCP_B,Thickness,101.016,100.0,98.0,102.0
2026-07-05 10:44:00,LOT053,W05,P200,ETCH,ETCH02,A,RCP_B,Thickness,100.859,100.0,98.0,102.0
2026-07-05 10:45:00,LOT053,W06,P200,ETCH,ETCH02,A,RCP_B,Thickness,101.048,100.0,98.0,102.0
2026-07-05 10:46:00,LOT053,W07,P200,ETCH,ETCH02,B,RCP_B,Thickness,101.104,100.0,98.0,102.0
2026-07-05 10:47:00,LOT053,W08,P200,ETCH,ETCH02,A,RCP_B,Thickness,101.269,100.0,98.0,102.0
2026-07-05 10:48:00,LOT053,W09,P200,ETCH,ETCH02,B,RCP_B,Thickness,101.259,100.0,98.0,102.0
2026-07-05 10:49:00,LOT053,W10,P200,ETCH,ETCH02,B,RCP_B,Thickness,100.532,100.0,98.0,102.0
2026-07-05 10:50:00,LOT053,W11,P200,ETCH,ETCH02,A,RCP_B,Thickness,100.833,100.0,98.0,102.0
2026-07-05 10:51:00,LOT053,W12,P200,ETCH,ETCH02,A,RCP_B,Thickness,100.762,100.0,98.0,102.0
2026-07-05 10:52:00,LOT053,W13,P200,ETCH,ETCH02,A,RCP_B,Thickness,101.328,100.0,98.0,102.0
2026-07-05 10:53:00,LOT053,W14,P200,ETCH,ETCH02,A,RCP_B,Thickness,101.364,100.0,98.0,102.0
2026-07-05 10:54:00,LOT053,W15,P200,ETCH,ETCH02,B,RCP_B,Thickness,101.423,100.0,98.0,102.0
2026-07-05 10:55:00,LOT053,W16,P200,ETCH,ETCH02,A,RCP_B,Thickness,100.852,100.0,98.0,102.0
2026-07-05 10:56:00,LOT053,W17,P200,ETCH,ETCH02,B,RCP_B,Thickness,101.281,100.0,98.0,102.0
2026-07-05 10:57:00,LOT053,W18,P200,ETCH,ETCH02,B,RCP_B,Thickness,100.97,100.0,98.0,102.0
2026-07-05 10:58:00,LOT053,W19,P200,ETCH,ETCH02,A,RCP_B,Thickness,101.119,100.0,98.0,102.0
2026-07-05 10:59:00,LOT053,W20,P200,ETCH,ETCH02,A,RCP_B,Thickness,101.403,100.0,98.0,102.0
2026-07-05 11:00:00,LOT053,W21,P200,ETCH,ETCH02,B,RCP_B,Thickness,101.313,100.0,98.0,102.0
2026-07-05 11:01:00,LOT053,W22,P200,ETCH,ETCH02,A,RCP_B,Thickness,101.513,100.0,98.0,102.0
2026-07-05 11:02:00,LOT053,W23,P200,ETCH,ETCH02,B,RCP_B,Thickness,101.093,100.0,98.0,102.0
2026-07-05 11:03:00,LOT053,W24,P200,ETCH,ETCH02,B,RCP_B,Thickness,101.097,100.0,98.0,102.0
2026-07-05 11:04:00,LOT053,W25,P200,ETCH,ETCH02,A,RCP_B,Thickness,101.382,100.0,98.0,102.0
2026-07-05 10:43:00,LOT054,W01,P300,ETCH,ETCH03,A,RCP_C,Thickness,99.977,100.0,98.0,102.0
2026-07-05 10:44:00,LOT054,W02,P300,ETCH,ETCH03,A,RCP_C,Thickness,103.456,100.0,98.0,102.0
2026-07-05 10:45:00,LOT054,W03,P300,ETCH,ETCH03,B,RCP_C,Thickness,99.048,100.0,98.0,102.0
2026-07-05 10:46:00,LOT054,W04,P300,ETCH,ETCH03,A,RCP_C,Thickness,99.18,100.0,98.0,102.0
2026-07-05 10:47:00,LOT054,W05,P300,ETCH,ETCH03,B,RCP_C,Thickness,98.949,100.0,98.0,102.0
2026-07-05 10:48:00,LOT054,W06,P300,ETCH,ETCH03,B,RCP_C,Thickness,98.927,100.0,98.0,102.0
2026-07-05 10:49:00,LOT054,W07,P300,ETCH,ETCH03,A,RCP_C,Thickness,99.81,100.0,98.0,102.0
2026-07-05 10:50:00,LOT054,W08,P300,ETCH,ETCH03,B,RCP_C,Thickness,99.048,100.0,98.0,102.0
2026-07-05 10:51:00,LOT054,W09,P300,ETCH,ETCH03,B,RCP_C,Thickness,99.336,100.0,98.0,102.0
2026-07-05 10:52:00,LOT054,W10,P300,ETCH,ETCH03,B,RCP_C,Thickness,99.298,100.0,98.0,102.0
2026-07-05 10:53:00,LOT054,W11,P300,ETCH,ETCH03,A,RCP_C,Thickness,99.337,100.0,98.0,102.0
2026-07-05 10:54:00,LOT054,W12,P300,ETCH,ETCH03,A,RCP_C,Thickness,98.963,100.0,98.0,102.0
2026-07-05 10:55:00,LOT054,W13,P300,ETCH,ETCH03,B,RCP_C,Thickness,99.258,100.0,98.0,102.0
2026-07-05 10:56:00,LOT054,W14,P300,ETCH,ETCH03,A,RCP_C,Thickness,99.586,100.0,98.0,102.0
2026-07-05 10:57:00,LOT054,W15,P300,ETCH,ETCH03,B,RCP_C,Thickness,99.72,100.0,98.0,102.0
2026-07-05 10:58:00,LOT054,W16,P300,ETCH,ETCH03,B,RCP_C,Thickness,99.652,100.0,98.0,102.0
2026-07-05 10:59:00,LOT054,W17,P300,ETCH,ETCH03,B,RCP_C,Thickness,99.282,100.0,98.0,102.0
2026-07-05 11:00:00,LOT054,W18,P300,ETCH,ETCH03,B,RCP_C,Thickness,99.293,100.0,98.0,102.0
2026-07-05 11:01:00,LOT054,W19,P300,ETCH,ETCH03,B,RCP_C,Thickness,99.599,100.0,98.0,102.0
2026-07-05 11:02:00,LOT054,W20,P300,ETCH,ETCH03,A,RCP_C,Thickness,99.295,100.0,98.0,102.0
2026-07-05 11:03:00,LOT054,W21,P300,ETCH,ETCH03,A,RCP_C,Thickness,98.919,100.0,98.0,102.0
2026-07-05 11:04:00,LOT054,W22,P300,ETCH,ETCH03,B,RCP_C,Thickness,99.441,100.0,98.0,102.0
2026-07-05 11:05:00,LOT054,W23,P300,ETCH,ETCH03,A,RCP_C,Thickness,98.687,100.0,98.0,102.0
2026-07-05 11:06:00,LOT054,W24,P300,ETCH,ETCH03,A,RCP_C,Thickness,99.518,100.0,98.0,102.0
2026-07-05 11:07:00,LOT054,W25,P300,ETCH,ETCH03,B,RCP_C,Thickness,98.686,100.0,98.0,102.0
2026-07-05 10:46:00,LOT055,W01,P100,ETCH,ETCH01,B,RCP_A,Thickness,100.025,100.0,98.0,102.0
2026-07-05 10:47:00,LOT055,W02,P100,ETCH,ETCH01,B,RCP_A,Thickness,100.141,100.0,98.0,102.0
2026-07-05 10:48:00,LOT055,W03,P100,ETCH,ETCH01,B,RCP_A,Thickness,99.68,100.0,98.0,102.0
2026-07-05 10:49:00,LOT055,W04,P100,ETCH,ETCH01,A,RCP_A,Thickness,99.721,100.0,98.0,102.0
2026-07-05 10:50:00,LOT055,W05,P100,ETCH,ETCH01,A,RCP_A,Thickness,99.761,100.0,98.0,102.0
2026-07-05 10:51:00,LOT055,W06,P100,ETCH,ETCH01,B,RCP_A,Thickness,99.71,100.0,98.0,102.0
2026-07-05 10:52:00,LOT055,W07,P100,ETCH,ETCH01,A,RCP_A,Thickness,99.607,100.0,98.0,102.0
2026-07-05 10:53:00,LOT055,W08,P100,ETCH,ETCH01,A,RCP_A,Thickness,99.653,100.0,98.0,102.0
2026-07-05 10:54:00,LOT055,W09,P100,ETCH,ETCH01,A,RCP_A,Thickness,100.609,100.0,98.0,102.0
2026-07-05 10:55:00,LOT055,W10,P100,ETCH,ETCH01,B,RCP_A,Thickness,99.988,100.0,98.0,102.0
2026-07-05 10:56:00,LOT055,W11,P100,ETCH,ETCH01,A,RCP_A,Thickness,99.432,100.0,98.0,102.0
2026-07-05 10:57:00,LOT055,W12,P100,ETCH,ETCH01,A,RCP_A,Thickness,99.936,100.0,98.0,102.0
2026-07-05 10:58:00,LOT055,W13,P100,ETCH,ETCH01,B,RCP_A,Thickness,99.63,100.0,98.0,102.0
2026-07-05 10:59:00,LOT055,W14,P100,ETCH,ETCH01,A,RCP_A,Thickness,100.527,100.0,98.0,102.0
2026-07-05 11:00:00,LOT055,W15,P100,ETCH,ETCH01,B,RCP_A,Thickness,99.757,100.0,98.0,102.0
2026-07-05 11:01:00,LOT055,W16,P100,ETCH,ETCH01,A,RCP_A,Thickness,99.877,100.0,98.0,102.0
2026-07-05 11:02:00,LOT055,W17,P100,ETCH,ETCH01,B,RCP_A,Thickness,99.906,100.0,98.0,102.0
2026-07-05 11:03:00,LOT055,W18,P100,ETCH,ETCH01,B,RCP_A,Thickness,100.147,100.0,98.0,102.0
2026-07-05 11:04:00,LOT055,W19,P100,ETCH,ETCH01,B,RCP_A,Thickness,99.687,100.0,98.0,102.0
2026-07-05 11:05:00,LOT055,W20,P100,ETCH,ETCH01,A,RCP_A,Thickness,99.145,100.0,98.0,102.0
2026-07-05 11:06:00,LOT055,W21,P100,ETCH,ETCH01,B,RCP_A,Thickness,99.689,100.0,98.0,102.0
2026-07-05 11:07:00,LOT055,W22,P100,ETCH,ETCH01,B,RCP_A,Thickness,99.322,100.0,98.0,102.0
2026-07-05 11:08:00,LOT055,W23,P100,ETCH,ETCH01,A,RCP_A,Thickness,99.543,100.0,98.0,102.0
2026-07-05 11:09:00,LOT055,W24,P100,ETCH,ETCH01,A,RCP_A,Thickness,100.415,100.0,98.0,102.0
2026-07-05 11:10:00,LOT055,W25,P100,ETCH,ETCH01,B,RCP_A,Thickness,100.406,100.0,98.0,102.0
2026-07-05 10:49:00,LOT056,W01,P200,ETCH,ETCH02,B,RCP_B,Thickness,100.933,100.0,98.0,102.0
2026-07-05 10:50:00,LOT056,W02,P200,ETCH,ETCH02,A,RCP_B,Thickness,100.582,100.0,98.0,102.0
2026-07-05 10:51:00,LOT056,W03,P200,ETCH,ETCH02,A,RCP_B,Thickness,101.395,100.0,98.0,102.0
2026-07-05 10:52:00,LOT056,W04,P200,ETCH,ETCH02,B,RCP_B,Thickness,101.14,100.0,98.0,102.0
2026-07-05 10:53:00,LOT056,W05,P200,ETCH,ETCH02,A,RCP_B,Thickness,101.498,100.0,98.0,102.0
2026-07-05 10:54:00,LOT056,W06,P200,ETCH,ETCH02,A,RCP_B,Thickness,101.075,100.0,98.0,102.0
2026-07-05 10:55:00,LOT056,W07,P200,ETCH,ETCH02,A,RCP_B,Thickness,101.309,100.0,98.0,102.0
2026-07-05 10:56:00,LOT056,W08,P200,ETCH,ETCH02,A,RCP_B,Thickness,101.22,100.0,98.0,102.0
2026-07-05 10:57:00,LOT056,W09,P200,ETCH,ETCH02,A,RCP_B,Thickness,100.769,100.0,98.0,102.0
2026-07-05 10:58:00,LOT056,W10,P200,ETCH,ETCH02,B,RCP_B,Thickness,100.601,100.0,98.0,102.0
2026-07-05 10:59:00,LOT056,W11,P200,ETCH,ETCH02,A,RCP_B,Thickness,100.66,100.0,98.0,102.0
2026-07-05 11:00:00,LOT056,W12,P200,ETCH,ETCH02,B,RCP_B,Thickness,100.754,100.0,98.0,102.0
2026-07-05 11:01:00,LOT056,W13,P200,ETCH,ETCH02,B,RCP_B,Thickness,100.77,100.0,98.0,102.0
2026-07-05 11:02:00,LOT056,W14,P200,ETCH,ETCH02,B,RCP_B,Thickness,100.583,100.0,98.0,102.0
2026-07-05 11:03:00,LOT056,W15,P200,ETCH,ETCH02,B,RCP_B,Thickness,101.399,100.0,98.0,102.0
2026-07-05 11:04:00,LOT056,W16,P200,ETCH,ETCH02,A,RCP_B,Thickness,100.7,100.0,98.0,102.0
2026-07-05 11:05:00,LOT056,W17,P200,ETCH,ETCH02,A,RCP_B,Thickness,101.045,100.0,98.0,102.0
2026-07-05 11:06:00,LOT056,W18,P200,ETCH,ETCH02,A,RCP_B,Thickness,100.926,100.0,98.0,102.0
2026-07-05 11:07:00,LOT056,W19,P200,ETCH,ETCH02,A,RCP_B,Thickness,100.682,100.0,98.0,102.0
2026-07-05 11:08:00,LOT056,W20,P200,ETCH,ETCH02,B,RCP_B,Thickness,100.779,100.0,98.0,102.0
2026-07-05 11:09:00,LOT056,W21,P200,ETCH,ETCH02,B,RCP_B,Thickness,100.899,100.0,98.0,102.0
2026-07-05 11:10:00,LOT056,W22,P200,ETCH,ETCH02,B,RCP_B,Thickness,101.082,100.0,98.0,102.0
2026-07-05 11:11:00,LOT056,W23,P200,ETCH,ETCH02,B,RCP_B,Thickness,101.444,100.0,98.0,102.0
2026-07-05 11:12:00,LOT056,W24,P200,ETCH,ETCH02,B,RCP_B,Thickness,101.183,100.0,98.0,102.0
2026-07-05 11:13:00,LOT056,W25,P200,ETCH,ETCH02,B,RCP_B,Thickness,101.577,100.0,98.0,102.0
2026-07-05 10:52:00,LOT057,W01,P300,ETCH,ETCH03,A,RCP_C,Thickness,98.422,100.0,98.0,102.0
2026-07-05 10:53:00,LOT057,W02,P300,ETCH,ETCH03,A,RCP_C,Thickness,98.877,100.0,98.0,102.0
2026-07-05 10:54:00,LOT057,W03,P300,ETCH,ETCH03,A,RCP_C,Thickness,98.652,100.0,98.0,102.0
2026-07-05 10:55:00,LOT057,W04,P300,ETCH,ETCH03,A,RCP_C,Thickness,99.065,100.0,98.0,102.0
2026-07-05 10:56:00,LOT057,W05,P300,ETCH,ETCH03,A,RCP_C,Thickness,99.483,100.0,98.0,102.0
2026-07-05 10:57:00,LOT057,W06,P300,ETCH,ETCH03,B,RCP_C,Thickness,99.669,100.0,98.0,102.0
2026-07-05 10:58:00,LOT057,W07,P300,ETCH,ETCH03,B,RCP_C,Thickness,99.296,100.0,98.0,102.0
2026-07-05 10:59:00,LOT057,W08,P300,ETCH,ETCH03,A,RCP_C,Thickness,99.992,100.0,98.0,102.0
2026-07-05 11:00:00,LOT057,W09,P300,ETCH,ETCH03,A,RCP_C,Thickness,99.358,100.0,98.0,102.0
2026-07-05 11:01:00,LOT057,W10,P300,ETCH,ETCH03,A,RCP_C,Thickness,99.562,100.0,98.0,102.0
2026-07-05 11:02:00,LOT057,W11,P300,ETCH,ETCH03,B,RCP_C,Thickness,99.28,100.0,98.0,102.0
2026-07-05 11:03:00,LOT057,W12,P300,ETCH,ETCH03,B,RCP_C,Thickness,99.63,100.0,98.0,102.0
2026-07-05 11:04:00,LOT057,W13,P300,ETCH,ETCH03,B,RCP_C,Thickness,99.809,100.0,98.0,102.0
2026-07-05 11:05:00,LOT057,W14,P300,ETCH,ETCH03,A,RCP_C,Thickness,99.786,100.0,98.0,102.0
2026-07-05 11:06:00,LOT057,W15,P300,ETCH,ETCH03,A,RCP_C,Thickness,99.584,100.0,98.0,102.0
2026-07-05 11:07:00,LOT057,W16,P300,ETCH,ETCH03,B,RCP_C,Thickness,99.263,100.0,98.0,102.0
2026-07-05 11:08:00,LOT057,W17,P300,ETCH,ETCH03,B,RCP_C,Thickness,99.564,100.0,98.0,102.0
2026-07-05 11:09:00,LOT057,W18,P300,ETCH,ETCH03,A,RCP_C,Thickness,99.081,100.0,98.0,102.0
2026-07-05 11:10:00,LOT057,W19,P300,ETCH,ETCH03,B,RCP_C,Thickness,98.875,100.0,98.0,102.0
2026-07-05 11:11:00,LOT057,W20,P300,ETCH,ETCH03,A,RCP_C,Thickness,99.527,100.0,98.0,102.0
2026-07-05 11:12:00,LOT057,W21,P300,ETCH,ETCH03,B,RCP_C,Thickness,99.342,100.0,98.0,102.0
2026-07-05 11:13:00,LOT057,W22,P300,ETCH,ETCH03,B,RCP_C,Thickness,99.603,100.0,98.0,102.0
2026-07-05 11:14:00,LOT057,W23,P300,ETCH,ETCH03,B,RCP_C,Thickness,99.249,100.0,98.0,102.0
2026-07-05 11:15:00,LOT057,W24,P300,ETCH,ETCH03,B,RCP_C,Thickness,99.676,100.0,98.0,102.0
2026-07-05 11:16:00,LOT057,W25,P300,ETCH,ETCH03,B,RCP_C,Thickness,99.109,100.0,98.0,102.0
2026-07-05 10:55:00,LOT058,W01,P100,ETCH,ETCH01,A,RCP_A,Thickness,100.115,100.0,98.0,102.0
2026-07-05 10:56:00,LOT058,W02,P100,ETCH,ETCH01,A,RCP_A,Thickness,100.086,100.0,98.0,102.0
2026-07-05 10:57:00,LOT058,W03,P100,ETCH,ETCH01,B,RCP_A,Thickness,100.341,100.0,98.0,102.0
2026-07-05 10:58:00,LOT058,W04,P100,ETCH,ETCH01,A,RCP_A,Thickness,100.056,100.0,98.0,102.0
2026-07-05 10:59:00,LOT058,W05,P100,ETCH,ETCH01,A,RCP_A,Thickness,99.577,100.0,98.0,102.0
2026-07-05 11:00:00,LOT058,W06,P100,ETCH,ETCH01,A,RCP_A,Thickness,100.7,100.0,98.0,102.0
2026-07-05 11:01:00,LOT058,W07,P100,ETCH,ETCH01,A,RCP_A,Thickness,100.41,100.0,98.0,102.0
2026-07-05 11:02:00,LOT058,W08,P100,ETCH,ETCH01,B,RCP_A,Thickness,99.83,100.0,98.0,102.0
2026-07-05 11:03:00,LOT058,W09,P100,ETCH,ETCH01,A,RCP_A,Thickness,100.064,100.0,98.0,102.0
2026-07-05 11:04:00,LOT058,W10,P100,ETCH,ETCH01,B,RCP_A,Thickness,100.198,100.0,98.0,102.0
2026-07-05 11:05:00,LOT058,W11,P100,ETCH,ETCH01,B,RCP_A,Thickness,99.761,100.0,98.0,102.0
2026-07-05 11:06:00,LOT058,W12,P100,ETCH,ETCH01,A,RCP_A,Thickness,100.531,100.0,98.0,102.0
2026-07-05 11:07:00,LOT058,W13,P100,ETCH,ETCH01,B,RCP_A,Thickness,99.897,100.0,98.0,102.0
2026-07-05 11:08:00,LOT058,W14,P100,ETCH,ETCH01,B,RCP_A,Thickness,99.505,100.0,98.0,102.0
2026-07-05 11:09:00,LOT058,W15,P100,ETCH,ETCH01,B,RCP_A,Thickness,99.927,100.0,98.0,102.0
2026-07-05 11:10:00,LOT058,W16,P100,ETCH,ETCH01,A,RCP_A,Thickness,100.127,100.0,98.0,102.0
2026-07-05 11:11:00,LOT058,W17,P100,ETCH,ETCH01,B,RCP_A,Thickness,99.644,100.0,98.0,102.0
2026-07-05 11:12:00,LOT058,W18,P100,ETCH,ETCH01,A,RCP_A,Thickness,100.643,100.0,98.0,102.0
2026-07-05 11:13:00,LOT058,W19,P100,ETCH,ETCH01,B,RCP_A,Thickness,100.0,100.0,98.0,102.0
2026-07-05 11:14:00,LOT058,W20,P100,ETCH,ETCH01,A,RCP_A,Thickness,99.845,100.0,98.0,102.0
2026-07-05 11:15:00,LOT058,W21,P100,ETCH,ETCH01,B,RCP_A,Thickness,99.623,100.0,98.0,102.0
2026-07-05 11:16:00,LOT058,W22,P100,ETCH,ETCH01,B,RCP_A,Thickness,100.14,100.0,98.0,102.0
2026-07-05 11:17:00,LOT058,W23,P100,ETCH,ETCH01,B,RCP_A,Thickness,99.549,100.0,98.0,102.0
2026-07-05 11:18:00,LOT058,W24,P100,ETCH,ETCH01,B,RCP_A,Thickness,99.835,100.0,98.0,102.0
2026-07-05 11:19:00,LOT058,W25,P100,ETCH,ETCH01,B,RCP_A,Thickness,100.128,100.0,98.0,102.0
2026-07-05 10:58:00,LOT059,W01,P200,ETCH,ETCH02,A,RCP_B,Thickness,101.02,100.0,98.0,102.0
2026-07-05 10:59:00,LOT059,W02,P200,ETCH,ETCH02,B,RCP_B,Thickness,101.415,100.0,98.0,102.0
2026-07-05 11:00:00,LOT059,W03,P200,ETCH,ETCH02,B,RCP_B,Thickness,100.464,100.0,98.0,102.0
2026-07-05 11:01:00,LOT059,W04,P200,ETCH,ETCH02,B,RCP_B,Thickness,101.407,100.0,98.0,102.0
2026-07-05 11:02:00,LOT059,W05,P200,ETCH,ETCH02,B,RCP_B,Thickness,100.844,100.0,98.0,102.0
2026-07-05 11:03:00,LOT059,W06,P200,ETCH,ETCH02,A,RCP_B,Thickness,100.862,100.0,98.0,102.0
2026-07-05 11:04:00,LOT059,W07,P200,ETCH,ETCH02,A,RCP_B,Thickness,101.462,100.0,98.0,102.0
2026-07-05 11:05:00,LOT059,W08,P200,ETCH,ETCH02,A,RCP_B,Thickness,101.183,100.0,98.0,102.0
2026-07-05 11:06:00,LOT059,W09,P200,ETCH,ETCH02,A,RCP_B,Thickness,100.928,100.0,98.0,102.0
2026-07-05 11:07:00,LOT059,W10,P200,ETCH,ETCH02,A,RCP_B,Thickness,100.499,100.0,98.0,102.0
2026-07-05 11:08:00,LOT059,W11,P200,ETCH,ETCH02,A,RCP_B,Thickness,100.885,100.0,98.0,102.0
2026-07-05 11:09:00,LOT059,W12,P200,ETCH,ETCH02,B,RCP_B,Thickness,101.303,100.0,98.0,102.0
2026-07-05 11:10:00,LOT059,W13,P200,ETCH,ETCH02,A,RCP_B,Thickness,100.724,100.0,98.0,102.0
2026-07-05 11:11:00,LOT059,W14,P200,ETCH,ETCH02,A,RCP_B,Thickness,101.64,100.0,98.0,102.0
2026-07-05 11:12:00,LOT059,W15,P200,ETCH,ETCH02,B,RCP_B,Thickness,101.405,100.0,98.0,102.0
2026-07-05 11:13:00,LOT059,W16,P200,ETCH,ETCH02,B,RCP_B,Thickness,101.221,100.0,98.0,102.0
2026-07-05 11:14:00,LOT059,W17,P200,ETCH,ETCH02,A,RCP_B,Thickness,101.481,100.0,98.0,102.0
2026-07-05 11:15:00,LOT059,W18,P200,ETCH,ETCH02,B,RCP_B,Thickness,101.465,100.0,98.0,102.0
2026-07-05 11:16:00,LOT059,W19,P200,ETCH,ETCH02,A,RCP_B,Thickness,101.229,100.0,98.0,102.0
2026-07-05 11:17:00,LOT059,W20,P200,ETCH,ETCH02,A,RCP_B,Thickness,101.592,100.0,98.0,102.0
2026-07-05 11:18:00,LOT059,W21,P200,ETCH,ETCH02,B,RCP_B,Thickness,101.239,100.0,98.0,102.0
2026-07-05 11:19:00,LOT059,W22,P200,ETCH,ETCH02,A,RCP_B,Thickness,100.97,100.0,98.0,102.0
2026-07-05 11:20:00,LOT059,W23,P200,ETCH,ETCH02,B,RCP_B,Thickness,101.282,100.0,98.0,102.0
2026-07-05 11:21:00,LOT059,W24,P200,ETCH,ETCH02,A,RCP_B,Thickness,101.744,100.0,98.0,102.0
2026-07-05 11:22:00,LOT059,W25,P200,ETCH,ETCH02,A,RCP_B,Thickness,100.842,100.0,98.0,102.0
2026-07-05 11:01:00,LOT060,W01,P300,ETCH,ETCH03,B,RCP_C,Thickness,99.07,100.0,98.0,102.0
2026-07-05 11:02:00,LOT060,W02,P300,ETCH,ETCH03,B,RCP_C,Thickness,99.311,100.0,98.0,102.0
2026-07-05 11:03:00,LOT060,W03,P300,ETCH,ETCH03,B,RCP_C,Thickness,99.255,100.0,98.0,102.0
2026-07-05 11:04:00,LOT060,W04,P300,ETCH,ETCH03,A,RCP_C,Thickness,99.195,100.0,98.0,102.0
2026-07-05 11:05:00,LOT060,W05,P300,ETCH,ETCH03,A,RCP_C,Thickness,99.41,100.0,98.0,102.0
2026-07-05 11:06:00,LOT060,W06,P300,ETCH,ETCH03,B,RCP_C,Thickness,100.381,100.0,98.0,102.0
2026-07-05 11:07:00,LOT060,W07,P300,ETCH,ETCH03,A,RCP_C,Thickness,98.798,100.0,98.0,102.0
2026-07-05 11:08:00,LOT060,W08,P300,ETCH,ETCH03,A,RCP_C,Thickness,99.113,100.0,98.0,102.0
2026-07-05 11:09:00,LOT060,W09,P300,ETCH,ETCH03,A,RCP_C,Thickness,98.709,100.0,98.0,102.0
2026-07-05 11:10:00,LOT060,W10,P300,ETCH,ETCH03,B,RCP_C,Thickness,99.429,100.0,98.0,102.0
2026-07-05 11:11:00,LOT060,W11,P300,ETCH,ETCH03,B,RCP_C,Thickness,98.947,100.0,98.0,102.0
2026-07-05 11:12:00,LOT060,W12,P300,ETCH,ETCH03,A,RCP_C,Thickness,99.3,100.0,98.0,102.0
2026-07-05 11:13:00,LOT060,W13,P300,ETCH,ETCH03,B,RCP_C,Thickness,99.399,100.0,98.0,102.0
2026-07-05 11:14:00,LOT060,W14,P300,ETCH,ETCH03,B,RCP_C,Thickness,99.383,100.0,98.0,102.0
2026-07-05 11:15:00,LOT060,W15,P300,ETCH,ETCH03,B,RCP_C,Thickness,99.509,100.0,98.0,102.0
2026-07-05 11:16:00,LOT060,W16,P300,ETCH,ETCH03,A,RCP_C,Thickness,99.484,100.0,98.0,102.0
2026-07-05 11:17:00,LOT060,W17,P300,ETCH,ETCH03,B,RCP_C,Thickness,99.385,100.0,98.0,102.0
2026-07-05 11:18:00,LOT060,W18,P300,ETCH,ETCH03,B,RCP_C,Thickness,99.799,100.0,98.0,102.0
2026-07-05 11:19:00,LOT060,W19,P300,ETCH,ETCH03,A,RCP_C,Thickness,99.302,100.0,98.0,102.0
2026-07-05 11:20:00,LOT060,W20,P300,ETCH,ETCH03,B,RCP_C,Thickness,99.342,100.0,98.0,102.0
2026-07-05 11:21:00,LOT060,W21,P300,ETCH,ETCH03,B,RCP_C,Thickness,99.045,100.0,98.0,102.0
2026-07-05 11:22:00,LOT060,W22,P300,ETCH,ETCH03,B,RCP_C,Thickness,99.32,100.0,98.0,102.0
2026-07-05 11:23:00,LOT060,W23,P300,ETCH,ETCH03,B,RCP_C,Thickness,99.098,100.0,98.0,102.0
2026-07-05 11:24:00,LOT060,W24,P300,ETCH,ETCH03,A,RCP_C,Thickness,99.722,100.0,98.0,102.0
2026-07-05 11:25:00,LOT060,W25,P300,ETCH,ETCH03,A,RCP_C,Thickness,99.592,100.0,98.0,102.0
2026-07-06 11:04:00,LOT061,W01,P100,ETCH,ETCH01,A,RCP_A,Thickness,100.24,100.0,98.0,102.0
2026-07-06 11:05:00,LOT061,W02,P100,ETCH,ETCH01,B,RCP_A,Thickness,100.505,100.0,98.0,102.0
2026-07-06 11:06:00,LOT061,W03,P100,ETCH,ETCH01,B,RCP_A,Thickness,100.356,100.0,98.0,102.0
2026-07-06 11:07:00,LOT061,W04,P100,ETCH,ETCH01,A,RCP_A,Thickness,100.195,100.0,98.0,102.0
2026-07-06 11:08:00,LOT061,W05,P100,ETCH,ETCH01,A,RCP_A,Thickness,99.671,100.0,98.0,102.0
2026-07-06 11:09:00,LOT061,W06,P100,ETCH,ETCH01,B,RCP_A,Thickness,99.453,100.0,98.0,102.0
2026-07-06 11:10:00,LOT061,W07,P100,ETCH,ETCH01,A,RCP_A,Thickness,99.749,100.0,98.0,102.0
2026-07-06 11:11:00,LOT061,W08,P100,ETCH,ETCH01,B,RCP_A,Thickness,100.563,100.0,98.0,102.0
2026-07-06 11:12:00,LOT061,W09,P100,ETCH,ETCH01,A,RCP_A,Thickness,100.243,100.0,98.0,102.0
2026-07-06 11:13:00,LOT061,W10,P100,ETCH,ETCH01,A,RCP_A,Thickness,99.874,100.0,98.0,102.0
2026-07-06 11:14:00,LOT061,W11,P100,ETCH,ETCH01,A,RCP_A,Thickness,100.957,100.0,98.0,102.0
2026-07-06 11:15:00,LOT061,W12,P100,ETCH,ETCH01,A,RCP_A,Thickness,99.816,100.0,98.0,102.0
2026-07-06 11:16:00,LOT061,W13,P100,ETCH,ETCH01,A,RCP_A,Thickness,100.299,100.0,98.0,102.0
2026-07-06 11:17:00,LOT061,W14,P100,ETCH,ETCH01,A,RCP_A,Thickness,100.6,100.0,98.0,102.0
2026-07-06 11:18:00,LOT061,W15,P100,ETCH,ETCH01,B,RCP_A,Thickness,100.105,100.0,98.0,102.0
2026-07-06 11:19:00,LOT061,W16,P100,ETCH,ETCH01,B,RCP_A,Thickness,99.523,100.0,98.0,102.0
2026-07-06 11:20:00,LOT061,W17,P100,ETCH,ETCH01,B,RCP_A,Thickness,100.277,100.0,98.0,102.0
2026-07-06 11:21:00,LOT061,W18,P100,ETCH,ETCH01,B,RCP_A,Thickness,99.978,100.0,98.0,102.0
2026-07-06 11:22:00,LOT061,W19,P100,ETCH,ETCH01,A,RCP_A,Thickness,99.657,100.0,98.0,102.0
2026-07-06 11:23:00,LOT061,W20,P100,ETCH,ETCH01,B,RCP_A,Thickness,100.02,100.0,98.0,102.0
2026-07-06 11:24:00,LOT061,W21,P100,ETCH,ETCH01,B,RCP_A,Thickness,100.323,100.0,98.0,102.0
2026-07-06 11:25:00,LOT061,W22,P100,ETCH,ETCH01,B,RCP_A,Thickness,99.821,100.0,98.0,102.0
2026-07-06 11:26:00,LOT061,W23,P100,ETCH,ETCH01,A,RCP_A,Thickness,99.807,100.0,98.0,102.0
2026-07-06 11:27:00,LOT061,W24,P100,ETCH,ETCH01,B,RCP_A,Thickness,100.433,100.0,98.0,102.0
2026-07-06 11:28:00,LOT061,W25,P100,ETCH,ETCH01,B,RCP_A,Thickness,100.127,100.0,98.0,102.0
2026-07-06 11:07:00,LOT062,W01,P200,ETCH,ETCH02,B,RCP_B,Thickness,101.048,100.0,98.0,102.0
2026-07-06 11:08:00,LOT062,W02,P200,ETCH,ETCH02,A,RCP_B,Thickness,101.346,100.0,98.0,102.0
2026-07-06 11:09:00,LOT062,W03,P200,ETCH,ETCH02,A,RCP_B,Thickness,101.038,100.0,98.0,102.0
2026-07-06 11:10:00,LOT062,W04,P200,ETCH,ETCH02,B,RCP_B,Thickness,101.694,100.0,98.0,102.0
2026-07-06 11:11:00,LOT062,W05,P200,ETCH,ETCH02,B,RCP_B,Thickness,101.138,100.0,98.0,102.0
2026-07-06 11:12:00,LOT062,W06,P200,ETCH,ETCH02,A,RCP_B,Thickness,101.373,100.0,98.0,102.0
2026-07-06 11:13:00,LOT062,W07,P200,ETCH,ETCH02,B,RCP_B,Thickness,101.267,100.0,98.0,102.0
2026-07-06 11:14:00,LOT062,W08,P200,ETCH,ETCH02,A,RCP_B,Thickness,101.118,100.0,98.0,102.0
2026-07-06 11:15:00,LOT062,W09,P200,ETCH,ETCH02,B,RCP_B,Thickness,101.685,100.0,98.0,102.0
2026-07-06 11:16:00,LOT062,W10,P200,ETCH,ETCH02,A,RCP_B,Thickness,100.995,100.0,98.0,102.0
2026-07-06 11:17:00,LOT062,W11,P200,ETCH,ETCH02,A,RCP_B,Thickness,100.491,100.0,98.0,102.0
2026-07-06 11:18:00,LOT062,W12,P200,ETCH,ETCH02,A,RCP_B,Thickness,100.806,100.0,98.0,102.0
2026-07-06 11:19:00,LOT062,W13,P200,ETCH,ETCH02,B,RCP_B,Thickness,100.883,100.0,98.0,102.0
2026-07-06 11:20:00,LOT062,W14,P200,ETCH,ETCH02,A,RCP_B,Thickness,101.329,100.0,98.0,102.0
2026-07-06 11:21:00,LOT062,W15,P200,ETCH,ETCH02,B,RCP_B,Thickness,100.901,100.0,98.0,102.0
2026-07-06 11:22:00,LOT062,W16,P200,ETCH,ETCH02,A,RCP_B,Thickness,101.222,100.0,98.0,102.0
2026-07-06 11:23:00,LOT062,W17,P200,ETCH,ETCH02,A,RCP_B,Thickness,100.867,100.0,98.0,102.0
2026-07-06 11:24:00,LOT062,W18,P200,ETCH,ETCH02,B,RCP_B,Thickness,101.452,100.0,98.0,102.0
2026-07-06 11:25:00,LOT062,W19,P200,ETCH,ETCH02,A,RCP_B,Thickness,101.192,100.0,98.0,102.0
2026-07-06 11:26:00,LOT062,W20,P200,ETCH,ETCH02,A,RCP_B,Thickness,101.349,100.0,98.0,102.0
2026-07-06 11:27:00,LOT062,W21,P200,ETCH,ETCH02,B,RCP_B,Thickness,101.48,100.0,98.0,102.0
2026-07-06 11:28:00,LOT062,W22,P200,ETCH,ETCH02,A,RCP_B,Thickness,101.101,100.0,98.0,102.0
2026-07-06 11:29:00,LOT062,W23,P200,ETCH,ETCH02,A,RCP_B,Thickness,101.335,100.0,98.0,102.0
2026-07-06 11:30:00,LOT062,W24,P200,ETCH,ETCH02,B,RCP_B,Thickness,100.95,100.0,98.0,102.0
2026-07-06 11:31:00,LOT062,W25,P200,ETCH,ETCH02,A,RCP_B,Thickness,101.002,100.0,98.0,102.0
2026-07-06 11:10:00,LOT063,W01,P300,ETCH,ETCH03,B,RCP_C,Thickness,99.328,100.0,98.0,102.0
2026-07-06 11:11:00,LOT063,W02,P300,ETCH,ETCH03,A,RCP_C,Thickness,99.117,100.0,98.0,102.0
2026-07-06 11:12:00,LOT063,W03,P300,ETCH,ETCH03,A,RCP_C,Thickness,98.192,100.0,98.0,102.0
2026-07-06 11:13:00,LOT063,W04,P300,ETCH,ETCH03,A,RCP_C,Thickness,98.852,100.0,98.0,102.0
2026-07-06 11:14:00,LOT063,W05,P300,ETCH,ETCH03,B,RCP_C,Thickness,98.946,100.0,98.0,102.0
2026-07-06 11:15:00,LOT063,W06,P300,ETCH,ETCH03,B,RCP_C,Thickness,100.012,100.0,98.0,102.0
2026-07-06 11:16:00,LOT063,W07,P300,ETCH,ETCH03,B,RCP_C,Thickness,99.418,100.0,98.0,102.0
2026-07-06 11:17:00,LOT063,W08,P300,ETCH,ETCH03,B,RCP_C,Thickness,99.599,100.0,98.0,102.0
2026-07-06 11:18:00,LOT063,W09,P300,ETCH,ETCH03,B,RCP_C,Thickness,98.507,100.0,98.0,102.0
2026-07-06 11:19:00,LOT063,W10,P300,ETCH,ETCH03,A,RCP_C,Thickness,98.59,100.0,98.0,102.0
2026-07-06 11:20:00,LOT063,W11,P300,ETCH,ETCH03,A,RCP_C,Thickness,99.405,100.0,98.0,102.0
2026-07-06 11:21:00,LOT063,W12,P300,ETCH,ETCH03,A,RCP_C,Thickness,99.622,100.0,98.0,102.0
2026-07-06 11:22:00,LOT063,W13,P300,ETCH,ETCH03,A,RCP_C,Thickness,99.321,100.0,98.0,102.0
2026-07-06 11:23:00,LOT063,W14,P300,ETCH,ETCH03,B,RCP_C,Thickness,99.787,100.0,98.0,102.0
2026-07-06 11:24:00,LOT063,W15,P300,ETCH,ETCH03,A,RCP_C,Thickness,99.166,100.0,98.0,102.0
2026-07-06 11:25:00,LOT063,W16,P300,ETCH,ETCH03,A,RCP_C,Thickness,99.672,100.0,98.0,102.0
2026-07-06 11:26:00,LOT063,W17,P300,ETCH,ETCH03,B,RCP_C,Thickness,98.834,100.0,98.0,102.0
2026-07-06 11:27:00,LOT063,W18,P300,ETCH,ETCH03,A,RCP_C,Thickness,99.152,100.0,98.0,102.0
2026-07-06 11:28:00,LOT063,W19,P300,ETCH,ETCH03,A,RCP_C,Thickness,99.296,100.0,98.0,102.0
2026-07-06 11:29:00,LOT063,W20,P300,ETCH,ETCH03,B,RCP_C,Thickness,99.423,100.0,98.0,102.0
2026-07-06 11:30:00,LOT063,W21,P300,ETCH,ETCH03,A,RCP_C,Thickness,99.77,100.0,98.0,102.0
2026-07-06 11:31:00,LOT063,W22,P300,ETCH,ETCH03,B,RCP_C,Thickness,99.509,100.0,98.0,102.0
2026-07-06 11:32:00,LOT063,W23,P300,ETCH,ETCH03,A,RCP_C,Thickness,99.109,100.0,98.0,102.0
2026-07-06 11:33:00,LOT063,W24,P300,ETCH,ETCH03,B,RCP_C,Thickness,100.0,100.0,98.0,102.0
2026-07-06 11:34:00,LOT063,W25,P300,ETCH,ETCH03,A,RCP_C,Thickness,99.632,100.0,98.0,102.0
2026-07-06 11:13:00,LOT064,W01,P100,ETCH,ETCH01,A,RCP_A,Thickness,99.891,100.0,98.0,102.0
2026-07-06 11:14:00,LOT064,W02,P100,ETCH,ETCH01,B,RCP_A,Thickness,99.607,100.0,98.0,102.0
2026-07-06 11:15:00,LOT064,W03,P100,ETCH,ETCH01,B,RCP_A,Thickness,99.914,100.0,98.0,102.0
2026-07-06 11:16:00,LOT064,W04,P100,ETCH,ETCH01,B,RCP_A,Thickness,100.118,100.0,98.0,102.0
2026-07-06 11:17:00,LOT064,W05,P100,ETCH,ETCH01,B,RCP_A,Thickness,100.053,100.0,98.0,102.0
2026-07-06 11:18:00,LOT064,W06,P100,ETCH,ETCH01,A,RCP_A,Thickness,101.09,100.0,98.0,102.0
2026-07-06 11:19:00,LOT064,W07,P100,ETCH,ETCH01,A,RCP_A,Thickness,100.096,100.0,98.0,102.0
2026-07-06 11:20:00,LOT064,W08,P100,ETCH,ETCH01,B,RCP_A,Thickness,100.616,100.0,98.0,102.0
2026-07-06 11:21:00,LOT064,W09,P100,ETCH,ETCH01,B,RCP_A,Thickness,99.711,100.0,98.0,102.0
2026-07-06 11:22:00,LOT064,W10,P100,ETCH,ETCH01,B,RCP_A,Thickness,100.529,100.0,98.0,102.0
2026-07-06 11:23:00,LOT064,W11,P100,ETCH,ETCH01,B,RCP_A,Thickness,99.812,100.0,98.0,102.0
2026-07-06 11:24:00,LOT064,W12,P100,ETCH,ETCH01,A,RCP_A,Thickness,99.724,100.0,98.0,102.0
2026-07-06 11:25:00,LOT064,W13,P100,ETCH,ETCH01,B,RCP_A,Thickness,100.347,100.0,98.0,102.0
2026-07-06 11:26:00,LOT064,W14,P100,ETCH,ETCH01,B,RCP_A,Thickness,99.943,100.0,98.0,102.0
2026-07-06 11:27:00,LOT064,W15,P100,ETCH,ETCH01,A,RCP_A,Thickness,100.178,100.0,98.0,102.0
2026-07-06 11:28:00,LOT064,W16,P100,ETCH,ETCH01,B,RCP_A,Thickness,99.838,100.0,98.0,102.0
2026-07-06 11:29:00,LOT064,W17,P100,ETCH,ETCH01,B,RCP_A,Thickness,99.426,100.0,98.0,102.0
2026-07-06 11:30:00,LOT064,W18,P100,ETCH,ETCH01,A,RCP_A,Thickness,99.869,100.0,98.0,102.0
2026-07-06 11:31:00,LOT064,W19,P100,ETCH,ETCH01,A,RCP_A,Thickness,99.745,100.0,98.0,102.0
2026-07-06 11:32:00,LOT064,W20,P100,ETCH,ETCH01,A,RCP_A,Thickness,100.389,100.0,98.0,102.0
2026-07-06 11:33:00,LOT064,W21,P100,ETCH,ETCH01,A,RCP_A,Thickness,100.733,100.0,98.0,102.0
2026-07-06 11:34:00,LOT064,W22,P100,ETCH,ETCH01,B,RCP_A,Thickness,100.409,100.0,98.0,102.0
2026-07-06 11:35:00,LOT064,W23,P100,ETCH,ETCH01,B,RCP_A,Thickness,100.048,100.0,98.0,102.0
2026-07-06 11:36:00,LOT064,W24,P100,ETCH,ETCH01,A,RCP_A,Thickness,100.295,100.0,98.0,102.0
2026-07-06 11:37:00,LOT064,W25,P100,ETCH,ETCH01,B,RCP_A,Thickness,100.259,100.0,98.0,102.0
2026-07-06 11:16:00,LOT065,W01,P200,ETCH,ETCH02,A,RCP_B,Thickness,100.841,100.0,98.0,102.0
2026-07-06 11:17:00,LOT065,W02,P200,ETCH,ETCH02,A,RCP_B,Thickness,100.906,100.0,98.0,102.0
2026-07-06 11:18:00,LOT065,W03,P200,ETCH,ETCH02,B,RCP_B,Thickness,101.501,100.0,98.0,102.0
2026-07-06 11:19:00,LOT065,W04,P200,ETCH,ETCH02,B,RCP_B,Thickness,101.555,100.0,98.0,102.0
2026-07-06 11:20:00,LOT065,W05,P200,ETCH,ETCH02,B,RCP_B,Thickness,100.86,100.0,98.0,102.0
2026-07-06 11:21:00,LOT065,W06,P200,ETCH,ETCH02,A,RCP_B,Thickness,101.06,100.0,98.0,102.0
2026-07-06 11:22:00,LOT065,W07,P200,ETCH,ETCH02,A,RCP_B,Thickness,101.815,100.0,98.0,102.0
2026-07-06 11:23:00,LOT065,W08,P200,ETCH,ETCH02,A,RCP_B,Thickness,100.663,100.0,98.0,102.0
2026-07-06 11:24:00,LOT065,W09,P200,ETCH,ETCH02,A,RCP_B,Thickness,101.435,100.0,98.0,102.0
2026-07-06 11:25:00,LOT065,W10,P200,ETCH,ETCH02,B,RCP_B,Thickness,101.831,100.0,98.0,102.0
2026-07-06 11:26:00,LOT065,W11,P200,ETCH,ETCH02,B,RCP_B,Thickness,101.331,100.0,98.0,102.0
2026-07-06 11:27:00,LOT065,W12,P200,ETCH,ETCH02,B,RCP_B,Thickness,100.81,100.0,98.0,102.0
2026-07-06 11:28:00,LOT065,W13,P200,ETCH,ETCH02,B,RCP_B,Thickness,100.609,100.0,98.0,102.0
2026-07-06 11:29:00,LOT065,W14,P200,ETCH,ETCH02,A,RCP_B,Thickness,100.678,100.0,98.0,102.0
2026-07-06 11:30:00,LOT065,W15,P200,ETCH,ETCH02,B,RCP_B,Thickness,100.359,100.0,98.0,102.0
2026-07-06 11:31:00,LOT065,W16,P200,ETCH,ETCH02,A,RCP_B,Thickness,101.242,100.0,98.0,102.0
2026-07-06 11:32:00,LOT065,W17,P200,ETCH,ETCH02,B,RCP_B,Thickness,101.149,100.0,98.0,102.0
2026-07-06 11:33:00,LOT065,W18,P200,ETCH,ETCH02,A,RCP_B,Thickness,101.04,100.0,98.0,102.0
2026-07-06 11:34:00,LOT065,W19,P200,ETCH,ETCH02,B,RCP_B,Thickness,100.811,100.0,98.0,102.0
2026-07-06 11:35:00,LOT065,W20,P200,ETCH,ETCH02,B,RCP_B,Thickness,101.228,100.0,98.0,102.0
2026-07-06 11:36:00,LOT065,W21,P200,ETCH,ETCH02,B,RCP_B,Thickness,100.961,100.0,98.0,102.0
2026-07-06 11:37:00,LOT065,W22,P200,ETCH,ETCH02,A,RCP_B,Thickness,100.974,100.0,98.0,102.0
2026-07-06 11:38:00,LOT065,W23,P200,ETCH,ETCH02,B,RCP_B,Thickness,101.398,100.0,98.0,102.0
2026-07-06 11:39:00,LOT065,W24,P200,ETCH,ETCH02,A,RCP_B,Thickness,101.272,100.0,98.0,102.0
2026-07-06 11:40:00,LOT065,W25,P200,ETCH,ETCH02,B,RCP_B,Thickness,100.841,100.0,98.0,102.0
2026-07-06 11:19:00,LOT066,W01,P300,ETCH,ETCH03,A,RCP_C,Thickness,99.367,100.0,98.0,102.0
2026-07-06 11:20:00,LOT066,W02,P300,ETCH,ETCH03,A,RCP_C,Thickness,99.3,100.0,98.0,102.0
2026-07-06 11:21:00,LOT066,W03,P300,ETCH,ETCH03,A,RCP_C,Thickness,99.837,100.0,98.0,102.0
2026-07-06 11:22:00,LOT066,W04,P300,ETCH,ETCH03,A,RCP_C,Thickness,99.76,100.0,98.0,102.0
2026-07-06 11:23:00,LOT066,W05,P300,ETCH,ETCH03,A,RCP_C,Thickness,99.597,100.0,98.0,102.0
2026-07-06 11:24:00,LOT066,W06,P300,ETCH,ETCH03,B,RCP_C,Thickness,99.162,100.0,98.0,102.0
2026-07-06 11:25:00,LOT066,W07,P300,ETCH,ETCH03,A,RCP_C,Thickness,98.358,100.0,98.0,102.0
2026-07-06 11:26:00,LOT066,W08,P300,ETCH,ETCH03,B,RCP_C,Thickness,99.506,100.0,98.0,102.0
2026-07-06 11:27:00,LOT066,W09,P300,ETCH,ETCH03,A,RCP_C,Thickness,99.358,100.0,98.0,102.0
2026-07-06 11:28:00,LOT066,W10,P300,ETCH,ETCH03,A,RCP_C,Thickness,99.539,100.0,98.0,102.0
2026-07-06 11:29:00,LOT066,W11,P300,ETCH,ETCH03,B,RCP_C,Thickness,99.798,100.0,98.0,102.0
2026-07-06 11:30:00,LOT066,W12,P300,ETCH,ETCH03,B,RCP_C,Thickness,99.247,100.0,98.0,102.0
2026-07-06 11:31:00,LOT066,W13,P300,ETCH,ETCH03,A,RCP_C,Thickness,103.314,100.0,98.0,102.0
2026-07-06 11:32:00,LOT066,W14,P300,ETCH,ETCH03,A,RCP_C,Thickness,98.635,100.0,98.0,102.0
2026-07-06 11:33:00,LOT066,W15,P300,ETCH,ETCH03,A,RCP_C,Thickness,99.477,100.0,98.0,102.0
2026-07-06 11:34:00,LOT066,W16,P300,ETCH,ETCH03,B,RCP_C,Thickness,99.336,100.0,98.0,102.0
2026-07-06 11:35:00,LOT066,W17,P300,ETCH,ETCH03,B,RCP_C,Thickness,99.765,100.0,98.0,102.0
2026-07-06 11:36:00,LOT066,W18,P300,ETCH,ETCH03,A,RCP_C,Thickness,99.315,100.0,98.0,102.0
2026-07-06 11:37:00,LOT066,W19,P300,ETCH,ETCH03,A,RCP_C,Thickness,99.74,100.0,98.0,102.0
2026-07-06 11:38:00,LOT066,W20,P300,ETCH,ETCH03,A,RCP_C,Thickness,99.605,100.0,98.0,102.0
2026-07-06 11:39:00,LOT066,W21,P300,ETCH,ETCH03,A,RCP_C,Thickness,99.41,100.0,98.0,102.0
2026-07-06 11:40:00,LOT066,W22,P300,ETCH,ETCH03,B,RCP_C,Thickness,99.227,100.0,98.0,102.0
2026-07-06 11:41:00,LOT066,W23,P300,ETCH,ETCH03,A,RCP_C,Thickness,99.431,100.0,98.0,102.0
2026-07-06 11:42:00,LOT066,W24,P300,ETCH,ETCH03,B,RCP_C,Thickness,98.889,100.0,98.0,102.0
2026-07-06 11:43:00,LOT066,W25,P300,ETCH,ETCH03,A,RCP_C,Thickness,98.955,100.0,98.0,102.0
2026-07-06 11:22:00,LOT067,W01,P100,ETCH,ETCH01,B,RCP_A,Thickness,100.261,100.0,98.0,102.0
2026-07-06 11:23:00,LOT067,W02,P100,ETCH,ETCH01,B,RCP_A,Thickness,100.055,100.0,98.0,102.0
2026-07-06 11:24:00,LOT067,W03,P100,ETCH,ETCH01,A,RCP_A,Thickness,100.156,100.0,98.0,102.0
2026-07-06 11:25:00,LOT067,W04,P100,ETCH,ETCH01,B,RCP_A,Thickness,99.447,100.0,98.0,102.0
2026-07-06 11:26:00,LOT067,W05,P100,ETCH,ETCH01,B,RCP_A,Thickness,99.947,100.0,98.0,102.0
2026-07-06 11:27:00,LOT067,W06,P100,ETCH,ETCH01,A,RCP_A,Thickness,100.438,100.0,98.0,102.0
2026-07-06 11:28:00,LOT067,W07,P100,ETCH,ETCH01,A,RCP_A,Thickness,99.241,100.0,98.0,102.0
2026-07-06 11:29:00,LOT067,W08,P100,ETCH,ETCH01,A,RCP_A,Thickness,99.697,100.0,98.0,102.0
2026-07-06 11:30:00,LOT067,W09,P100,ETCH,ETCH01,B,RCP_A,Thickness,99.511,100.0,98.0,102.0
2026-07-06 11:31:00,LOT067,W10,P100,ETCH,ETCH01,B,RCP_A,Thickness,100.42,100.0,98.0,102.0
2026-07-06 11:32:00,LOT067,W11,P100,ETCH,ETCH01,B,RCP_A,Thickness,99.629,100.0,98.0,102.0
2026-07-06 11:33:00,LOT067,W12,P100,ETCH,ETCH01,A,RCP_A,Thickness,100.059,100.0,98.0,102.0
2026-07-06 11:34:00,LOT067,W13,P100,ETCH,ETCH01,A,RCP_A,Thickness,96.369,100.0,98.0,102.0
2026-07-06 11:35:00,LOT067,W14,P100,ETCH,ETCH01,B,RCP_A,Thickness,99.178,100.0,98.0,102.0
2026-07-06 11:36:00,LOT067,W15,P100,ETCH,ETCH01,A,RCP_A,Thickness,100.101,100.0,98.0,102.0
2026-07-06 11:37:00,LOT067,W16,P100,ETCH,ETCH01,B,RCP_A,Thickness,99.882,100.0,98.0,102.0
2026-07-06 11:38:00,LOT067,W17,P100,ETCH,ETCH01,B,RCP_A,Thickness,99.749,100.0,98.0,102.0
2026-07-06 11:39:00,LOT067,W18,P100,ETCH,ETCH01,A,RCP_A,Thickness,100.634,100.0,98.0,102.0
2026-07-06 11:40:00,LOT067,W19,P100,ETCH,ETCH01,B,RCP_A,Thickness,100.195,100.0,98.0,102.0
2026-07-06 11:41:00,LOT067,W20,P100,ETCH,ETCH01,B,RCP_A,Thickness,99.829,100.0,98.0,102.0
2026-07-06 11:42:00,LOT067,W21,P100,ETCH,ETCH01,A,RCP_A,Thickness,99.995,100.0,98.0,102.0
2026-07-06 11:43:00,LOT067,W22,P100,ETCH,ETCH01,A,RCP_A,Thickness,99.826,100.0,98.0,102.0
2026-07-06 11:44:00,LOT067,W23,P100,ETCH,ETCH01,A,RCP_A,Thickness,99.966,100.0,98.0,102.0
2026-07-06 11:45:00,LOT067,W24,P100,ETCH,ETCH01,B,RCP_A,Thickness,100.398,100.0,98.0,102.0
2026-07-06 11:46:00,LOT067,W25,P100,ETCH,ETCH01,A,RCP_A,Thickness,99.632,100.0,98.0,102.0
2026-07-06 11:25:00,LOT068,W01,P200,ETCH,ETCH02,B,RCP_B,Thickness,101.107,100.0,98.0,102.0
2026-07-06 11:26:00,LOT068,W02,P200,ETCH,ETCH02,B,RCP_B,Thickness,101.157,100.0,98.0,102.0
2026-07-06 11:27:00,LOT068,W03,P200,ETCH,ETCH02,B,RCP_B,Thickness,100.998,100.0,98.0,102.0
2026-07-06 11:28:00,LOT068,W04,P200,ETCH,ETCH02,A,RCP_B,Thickness,101.188,100.0,98.0,102.0
2026-07-06 11:29:00,LOT068,W05,P200,ETCH,ETCH02,B,RCP_B,Thickness,101.564,100.0,98.0,102.0
2026-07-06 11:30:00,LOT068,W06,P200,ETCH,ETCH02,A,RCP_B,Thickness,101.033,100.0,98.0,102.0
2026-07-06 11:31:00,LOT068,W07,P200,ETCH,ETCH02,A,RCP_B,Thickness,101.136,100.0,98.0,102.0
2026-07-06 11:32:00,LOT068,W08,P200,ETCH,ETCH02,B,RCP_B,Thickness,101.117,100.0,98.0,102.0
2026-07-06 11:33:00,LOT068,W09,P200,ETCH,ETCH02,B,RCP_B,Thickness,101.211,100.0,98.0,102.0
2026-07-06 11:34:00,LOT068,W10,P200,ETCH,ETCH02,B,RCP_B,Thickness,100.98,100.0,98.0,102.0
2026-07-06 11:35:00,LOT068,W11,P200,ETCH,ETCH02,A,RCP_B,Thickness,100.78,100.0,98.0,102.0
2026-07-06 11:36:00,LOT068,W12,P200,ETCH,ETCH02,B,RCP_B,Thickness,101.113,100.0,98.0,102.0
2026-07-06 11:37:00,LOT068,W13,P200,ETCH,ETCH02,A,RCP_B,Thickness,101.34,100.0,98.0,102.0
2026-07-06 11:38:00,LOT068,W14,P200,ETCH,ETCH02,A,RCP_B,Thickness,100.976,100.0,98.0,102.0
2026-07-06 11:39:00,LOT068,W15,P200,ETCH,ETCH02,A,RCP_B,Thickness,101.077,100.0,98.0,102.0
2026-07-06 11:40:00,LOT068,W16,P200,ETCH,ETCH02,B,RCP_B,Thickness,101.003,100.0,98.0,102.0
2026-07-06 11:41:00,LOT068,W17,P200,ETCH,ETCH02,A,RCP_B,Thickness,100.626,100.0,98.0,102.0
2026-07-06 11:42:00,LOT068,W18,P200,ETCH,ETCH02,A,RCP_B,Thickness,101.411,100.0,98.0,102.0
2026-07-06 11:43:00,LOT068,W19,P200,ETCH,ETCH02,A,RCP_B,Thickness,100.308,100.0,98.0,102.0
2026-07-06 11:44:00,LOT068,W20,P200,ETCH,ETCH02,A,RCP_B,Thickness,100.514,100.0,98.0,102.0
2026-07-06 11:45:00,LOT068,W21,P200,ETCH,ETCH02,A,RCP_B,Thickness,101.19,100.0,98.0,102.0
2026-07-06 11:46:00,LOT068,W22,P200,ETCH,ETCH02,A,RCP_B,Thickness,100.869,100.0,98.0,102.0
2026-07-06 11:47:00,LOT068,W23,P200,ETCH,ETCH02,B,RCP_B,Thickness,100.616,100.0,98.0,102.0
2026-07-06 11:48:00,LOT068,W24,P200,ETCH,ETCH02,A,RCP_B,Thickness,100.541,100.0,98.0,102.0
2026-07-06 11:49:00,LOT068,W25,P200,ETCH,ETCH02,B,RCP_B,Thickness,100.984,100.0,98.0,102.0
2026-07-06 11:28:00,LOT069,W01,P300,ETCH,ETCH03,A,RCP_C,Thickness,99.201,100.0,98.0,102.0
2026-07-06 11:29:00,LOT069,W02,P300,ETCH,ETCH03,B,RCP_C,Thickness,99.507,100.0,98.0,102.0
2026-07-06 11:30:00,LOT069,W03,P300,ETCH,ETCH03,A,RCP_C,Thickness,99.271,100.0,98.0,102.0
2026-07-06 11:31:00,LOT069,W04,P300,ETCH,ETCH03,A,RCP_C,Thickness,99.503,100.0,98.0,102.0
2026-07-06 11:32:00,LOT069,W05,P300,ETCH,ETCH03,B,RCP_C,Thickness,99.035,100.0,98.0,102.0
2026-07-06 11:33:00,LOT069,W06,P300,ETCH,ETCH03,B,RCP_C,Thickness,99.215,100.0,98.0,102.0
2026-07-06 11:34:00,LOT069,W07,P300,ETCH,ETCH03,A,RCP_C,Thickness,99.735,100.0,98.0,102.0
2026-07-06 11:35:00,LOT069,W08,P300,ETCH,ETCH03,B,RCP_C,Thickness,99.509,100.0,98.0,102.0
2026-07-06 11:36:00,LOT069,W09,P300,ETCH,ETCH03,A,RCP_C,Thickness,98.784,100.0,98.0,102.0
2026-07-06 11:37:00,LOT069,W10,P300,ETCH,ETCH03,A,RCP_C,Thickness,99.396,100.0,98.0,102.0
2026-07-06 11:38:00,LOT069,W11,P300,ETCH,ETCH03,B,RCP_C,Thickness,99.503,100.0,98.0,102.0
2026-07-06 11:39:00,LOT069,W12,P300,ETCH,ETCH03,B,RCP_C,Thickness,99.725,100.0,98.0,102.0
2026-07-06 11:40:00,LOT069,W13,P300,ETCH,ETCH03,B,RCP_C,Thickness,99.185,100.0,98.0,102.0
2026-07-06 11:41:00,LOT069,W14,P300,ETCH,ETCH03,A,RCP_C,Thickness,99.502,100.0,98.0,102.0
2026-07-06 11:42:00,LOT069,W15,P300,ETCH,ETCH03,B,RCP_C,Thickness,99.159,100.0,98.0,102.0
2026-07-06 11:43:00,LOT069,W16,P300,ETCH,ETCH03,B,RCP_C,Thickness,99.236,100.0,98.0,102.0
2026-07-06 11:44:00,LOT069,W17,P300,ETCH,ETCH03,B,RCP_C,Thickness,99.08,100.0,98.0,102.0
2026-07-06 11:45:00,LOT069,W18,P300,ETCH,ETCH03,A,RCP_C,Thickness,98.795,100.0,98.0,102.0
2026-07-06 11:46:00,LOT069,W19,P300,ETCH,ETCH03,A,RCP_C,Thickness,99.612,100.0,98.0,102.0
2026-07-06 11:47:00,LOT069,W20,P300,ETCH,ETCH03,B,RCP_C,Thickness,98.929,100.0,98.0,102.0
2026-07-06 11:48:00,LOT069,W21,P300,ETCH,ETCH03,B,RCP_C,Thickness,99.475,100.0,98.0,102.0
2026-07-06 11:49:00,LOT069,W22,P300,ETCH,ETCH03,A,RCP_C,Thickness,98.597,100.0,98.0,102.0
2026-07-06 11:50:00,LOT069,W23,P300,ETCH,ETCH03,A,RCP_C,Thickness,99.068,100.0,98.0,102.0
2026-07-06 11:51:00,LOT069,W24,P300,ETCH,ETCH03,B,RCP_C,Thickness,99.613,100.0,98.0,102.0
2026-07-06 11:52:00,LOT069,W25,P300,ETCH,ETCH03,A,RCP_C,Thickness,98.943,100.0,98.0,102.0
2026-07-06 11:31:00,LOT070,W01,P100,ETCH,ETCH01,A,RCP_A,Thickness,100.102,100.0,98.0,102.0
2026-07-06 11:32:00,LOT070,W02,P100,ETCH,ETCH01,A,RCP_A,Thickness,100.234,100.0,98.0,102.0
2026-07-06 11:33:00,LOT070,W03,P100,ETCH,ETCH01,B,RCP_A,Thickness,99.703,100.0,98.0,102.0
2026-07-06 11:34:00,LOT070,W04,P100,ETCH,ETCH01,A,RCP_A,Thickness,99.218,100.0,98.0,102.0
2026-07-06 11:35:00,LOT070,W05,P100,ETCH,ETCH01,B,RCP_A,Thickness,99.84,100.0,98.0,102.0
2026-07-06 11:36:00,LOT070,W06,P100,ETCH,ETCH01,B,RCP_A,Thickness,100.2,100.0,98.0,102.0
2026-07-06 11:37:00,LOT070,W07,P100,ETCH,ETCH01,A,RCP_A,Thickness,99.754,100.0,98.0,102.0
2026-07-06 11:38:00,LOT070,W08,P100,ETCH,ETCH01,A,RCP_A,Thickness,100.083,100.0,98.0,102.0
2026-07-06 11:39:00,LOT070,W09,P100,ETCH,ETCH01,A,RCP_A,Thickness,99.569,100.0,98.0,102.0
2026-07-06 11:40:00,LOT070,W10,P100,ETCH,ETCH01,B,RCP_A,Thickness,100.048,100.0,98.0,102.0
2026-07-06 11:41:00,LOT070,W11,P100,ETCH,ETCH01,B,RCP_A,Thickness,100.261,100.0,98.0,102.0
2026-07-06 11:42:00,LOT070,W12,P100,ETCH,ETCH01,A,RCP_A,Thickness,99.686,100.0,98.0,102.0
2026-07-06 11:43:00,LOT070,W13,P100,ETCH,ETCH01,B,RCP_A,Thickness,99.812,100.0,98.0,102.0
2026-07-06 11:44:00,LOT070,W14,P100,ETCH,ETCH01,A,RCP_A,Thickness,100.663,100.0,98.0,102.0
2026-07-06 11:45:00,LOT070,W15,P100,ETCH,ETCH01,A,RCP_A,Thickness,100.467,100.0,98.0,102.0
2026-07-06 11:46:00,LOT070,W16,P100,ETCH,ETCH01,A,RCP_A,Thickness,99.842,100.0,98.0,102.0
2026-07-06 11:47:00,LOT070,W17,P100,ETCH,ETCH01,B,RCP_A,Thickness,100.205,100.0,98.0,102.0
2026-07-06 11:48:00,LOT070,W18,P100,ETCH,ETCH01,B,RCP_A,Thickness,99.929,100.0,98.0,102.0
2026-07-06 11:49:00,LOT070,W19,P100,ETCH,ETCH01,B,RCP_A,Thickness,100.712,100.0,98.0,102.0
2026-07-06 11:50:00,LOT070,W20,P100,ETCH,ETCH01,B,RCP_A,Thickness,100.582,100.0,98.0,102.0
2026-07-06 11:51:00,LOT070,W21,P100,ETCH,ETCH01,B,RCP_A,Thickness,100.092,100.0,98.0,102.0
2026-07-06 11:52:00,LOT070,W22,P100,ETCH,ETCH01,B,RCP_A,Thickness,100.816,100.0,98.0,102.0
2026-07-06 11:53:00,LOT070,W23,P100,ETCH,ETCH01,A,RCP_A,Thickness,100.408,100.0,98.0,102.0
2026-07-06 11:54:00,LOT070,W24,P100,ETCH,ETCH01,B,RCP_A,Thickness,100.34,100.0,98.0,102.0
2026-07-06 11:55:00,LOT070,W25,P100,ETCH,ETCH01,B,RCP_A,Thickness,100.301,100.0,98.0,102.0
2026-07-06 11:34:00,LOT071,W01,P200,ETCH,ETCH02,B,RCP_B,Thickness,100.66,100.0,98.0,102.0
2026-07-06 11:35:00,LOT071,W02,P200,ETCH,ETCH02,B,RCP_B,Thickness,100.659,100.0,98.0,102.0
2026-07-06 11:36:00,LOT071,W03,P200,ETCH,ETCH02,A,RCP_B,Thickness,100.827,100.0,98.0,102.0
2026-07-06 11:37:00,LOT071,W04,P200,ETCH,ETCH02,B,RCP_B,Thickness,101.086,100.0,98.0,102.0
2026-07-06 11:38:00,LOT071,W05,P200,ETCH,ETCH02,A,RCP_B,Thickness,100.88,100.0,98.0,102.0
2026-07-06 11:39:00,LOT071,W06,P200,ETCH,ETCH02,A,RCP_B,Thickness,101.74,100.0,98.0,102.0
2026-07-06 11:40:00,LOT071,W07,P200,ETCH,ETCH02,A,RCP_B,Thickness,101.5,100.0,98.0,102.0
2026-07-06 11:41:00,LOT071,W08,P200,ETCH,ETCH02,A,RCP_B,Thickness,101.622,100.0,98.0,102.0
2026-07-06 11:42:00,LOT071,W09,P200,ETCH,ETCH02,B,RCP_B,Thickness,101.523,100.0,98.0,102.0
2026-07-06 11:43:00,LOT071,W10,P200,ETCH,ETCH02,B,RCP_B,Thickness,100.48,100.0,98.0,102.0
2026-07-06 11:44:00,LOT071,W11,P200,ETCH,ETCH02,B,RCP_B,Thickness,100.607,100.0,98.0,102.0
2026-07-06 11:45:00,LOT071,W12,P200,ETCH,ETCH02,B,RCP_B,Thickness,101.024,100.0,98.0,102.0
2026-07-06 11:46:00,LOT071,W13,P200,ETCH,ETCH02,B,RCP_B,Thickness,100.686,100.0,98.0,102.0
2026-07-06 11:47:00,LOT071,W14,P200,ETCH,ETCH02,A,RCP_B,Thickness,100.769,100.0,98.0,102.0
2026-07-06 11:48:00,LOT071,W15,P200,ETCH,ETCH02,B,RCP_B,Thickness,100.677,100.0,98.0,102.0
2026-07-06 11:49:00,LOT071,W16,P200,ETCH,ETCH02,A,RCP_B,Thickness,101.284,100.0,98.0,102.0
2026-07-06 11:50:00,LOT071,W17,P200,ETCH,ETCH02,B,RCP_B,Thickness,101.354,100.0,98.0,102.0
2026-07-06 11:51:00,LOT071,W18,P200,ETCH,ETCH02,A,RCP_B,Thickness,101.312,100.0,98.0,102.0
2026-07-06 11:52:00,LOT071,W19,P200,ETCH,ETCH02,B,RCP_B,Thickness,100.912,100.0,98.0,102.0
2026-07-06 11:53:00,LOT071,W20,P200,ETCH,ETCH02,A,RCP_B,Thickness,101.081,100.0,98.0,102.0
2026-07-06 11:54:00,LOT071,W21,P200,ETCH,ETCH02,A,RCP_B,Thickness,100.875,100.0,98.0,102.0
2026-07-06 11:55:00,LOT071,W22,P200,ETCH,ETCH02,A,RCP_B,Thickness,100.651,100.0,98.0,102.0
2026-07-06 11:56:00,LOT071,W23,P200,ETCH,ETCH02,A,RCP_B,Thickness,100.638,100.0,98.0,102.0
2026-07-06 11:57:00,LOT071,W24,P200,ETCH,ETCH02,B,RCP_B,Thickness,101.132,100.0,98.0,102.0
2026-07-06 11:58:00,LOT071,W25,P200,ETCH,ETCH02,B,RCP_B,Thickness,101.027,100.0,98.0,102.0
2026-07-06 11:37:00,LOT072,W01,P300,ETCH,ETCH03,B,RCP_C,Thickness,99.391,100.0,98.0,102.0
2026-07-06 11:38:00,LOT072,W02,P300,ETCH,ETCH03,B,RCP_C,Thickness,99.667,100.0,98.0,102.0
2026-07-06 11:39:00,LOT072,W03,P300,ETCH,ETCH03,A,RCP_C,Thickness,99.449,100.0,98.0,102.0
2026-07-06 11:40:00,LOT072,W04,P300,ETCH,ETCH03,B,RCP_C,Thickness,99.477,100.0,98.0,102.0
2026-07-06 11:41:00,LOT072,W05,P300,ETCH,ETCH03,A,RCP_C,Thickness,98.843,100.0,98.0,102.0
2026-07-06 11:42:00,LOT072,W06,P300,ETCH,ETCH03,A,RCP_C,Thickness,99.468,100.0,98.0,102.0
2026-07-06 11:43:00,LOT072,W07,P300,ETCH,ETCH03,B,RCP_C,Thickness,99.073,100.0,98.0,102.0
2026-07-06 11:44:00,LOT072,W08,P300,ETCH,ETCH03,B,RCP_C,Thickness,99.47,100.0,98.0,102.0
2026-07-06 11:45:00,LOT072,W09,P300,ETCH,ETCH03,A,RCP_C,Thickness,99.315,100.0,98.0,102.0
2026-07-06 11:46:00,LOT072,W10,P300,ETCH,ETCH03,B,RCP_C,Thickness,99.397,100.0,98.0,102.0
2026-07-06 11:47:00,LOT072,W11,P300,ETCH,ETCH03,B,RCP_C,Thickness,99.045,100.0,98.0,102.0
2026-07-06 11:48:00,LOT072,W12,P300,ETCH,ETCH03,A,RCP_C,Thickness,99.219,100.0,98.0,102.0
2026-07-06 11:49:00,LOT072,W13,P300,ETCH,ETCH03,A,RCP_C,Thickness,99.423,100.0,98.0,102.0
2026-07-06 11:50:00,LOT072,W14,P300,ETCH,ETCH03,B,RCP_C,Thickness,99.333,100.0,98.0,102.0
2026-07-06 11:51:00,LOT072,W15,P300,ETCH,ETCH03,A,RCP_C,Thickness,99.044,100.0,98.0,102.0
2026-07-06 11:52:00,LOT072,W16,P300,ETCH,ETCH03,B,RCP_C,Thickness,99.558,100.0,98.0,102.0
2026-07-06 11:53:00,LOT072,W17,P300,ETCH,ETCH03,A,RCP_C,Thickness,99.392,100.0,98.0,102.0
2026-07-06 11:54:00,LOT072,W18,P300,ETCH,ETCH03,B,RCP_C,Thickness,98.906,100.0,98.0,102.0
2026-07-06 11:55:00,LOT072,W19,P300,ETCH,ETCH03,A,RCP_C,Thickness,99.359,100.0,98.0,102.0
2026-07-06 11:56:00,LOT072,W20,P300,ETCH,ETCH03,B,RCP_C,Thickness,99.106,100.0,98.0,102.0
2026-07-06 11:57:00,LOT072,W21,P300,ETCH,ETCH03,A,RCP_C,Thickness,99.331,100.0,98.0,102.0
2026-07-06 11:58:00,LOT072,W22,P300,ETCH,ETCH03,B,RCP_C,Thickness,99.075,100.0,98.0,102.0
2026-07-06 11:59:00,LOT072,W23,P300,ETCH,ETCH03,A,RCP_C,Thickness,99.506,100.0,98.0,102.0
2026-07-06 12:00:00,LOT072,W24,P300,ETCH,ETCH03,B,RCP_C,Thickness,99.658,100.0,98.0,102.0
2026-07-06 12:01:00,LOT072,W25,P300,ETCH,ETCH03,B,RCP_C,Thickness,99.199,100.0,98.0,102.0
2026-07-07 11:40:00,LOT073,W01,P100,ETCH,ETCH01,B,RCP_A,Thickness,100.327,100.0,98.0,102.0
2026-07-07 11:41:00,LOT073,W02,P100,ETCH,ETCH01,B,RCP_A,Thickness,99.986,100.0,98.0,102.0
2026-07-07 11:42:00,LOT073,W03,P100,ETCH,ETCH01,A,RCP_A,Thickness,100.194,100.0,98.0,102.0
2026-07-07 11:43:00,LOT073,W04,P100,ETCH,ETCH01,B,RCP_A,Thickness,99.776,100.0,98.0,102.0
2026-07-07 11:44:00,LOT073,W05,P100,ETCH,ETCH01,A,RCP_A,Thickness,100.22,100.0,98.0,102.0
2026-07-07 11:45:00,LOT073,W06,P100,ETCH,ETCH01,A,RCP_A,Thickness,100.287,100.0,98.0,102.0
2026-07-07 11:46:00,LOT073,W07,P100,ETCH,ETCH01,A,RCP_A,Thickness,99.714,100.0,98.0,102.0
2026-07-07 11:47:00,LOT073,W08,P100,ETCH,ETCH01,B,RCP_A,Thickness,100.156,100.0,98.0,102.0
2026-07-07 11:48:00,LOT073,W09,P100,ETCH,ETCH01,A,RCP_A,Thickness,100.392,100.0,98.0,102.0
2026-07-07 11:49:00,LOT073,W10,P100,ETCH,ETCH01,A,RCP_A,Thickness,100.263,100.0,98.0,102.0
2026-07-07 11:50:00,LOT073,W11,P100,ETCH,ETCH01,A,RCP_A,Thickness,100.194,100.0,98.0,102.0
2026-07-07 11:51:00,LOT073,W12,P100,ETCH,ETCH01,A,RCP_A,Thickness,100.069,100.0,98.0,102.0
2026-07-07 11:52:00,LOT073,W13,P100,ETCH,ETCH01,A,RCP_A,Thickness,100.669,100.0,98.0,102.0
2026-07-07 11:53:00,LOT073,W14,P100,ETCH,ETCH01,B,RCP_A,Thickness,99.912,100.0,98.0,102.0
2026-07-07 11:54:00,LOT073,W15,P100,ETCH,ETCH01,A,RCP_A,Thickness,99.731,100.0,98.0,102.0
2026-07-07 11:55:00,LOT073,W16,P100,ETCH,ETCH01,B,RCP_A,Thickness,99.634,100.0,98.0,102.0
2026-07-07 11:56:00,LOT073,W17,P100,ETCH,ETCH01,B,RCP_A,Thickness,100.212,100.0,98.0,102.0
2026-07-07 11:57:00,LOT073,W18,P100,ETCH,ETCH01,A,RCP_A,Thickness,100.849,100.0,98.0,102.0
2026-07-07 11:58:00,LOT073,W19,P100,ETCH,ETCH01,B,RCP_A,Thickness,100.51,100.0,98.0,102.0
2026-07-07 11:59:00,LOT073,W20,P100,ETCH,ETCH01,A,RCP_A,Thickness,100.233,100.0,98.0,102.0
2026-07-07 12:00:00,LOT073,W21,P100,ETCH,ETCH01,B,RCP_A,Thickness,100.472,100.0,98.0,102.0
2026-07-07 12:01:00,LOT073,W22,P100,ETCH,ETCH01,B,RCP_A,Thickness,100.21,100.0,98.0,102.0
2026-07-07 12:02:00,LOT073,W23,P100,ETCH,ETCH01,B,RCP_A,Thickness,100.339,100.0,98.0,102.0
2026-07-07 12:03:00,LOT073,W24,P100,ETCH,ETCH01,B,RCP_A,Thickness,100.733,100.0,98.0,102.0
2026-07-07 12:04:00,LOT073,W25,P100,ETCH,ETCH01,A,RCP_A,Thickness,100.75,100.0,98.0,102.0
2026-07-07 11:43:00,LOT074,W01,P200,ETCH,ETCH02,A,RCP_B,Thickness,101.292,100.0,98.0,102.0
2026-07-07 11:44:00,LOT074,W02,P200,ETCH,ETCH02,A,RCP_B,Thickness,101.042,100.0,98.0,102.0
2026-07-07 11:45:00,LOT074,W03,P200,ETCH,ETCH02,B,RCP_B,Thickness,101.019,100.0,98.0,102.0
2026-07-07 11:46:00,LOT074,W04,P200,ETCH,ETCH02,B,RCP_B,Thickness,102.022,100.0,98.0,102.0
2026-07-07 11:47:00,LOT074,W05,P200,ETCH,ETCH02,B,RCP_B,Thickness,100.386,100.0,98.0,102.0
2026-07-07 11:48:00,LOT074,W06,P200,ETCH,ETCH02,B,RCP_B,Thickness,101.924,100.0,98.0,102.0
2026-07-07 11:49:00,LOT074,W07,P200,ETCH,ETCH02,A,RCP_B,Thickness,104.344,100.0,98.0,102.0
2026-07-07 11:50:00,LOT074,W08,P200,ETCH,ETCH02,A,RCP_B,Thickness,100.304,100.0,98.0,102.0
2026-07-07 11:51:00,LOT074,W09,P200,ETCH,ETCH02,B,RCP_B,Thickness,100.187,100.0,98.0,102.0
2026-07-07 11:52:00,LOT074,W10,P200,ETCH,ETCH02,A,RCP_B,Thickness,100.595,100.0,98.0,102.0
2026-07-07 11:53:00,LOT074,W11,P200,ETCH,ETCH02,B,RCP_B,Thickness,102.37,100.0,98.0,102.0
2026-07-07 11:54:00,LOT074,W12,P200,ETCH,ETCH02,B,RCP_B,Thickness,100.714,100.0,98.0,102.0
2026-07-07 11:55:00,LOT074,W13,P200,ETCH,ETCH02,B,RCP_B,Thickness,100.601,100.0,98.0,102.0
2026-07-07 11:56:00,LOT074,W14,P200,ETCH,ETCH02,B,RCP_B,Thickness,100.411,100.0,98.0,102.0
2026-07-07 11:57:00,LOT074,W15,P200,ETCH,ETCH02,B,RCP_B,Thickness,99.243,100.0,98.0,102.0
2026-07-07 11:58:00,LOT074,W16,P200,ETCH,ETCH02,B,RCP_B,Thickness,101.004,100.0,98.0,102.0
2026-07-07 11:59:00,LOT074,W17,P200,ETCH,ETCH02,A,RCP_B,Thickness,100.859,100.0,98.0,102.0
2026-07-07 12:00:00,LOT074,W18,P200,ETCH,ETCH02,A,RCP_B,Thickness,101.183,100.0,98.0,102.0
2026-07-07 12:01:00,LOT074,W19,P200,ETCH,ETCH02,B,RCP_B,Thickness,99.804,100.0,98.0,102.0
2026-07-07 12:02:00,LOT074,W20,P200,ETCH,ETCH02,A,RCP_B,Thickness,101.166,100.0,98.0,102.0
2026-07-07 12:03:00,LOT074,W21,P200,ETCH,ETCH02,A,RCP_B,Thickness,101.077,100.0,98.0,102.0
2026-07-07 12:04:00,LOT074,W22,P200,ETCH,ETCH02,A,RCP_B,Thickness,101.232,100.0,98.0,102.0
2026-07-07 12:05:00,LOT074,W23,P200,ETCH,ETCH02,A,RCP_B,Thickness,100.564,100.0,98.0,102.0
2026-07-07 12:06:00,LOT074,W24,P200,ETCH,ETCH02,A,RCP_B,Thickness,101.135,100.0,98.0,102.0
2026-07-07 12:07:00,LOT074,W25,P200,ETCH,ETCH02,A,RCP_B,Thickness,101.006,100.0,98.0,102.0
2026-07-07 11:46:00,LOT075,W01,P300,ETCH,ETCH03,A,RCP_C,Thickness,99.323,100.0,98.0,102.0
2026-07-07 11:47:00,LOT075,W02,P300,ETCH,ETCH03,A,RCP_C,Thickness,99.806,100.0,98.0,102.0
2026-07-07 11:48:00,LOT075,W03,P300,ETCH,ETCH03,A,RCP_C,Thickness,99.094,100.0,98.0,102.0
2026-07-07 11:49:00,LOT075,W04,P300,ETCH,ETCH03,A,RCP_C,Thickness,99.358,100.0,98.0,102.0
2026-07-07 11:50:00,LOT075,W05,P300,ETCH,ETCH03,A,RCP_C,Thickness,99.517,100.0,98.0,102.0
2026-07-07 11:51:00,LOT075,W06,P300,ETCH,ETCH03,B,RCP_C,Thickness,99.391,100.0,98.0,102.0
2026-07-07 11:52:00,LOT075,W07,P300,ETCH,ETCH03,A,RCP_C,Thickness,98.906,100.0,98.0,102.0
2026-07-07 11:53:00,LOT075,W08,P300,ETCH,ETCH03,A,RCP_C,Thickness,100.115,100.0,98.0,102.0
2026-07-07 11:54:00,LOT075,W09,P300,ETCH,ETCH03,B,RCP_C,Thickness,99.558,100.0,98.0,102.0
2026-07-07 11:55:00,LOT075,W10,P300,ETCH,ETCH03,A,RCP_C,Thickness,99.408,100.0,98.0,102.0
2026-07-07 11:56:00,LOT075,W11,P300,ETCH,ETCH03,A,RCP_C,Thickness,98.561,100.0,98.0,102.0
2026-07-07 11:57:00,LOT075,W12,P300,ETCH,ETCH03,A,RCP_C,Thickness,99.6,100.0,98.0,102.0
2026-07-07 11:58:00,LOT075,W13,P300,ETCH,ETCH03,B,RCP_C,Thickness,99.311,100.0,98.0,102.0
2026-07-07 11:59:00,LOT075,W14,P300,ETCH,ETCH03,A,RCP_C,Thickness,99.239,100.0,98.0,102.0
2026-07-07 12:00:00,LOT075,W15,P300,ETCH,ETCH03,A,RCP_C,Thickness,99.174,100.0,98.0,102.0
2026-07-07 12:01:00,LOT075,W16,P300,ETCH,ETCH03,B,RCP_C,Thickness,98.847,100.0,98.0,102.0
2026-07-07 12:02:00,LOT075,W17,P300,ETCH,ETCH03,A,RCP_C,Thickness,99.473,100.0,98.0,102.0
2026-07-07 12:03:00,LOT075,W18,P300,ETCH,ETCH03,A,RCP_C,Thickness,99.518,100.0,98.0,102.0
2026-07-07 12:04:00,LOT075,W19,P300,ETCH,ETCH03,A,RCP_C,Thickness,98.842,100.0,98.0,102.0
2026-07-07 12:05:00,LOT075,W20,P300,ETCH,ETCH03,A,RCP_C,Thickness,98.984,100.0,98.0,102.0
2026-07-07 12:06:00,LOT075,W21,P300,ETCH,ETCH03,B,RCP_C,Thickness,99.281,100.0,98.0,102.0
2026-07-07 12:07:00,LOT075,W22,P300,ETCH,ETCH03,A,RCP_C,Thickness,99.327,100.0,98.0,102.0
2026-07-07 12:08:00,LOT075,W23,P300,ETCH,ETCH03,A,RCP_C,Thickness,98.788,100.0,98.0,102.0
2026-07-07 12:09:00,LOT075,W24,P300,ETCH,ETCH03,A,RCP_C,Thickness,98.826,100.0,98.0,102.0
2026-07-07 12:10:00,LOT075,W25,P300,ETCH,ETCH03,A,RCP_C,Thickness,99.262,100.0,98.0,102.0
2026-07-07 11:49:00,LOT076,W01,P100,ETCH,ETCH01,B,RCP_A,Thickness,100.467,100.0,98.0,102.0
2026-07-07 11:50:00,LOT076,W02,P100,ETCH,ETCH01,A,RCP_A,Thickness,100.19,100.0,98.0,102.0
2026-07-07 11:51:00,LOT076,W03,P100,ETCH,ETCH01,B,RCP_A,Thickness,100.149,100.0,98.0,102.0
2026-07-07 11:52:00,LOT076,W04,P100,ETCH,ETCH01,B,RCP_A,Thickness,99.92,100.0,98.0,102.0
2026-07-07 11:53:00,LOT076,W05,P100,ETCH,ETCH01,A,RCP_A,Thickness,100.786,100.0,98.0,102.0
2026-07-07 11:54:00,LOT076,W06,P100,ETCH,ETCH01,A,RCP_A,Thickness,100.434,100.0,98.0,102.0
2026-07-07 11:55:00,LOT076,W07,P100,ETCH,ETCH01,B,RCP_A,Thickness,100.141,100.0,98.0,102.0
2026-07-07 11:56:00,LOT076,W08,P100,ETCH,ETCH01,A,RCP_A,Thickness,100.682,100.0,98.0,102.0
2026-07-07 11:57:00,LOT076,W09,P100,ETCH,ETCH01,B,RCP_A,Thickness,99.897,100.0,98.0,102.0
2026-07-07 11:58:00,LOT076,W10,P100,ETCH,ETCH01,B,RCP_A,Thickness,100.261,100.0,98.0,102.0
2026-07-07 11:59:00,LOT076,W11,P100,ETCH,ETCH01,A,RCP_A,Thickness,100.408,100.0,98.0,102.0
2026-07-07 12:00:00,LOT076,W12,P100,ETCH,ETCH01,A,RCP_A,Thickness,100.065,100.0,98.0,102.0
2026-07-07 12:01:00,LOT076,W13,P100,ETCH,ETCH01,B,RCP_A,Thickness,100.414,100.0,98.0,102.0
2026-07-07 12:02:00,LOT076,W14,P100,ETCH,ETCH01,B,RCP_A,Thickness,100.732,100.0,98.0,102.0
2026-07-07 12:03:00,LOT076,W15,P100,ETCH,ETCH01,B,RCP_A,Thickness,100.874,100.0,98.0,102.0
2026-07-07 12:04:00,LOT076,W16,P100,ETCH,ETCH01,B,RCP_A,Thickness,100.147,100.0,98.0,102.0
2026-07-07 12:05:00,LOT076,W17,P100,ETCH,ETCH01,A,RCP_A,Thickness,99.754,100.0,98.0,102.0
2026-07-07 12:06:00,LOT076,W18,P100,ETCH,ETCH01,A,RCP_A,Thickness,100.196,100.0,98.0,102.0
2026-07-07 12:07:00,LOT076,W19,P100,ETCH,ETCH01,B,RCP_A,Thickness,100.125,100.0,98.0,102.0
2026-07-07 12:08:00,LOT076,W20,P100,ETCH,ETCH01,A,RCP_A,Thickness,100.256,100.0,98.0,102.0
2026-07-07 12:09:00,LOT076,W21,P100,ETCH,ETCH01,A,RCP_A,Thickness,99.994,100.0,98.0,102.0
2026-07-07 12:10:00,LOT076,W22,P100,ETCH,ETCH01,A,RCP_A,Thickness,99.848,100.0,98.0,102.0
2026-07-07 12:11:00,LOT076,W23,P100,ETCH,ETCH01,B,RCP_A,Thickness,100.031,100.0,98.0,102.0
2026-07-07 12:12:00,LOT076,W24,P100,ETCH,ETCH01,B,RCP_A,Thickness,100.398,100.0,98.0,102.0
2026-07-07 12:13:00,LOT076,W25,P100,ETCH,ETCH01,B,RCP_A,Thickness,100.054,100.0,98.0,102.0
2026-07-07 11:52:00,LOT077,W01,P200,ETCH,ETCH02,B,RCP_B,Thickness,100.991,100.0,98.0,102.0
2026-07-07 11:53:00,LOT077,W02,P200,ETCH,ETCH02,A,RCP_B,Thickness,100.788,100.0,98.0,102.0
2026-07-07 11:54:00,LOT077,W03,P200,ETCH,ETCH02,A,RCP_B,Thickness,101.691,100.0,98.0,102.0
2026-07-07 11:55:00,LOT077,W04,P200,ETCH,ETCH02,A,RCP_B,Thickness,100.664,100.0,98.0,102.0
2026-07-07 11:56:00,LOT077,W05,P200,ETCH,ETCH02,B,RCP_B,Thickness,100.94,100.0,98.0,102.0
2026-07-07 11:57:00,LOT077,W06,P200,ETCH,ETCH02,B,RCP_B,Thickness,99.99,100.0,98.0,102.0
2026-07-07 11:58:00,LOT077,W07,P200,ETCH,ETCH02,A,RCP_B,Thickness,100.802,100.0,98.0,102.0
2026-07-07 11:59:00,LOT077,W08,P200,ETCH,ETCH02,A,RCP_B,Thickness,101.126,100.0,98.0,102.0
2026-07-07 12:00:00,LOT077,W09,P200,ETCH,ETCH02,B,RCP_B,Thickness,101.507,100.0,98.0,102.0
2026-07-07 12:01:00,LOT077,W10,P200,ETCH,ETCH02,A,RCP_B,Thickness,100.992,100.0,98.0,102.0
2026-07-07 12:02:00,LOT077,W11,P200,ETCH,ETCH02,B,RCP_B,Thickness,101.575,100.0,98.0,102.0
2026-07-07 12:03:00,LOT077,W12,P200,ETCH,ETCH02,A,RCP_B,Thickness,101.38,100.0,98.0,102.0
2026-07-07 12:04:00,LOT077,W13,P200,ETCH,ETCH02,B,RCP_B,Thickness,101.301,100.0,98.0,102.0
2026-07-07 12:05:00,LOT077,W14,P200,ETCH,ETCH02,B,RCP_B,Thickness,99.235,100.0,98.0,102.0
2026-07-07 12:06:00,LOT077,W15,P200,ETCH,ETCH02,A,RCP_B,Thickness,101.136,100.0,98.0,102.0
2026-07-07 12:07:00,LOT077,W16,P200,ETCH,ETCH02,B,RCP_B,Thickness,100.785,100.0,98.0,102.0
2026-07-07 12:08:00,LOT077,W17,P200,ETCH,ETCH02,B,RCP_B,Thickness,100.412,100.0,98.0,102.0
2026-07-07 12:09:00,LOT077,W18,P200,ETCH,ETCH02,A,RCP_B,Thickness,101.175,100.0,98.0,102.0
2026-07-07 12:10:00,LOT077,W19,P200,ETCH,ETCH02,A,RCP_B,Thickness,100.82,100.0,98.0,102.0
2026-07-07 12:11:00,LOT077,W20,P200,ETCH,ETCH02,B,RCP_B,Thickness,100.491,100.0,98.0,102.0
2026-07-07 12:12:00,LOT077,W21,P200,ETCH,ETCH02,A,RCP_B,Thickness,100.76,100.0,98.0,102.0
2026-07-07 12:13:00,LOT077,W22,P200,ETCH,ETCH02,B,RCP_B,Thickness,101.726,100.0,98.0,102.0
2026-07-07 12:14:00,LOT077,W23,P200,ETCH,ETCH02,A,RCP_B,Thickness,100.49,100.0,98.0,102.0
2026-07-07 12:15:00,LOT077,W24,P200,ETCH,ETCH02,B,RCP_B,Thickness,100.472,100.0,98.0,102.0
2026-07-07 12:16:00,LOT077,W25,P200,ETCH,ETCH02,A,RCP_B,Thickness,100.711,100.0,98.0,102.0
2026-07-07 11:55:00,LOT078,W01,P300,ETCH,ETCH03,A,RCP_C,Thickness,98.839,100.0,98.0,102.0
2026-07-07 11:56:00,LOT078,W02,P300,ETCH,ETCH03,A,RCP_C,Thickness,98.98,100.0,98.0,102.0
2026-07-07 11:57:00,LOT078,W03,P300,ETCH,ETCH03,B,RCP_C,Thickness,99.976,100.0,98.0,102.0
2026-07-07 11:58:00,LOT078,W04,P300,ETCH,ETCH03,A,RCP_C,Thickness,99.032,100.0,98.0,102.0
2026-07-07 11:59:00,LOT078,W05,P300,ETCH,ETCH03,A,RCP_C,Thickness,99.575,100.0,98.0,102.0
2026-07-07 12:00:00,LOT078,W06,P300,ETCH,ETCH03,B,RCP_C,Thickness,98.98,100.0,98.0,102.0
2026-07-07 12:01:00,LOT078,W07,P300,ETCH,ETCH03,A,RCP_C,Thickness,99.4,100.0,98.0,102.0
2026-07-07 12:02:00,LOT078,W08,P300,ETCH,ETCH03,B,RCP_C,Thickness,99.597,100.0,98.0,102.0
2026-07-07 12:03:00,LOT078,W09,P300,ETCH,ETCH03,A,RCP_C,Thickness,99.482,100.0,98.0,102.0
2026-07-07 12:04:00,LOT078,W10,P300,ETCH,ETCH03,B,RCP_C,Thickness,99.451,100.0,98.0,102.0
2026-07-07 12:05:00,LOT078,W11,P300,ETCH,ETCH03,A,RCP_C,Thickness,99.428,100.0,98.0,102.0
2026-07-07 12:06:00,LOT078,W12,P300,ETCH,ETCH03,A,RCP_C,Thickness,99.052,100.0,98.0,102.0
2026-07-07 12:07:00,LOT078,W13,P300,ETCH,ETCH03,A,RCP_C,Thickness,100.191,100.0,98.0,102.0
2026-07-07 12:08:00,LOT078,W14,P300,ETCH,ETCH03,B,RCP_C,Thickness,98.827,100.0,98.0,102.0
2026-07-07 12:09:00,LOT078,W15,P300,ETCH,ETCH03,A,RCP_C,Thickness,99.474,100.0,98.0,102.0
2026-07-07 12:10:00,LOT078,W16,P300,ETCH,ETCH03,A,RCP_C,Thickness,99.516,100.0,98.0,102.0
2026-07-07 12:11:00,LOT078,W17,P300,ETCH,ETCH03,B,RCP_C,Thickness,98.935,100.0,98.0,102.0
2026-07-07 12:12:00,LOT078,W18,P300,ETCH,ETCH03,B,RCP_C,Thickness,98.784,100.0,98.0,102.0
2026-07-07 12:13:00,LOT078,W19,P300,ETCH,ETCH03,B,RCP_C,Thickness,99.345,100.0,98.0,102.0
2026-07-07 12:14:00,LOT078,W20,P300,ETCH,ETCH03,A,RCP_C,Thickness,99.54,100.0,98.0,102.0
2026-07-07 12:15:00,LOT078,W21,P300,ETCH,ETCH03,A,RCP_C,Thickness,99.121,100.0,98.0,102.0
2026-07-07 12:16:00,LOT078,W22,P300,ETCH,ETCH03,B,RCP_C,Thickness,99.313,100.0,98.0,102.0
2026-07-07 12:17:00,LOT078,W23,P300,ETCH,ETCH03,B,RCP_C,Thickness,99.192,100.0,98.0,102.0
2026-07-07 12:18:00,LOT078,W24,P300,ETCH,ETCH03,A,RCP_C,Thickness,99.232,100.0,98.0,102.0
2026-07-07 12:19:00,LOT078,W25,P300,ETCH,ETCH03,A,RCP_C,Thickness,99.021,100.0,98.0,102.0
2026-07-07 11:58:00,LOT079,W01,P100,ETCH,ETCH01,A,RCP_A,Thickness,100.535,100.0,98.0,102.0
2026-07-07 11:59:00,LOT079,W02,P100,ETCH,ETCH01,B,RCP_A,Thickness,100.318,100.0,98.0,102.0
2026-07-07 12:00:00,LOT079,W03,P100,ETCH,ETCH01,A,RCP_A,Thickness,100.154,100.0,98.0,102.0
2026-07-07 12:01:00,LOT079,W04,P100,ETCH,ETCH01,B,RCP_A,Thickness,100.204,100.0,98.0,102.0
2026-07-07 12:02:00,LOT079,W05,P100,ETCH,ETCH01,B,RCP_A,Thickness,100.038,100.0,98.0,102.0
2026-07-07 12:03:00,LOT079,W06,P100,ETCH,ETCH01,A,RCP_A,Thickness,100.188,100.0,98.0,102.0
2026-07-07 12:04:00,LOT079,W07,P100,ETCH,ETCH01,B,RCP_A,Thickness,100.339,100.0,98.0,102.0
2026-07-07 12:05:00,LOT079,W08,P100,ETCH,ETCH01,A,RCP_A,Thickness,103.195,100.0,98.0,102.0
2026-07-07 12:06:00,LOT079,W09,P100,ETCH,ETCH01,B,RCP_A,Thickness,99.954,100.0,98.0,102.0
2026-07-07 12:07:00,LOT079,W10,P100,ETCH,ETCH01,A,RCP_A,Thickness,100.287,100.0,98.0,102.0
2026-07-07 12:08:00,LOT079,W11,P100,ETCH,ETCH01,B,RCP_A,Thickness,100.15,100.0,98.0,102.0
2026-07-07 12:09:00,LOT079,W12,P100,ETCH,ETCH01,A,RCP_A,Thickness,100.385,100.0,98.0,102.0
2026-07-07 12:10:00,LOT079,W13,P100,ETCH,ETCH01,A,RCP_A,Thickness,100.113,100.0,98.0,102.0
2026-07-07 12:11:00,LOT079,W14,P100,ETCH,ETCH01,B,RCP_A,Thickness,100.571,100.0,98.0,102.0
2026-07-07 12:12:00,LOT079,W15,P100,ETCH,ETCH01,B,RCP_A,Thickness,100.712,100.0,98.0,102.0
2026-07-07 12:13:00,LOT079,W16,P100,ETCH,ETCH01,A,RCP_A,Thickness,100.41,100.0,98.0,102.0
2026-07-07 12:14:00,LOT079,W17,P100,ETCH,ETCH01,B,RCP_A,Thickness,100.289,100.0,98.0,102.0
2026-07-07 12:15:00,LOT079,W18,P100,ETCH,ETCH01,A,RCP_A,Thickness,100.378,100.0,98.0,102.0
2026-07-07 12:16:00,LOT079,W19,P100,ETCH,ETCH01,B,RCP_A,Thickness,100.345,100.0,98.0,102.0
2026-07-07 12:17:00,LOT079,W20,P100,ETCH,ETCH01,A,RCP_A,Thickness,100.528,100.0,98.0,102.0
2026-07-07 12:18:00,LOT079,W21,P100,ETCH,ETCH01,B,RCP_A,Thickness,99.796,100.0,98.0,102.0
2026-07-07 12:19:00,LOT079,W22,P100,ETCH,ETCH01,B,RCP_A,Thickness,100.573,100.0,98.0,102.0
2026-07-07 12:20:00,LOT079,W23,P100,ETCH,ETCH01,B,RCP_A,Thickness,100.071,100.0,98.0,102.0
2026-07-07 12:21:00,LOT079,W24,P100,ETCH,ETCH01,A,RCP_A,Thickness,100.489,100.0,98.0,102.0
2026-07-07 12:22:00,LOT079,W25,P100,ETCH,ETCH01,B,RCP_A,Thickness,100.221,100.0,98.0,102.0
2026-07-07 12:01:00,LOT080,W01,P200,ETCH,ETCH02,A,RCP_B,Thickness,100.688,100.0,98.0,102.0
2026-07-07 12:02:00,LOT080,W02,P200,ETCH,ETCH02,B,RCP_B,Thickness,100.925,100.0,98.0,102.0
2026-07-07 12:03:00,LOT080,W03,P200,ETCH,ETCH02,A,RCP_B,Thickness,100.691,100.0,98.0,102.0
2026-07-07 12:04:00,LOT080,W04,P200,ETCH,ETCH02,B,RCP_B,Thickness,99.263,100.0,98.0,102.0
2026-07-07 12:05:00,LOT080,W05,P200,ETCH,ETCH02,A,RCP_B,Thickness,101.162,100.0,98.0,102.0
2026-07-07 12:06:00,LOT080,W06,P200,ETCH,ETCH02,B,RCP_B,Thickness,101.835,100.0,98.0,102.0
2026-07-07 12:07:00,LOT080,W07,P200,ETCH,ETCH02,B,RCP_B,Thickness,101.537,100.0,98.0,102.0
2026-07-07 12:08:00,LOT080,W08,P200,ETCH,ETCH02,B,RCP_B,Thickness,100.677,100.0,98.0,102.0
2026-07-07 12:09:00,LOT080,W09,P200,ETCH,ETCH02,A,RCP_B,Thickness,100.481,100.0,98.0,102.0
2026-07-07 12:10:00,LOT080,W10,P200,ETCH,ETCH02,B,RCP_B,Thickness,100.801,100.0,98.0,102.0
2026-07-07 12:11:00,LOT080,W11,P200,ETCH,ETCH02,B,RCP_B,Thickness,100.962,100.0,98.0,102.0
2026-07-07 12:12:00,LOT080,W12,P200,ETCH,ETCH02,B,RCP_B,Thickness,101.304,100.0,98.0,102.0
2026-07-07 12:13:00,LOT080,W13,P200,ETCH,ETCH02,B,RCP_B,Thickness,102.623,100.0,98.0,102.0
2026-07-07 12:14:00,LOT080,W14,P200,ETCH,ETCH02,B,RCP_B,Thickness,101.997,100.0,98.0,102.0
2026-07-07 12:15:00,LOT080,W15,P200,ETCH,ETCH02,A,RCP_B,Thickness,101.415,100.0,98.0,102.0
2026-07-07 12:16:00,LOT080,W16,P200,ETCH,ETCH02,A,RCP_B,Thickness,101.636,100.0,98.0,102.0
2026-07-07 12:17:00,LOT080,W17,P200,ETCH,ETCH02,A,RCP_B,Thickness,101.156,100.0,98.0,102.0
2026-07-07 12:18:00,LOT080,W18,P200,ETCH,ETCH02,B,RCP_B,Thickness,100.035,100.0,98.0,102.0
2026-07-07 12:19:00,LOT080,W19,P200,ETCH,ETCH02,B,RCP_B,Thickness,100.483,100.0,98.0,102.0
2026-07-07 12:20:00,LOT080,W20,P200,ETCH,ETCH02,A,RCP_B,Thickness,100.652,100.0,98.0,102.0
2026-07-07 12:21:00,LOT080,W21,P200,ETCH,ETCH02,B,RCP_B,Thickness,102.096,100.0,98.0,102.0
2026-07-07 12:22:00,LOT080,W22,P200,ETCH,ETCH02,A,RCP_B,Thickness,101.286,100.0,98.0,102.0
2026-07-07 12:23:00,LOT080,W23,P200,ETCH,ETCH02,B,RCP_B,Thickness,101.845,100.0,98.0,102.0
2026-07-07 12:24:00,LOT080,W24,P200,ETCH,ETCH02,B,RCP_B,Thickness,100.227,100.0,98.0,102.0
2026-07-07 12:25:00,LOT080,W25,P200,ETCH,ETCH02,A,RCP_B,Thickness,101.431,100.0,98.0,102.0
2026-07-07 12:04:00,LOT081,W01,P300,ETCH,ETCH03,A,RCP_C,Thickness,98.705,100.0,98.0,102.0
2026-07-07 12:05:00,LOT081,W02,P300,ETCH,ETCH03,A,RCP_C,Thickness,99.248,100.0,98.0,102.0
2026-07-07 12:06:00,LOT081,W03,P300,ETCH,ETCH03,A,RCP_C,Thickness,98.616,100.0,98.0,102.0
2026-07-07 12:07:00,LOT081,W04,P300,ETCH,ETCH03,B,RCP_C,Thickness,99.107,100.0,98.0,102.0
2026-07-07 12:08:00,LOT081,W05,P300,ETCH,ETCH03,B,RCP_C,Thickness,99.68,100.0,98.0,102.0
2026-07-07 12:09:00,LOT081,W06,P300,ETCH,ETCH03,A,RCP_C,Thickness,99.561,100.0,98.0,102.0
2026-07-07 12:10:00,LOT081,W07,P300,ETCH,ETCH03,B,RCP_C,Thickness,99.019,100.0,98.0,102.0
2026-07-07 12:11:00,LOT081,W08,P300,ETCH,ETCH03,A,RCP_C,Thickness,99.589,100.0,98.0,102.0
2026-07-07 12:12:00,LOT081,W09,P300,ETCH,ETCH03,A,RCP_C,Thickness,98.64,100.0,98.0,102.0
2026-07-07 12:13:00,LOT081,W10,P300,ETCH,ETCH03,A,RCP_C,Thickness,99.286,100.0,98.0,102.0
2026-07-07 12:14:00,LOT081,W11,P300,ETCH,ETCH03,A,RCP_C,Thickness,99.438,100.0,98.0,102.0
2026-07-07 12:15:00,LOT081,W12,P300,ETCH,ETCH03,B,RCP_C,Thickness,99.424,100.0,98.0,102.0
2026-07-07 12:16:00,LOT081,W13,P300,ETCH,ETCH03,B,RCP_C,Thickness,99.543,100.0,98.0,102.0
2026-07-07 12:17:00,LOT081,W14,P300,ETCH,ETCH03,B,RCP_C,Thickness,99.59,100.0,98.0,102.0
2026-07-07 12:18:00,LOT081,W15,P300,ETCH,ETCH03,B,RCP_C,Thickness,99.932,100.0,98.0,102.0
2026-07-07 12:19:00,LOT081,W16,P300,ETCH,ETCH03,A,RCP_C,Thickness,99.415,100.0,98.0,102.0
2026-07-07 12:20:00,LOT081,W17,P300,ETCH,ETCH03,B,RCP_C,Thickness,99.43,100.0,98.0,102.0
2026-07-07 12:21:00,LOT081,W18,P300,ETCH,ETCH03,A,RCP_C,Thickness,99.431,100.0,98.0,102.0
2026-07-07 12:22:00,LOT081,W19,P300,ETCH,ETCH03,B,RCP_C,Thickness,99.305,100.0,98.0,102.0
2026-07-07 12:23:00,LOT081,W20,P300,ETCH,ETCH03,A,RCP_C,Thickness,99.197,100.0,98.0,102.0
2026-07-07 12:24:00,LOT081,W21,P300,ETCH,ETCH03,B,RCP_C,Thickness,99.586,100.0,98.0,102.0
2026-07-07 12:25:00,LOT081,W22,P300,ETCH,ETCH03,A,RCP_C,Thickness,99.38,100.0,98.0,102.0
2026-07-07 12:26:00,LOT081,W23,P300,ETCH,ETCH03,A,RCP_C,Thickness,99.101,100.0,98.0,102.0
2026-07-07 12:27:00,LOT081,W24,P300,ETCH,ETCH03,A,RCP_C,Thickness,99.178,100.0,98.0,102.0
2026-07-07 12:28:00,LOT081,W25,P300,ETCH,ETCH03,B,RCP_C,Thickness,99.607,100.0,98.0,102.0
2026-07-07 12:07:00,LOT082,W01,P100,ETCH,ETCH01,A,RCP_A,Thickness,100.138,100.0,98.0,102.0
2026-07-07 12:08:00,LOT082,W02,P100,ETCH,ETCH01,A,RCP_A,Thickness,100.614,100.0,98.0,102.0
2026-07-07 12:09:00,LOT082,W03,P100,ETCH,ETCH01,A,RCP_A,Thickness,100.508,100.0,98.0,102.0
2026-07-07 12:10:00,LOT082,W04,P100,ETCH,ETCH01,B,RCP_A,Thickness,97.017,100.0,98.0,102.0
2026-07-07 12:11:00,LOT082,W05,P100,ETCH,ETCH01,A,RCP_A,Thickness,100.757,100.0,98.0,102.0
2026-07-07 12:12:00,LOT082,W06,P100,ETCH,ETCH01,B,RCP_A,Thickness,99.928,100.0,98.0,102.0
2026-07-07 12:13:00,LOT082,W07,P100,ETCH,ETCH01,A,RCP_A,Thickness,100.587,100.0,98.0,102.0
2026-07-07 12:14:00,LOT082,W08,P100,ETCH,ETCH01,B,RCP_A,Thickness,100.605,100.0,98.0,102.0
2026-07-07 12:15:00,LOT082,W09,P100,ETCH,ETCH01,B,RCP_A,Thickness,100.197,100.0,98.0,102.0
2026-07-07 12:16:00,LOT082,W10,P100,ETCH,ETCH01,B,RCP_A,Thickness,100.361,100.0,98.0,102.0
2026-07-07 12:17:00,LOT082,W11,P100,ETCH,ETCH01,B,RCP_A,Thickness,100.359,100.0,98.0,102.0
2026-07-07 12:18:00,LOT082,W12,P100,ETCH,ETCH01,A,RCP_A,Thickness,100.595,100.0,98.0,102.0
2026-07-07 12:19:00,LOT082,W13,P100,ETCH,ETCH01,B,RCP_A,Thickness,100.442,100.0,98.0,102.0
2026-07-07 12:20:00,LOT082,W14,P100,ETCH,ETCH01,B,RCP_A,Thickness,99.981,100.0,98.0,102.0
2026-07-07 12:21:00,LOT082,W15,P100,ETCH,ETCH01,B,RCP_A,Thickness,99.621,100.0,98.0,102.0
2026-07-07 12:22:00,LOT082,W16,P100,ETCH,ETCH01,B,RCP_A,Thickness,100.29,100.0,98.0,102.0
2026-07-07 12:23:00,LOT082,W17,P100,ETCH,ETCH01,B,RCP_A,Thickness,100.363,100.0,98.0,102.0
2026-07-07 12:24:00,LOT082,W18,P100,ETCH,ETCH01,B,RCP_A,Thickness,100.789,100.0,98.0,102.0
2026-07-07 12:25:00,LOT082,W19,P100,ETCH,ETCH01,A,RCP_A,Thickness,101.394,100.0,98.0,102.0
2026-07-07 12:26:00,LOT082,W20,P100,ETCH,ETCH01,A,RCP_A,Thickness,100.497,100.0,98.0,102.0
2026-07-07 12:27:00,LOT082,W21,P100,ETCH,ETCH01,A,RCP_A,Thickness,100.479,100.0,98.0,102.0
2026-07-07 12:28:00,LOT082,W22,P100,ETCH,ETCH01,A,RCP_A,Thickness,101.114,100.0,98.0,102.0
2026-07-07 12:29:00,LOT082,W23,P100,ETCH,ETCH01,B,RCP_A,Thickness,100.616,100.0,98.0,102.0
2026-07-07 12:30:00,LOT082,W24,P100,ETCH,ETCH01,B,RCP_A,Thickness,100.196,100.0,98.0,102.0
2026-07-07 12:31:00,LOT082,W25,P100,ETCH,ETCH01,B,RCP_A,Thickness,99.961,100.0,98.0,102.0
2026-07-07 12:10:00,LOT083,W01,P200,ETCH,ETCH02,B,RCP_B,Thickness,100.225,100.0,98.0,102.0
2026-07-07 12:11:00,LOT083,W02,P200,ETCH,ETCH02,B,RCP_B,Thickness,102.098,100.0,98.0,102.0
2026-07-07 12:12:00,LOT083,W03,P200,ETCH,ETCH02,A,RCP_B,Thickness,101.069,100.0,98.0,102.0
2026-07-07 12:13:00,LOT083,W04,P200,ETCH,ETCH02,B,RCP_B,Thickness,100.622,100.0,98.0,102.0
2026-07-07 12:14:00,LOT083,W05,P200,ETCH,ETCH02,A,RCP_B,Thickness,101.613,100.0,98.0,102.0
2026-07-07 12:15:00,LOT083,W06,P200,ETCH,ETCH02,B,RCP_B,Thickness,101.323,100.0,98.0,102.0
2026-07-07 12:16:00,LOT083,W07,P200,ETCH,ETCH02,A,RCP_B,Thickness,100.659,100.0,98.0,102.0
2026-07-07 12:17:00,LOT083,W08,P200,ETCH,ETCH02,A,RCP_B,Thickness,101.405,100.0,98.0,102.0
2026-07-07 12:18:00,LOT083,W09,P200,ETCH,ETCH02,B,RCP_B,Thickness,101.21,100.0,98.0,102.0
2026-07-07 12:19:00,LOT083,W10,P200,ETCH,ETCH02,B,RCP_B,Thickness,100.467,100.0,98.0,102.0
2026-07-07 12:20:00,LOT083,W11,P200,ETCH,ETCH02,B,RCP_B,Thickness,101.46,100.0,98.0,102.0
2026-07-07 12:21:00,LOT083,W12,P200,ETCH,ETCH02,A,RCP_B,Thickness,100.644,100.0,98.0,102.0
2026-07-07 12:22:00,LOT083,W13,P200,ETCH,ETCH02,A,RCP_B,Thickness,100.824,100.0,98.0,102.0
2026-07-07 12:23:00,LOT083,W14,P200,ETCH,ETCH02,B,RCP_B,Thickness,101.572,100.0,98.0,102.0
2026-07-07 12:24:00,LOT083,W15,P200,ETCH,ETCH02,A,RCP_B,Thickness,100.399,100.0,98.0,102.0
2026-07-07 12:25:00,LOT083,W16,P200,ETCH,ETCH02,A,RCP_B,Thickness,100.808,100.0,98.0,102.0
2026-07-07 12:26:00,LOT083,W17,P200,ETCH,ETCH02,A,RCP_B,Thickness,100.917,100.0,98.0,102.0
2026-07-07 12:27:00,LOT083,W18,P200,ETCH,ETCH02,B,RCP_B,Thickness,101.876,100.0,98.0,102.0
2026-07-07 12:28:00,LOT083,W19,P200,ETCH,ETCH02,B,RCP_B,Thickness,99.304,100.0,98.0,102.0
2026-07-07 12:29:00,LOT083,W20,P200,ETCH,ETCH02,B,RCP_B,Thickness,101.316,100.0,98.0,102.0
2026-07-07 12:30:00,LOT083,W21,P200,ETCH,ETCH02,B,RCP_B,Thickness,100.427,100.0,98.0,102.0
2026-07-07 12:31:00,LOT083,W22,P200,ETCH,ETCH02,B,RCP_B,Thickness,100.487,100.0,98.0,102.0
2026-07-07 12:32:00,LOT083,W23,P200,ETCH,ETCH02,A,RCP_B,Thickness,101.282,100.0,98.0,102.0
2026-07-07 12:33:00,LOT083,W24,P200,ETCH,ETCH02,A,RCP_B,Thickness,101.291,100.0,98.0,102.0
2026-07-07 12:34:00,LOT083,W25,P200,ETCH,ETCH02,B,RCP_B,Thickness,100.354,100.0,98.0,102.0
2026-07-07 12:13:00,LOT084,W01,P300,ETCH,ETCH03,B,RCP_C,Thickness,99.552,100.0,98.0,102.0
2026-07-07 12:14:00,LOT084,W02,P300,ETCH,ETCH03,A,RCP_C,Thickness,99.308,100.0,98.0,102.0
2026-07-07 12:15:00,LOT084,W03,P300,ETCH,ETCH03,A,RCP_C,Thickness,99.806,100.0,98.0,102.0
2026-07-07 12:16:00,LOT084,W04,P300,ETCH,ETCH03,A,RCP_C,Thickness,99.263,100.0,98.0,102.0
2026-07-07 12:17:00,LOT084,W05,P300,ETCH,ETCH03,B,RCP_C,Thickness,99.36,100.0,98.0,102.0
2026-07-07 12:18:00,LOT084,W06,P300,ETCH,ETCH03,B,RCP_C,Thickness,98.614,100.0,98.0,102.0
2026-07-07 12:19:00,LOT084,W07,P300,ETCH,ETCH03,B,RCP_C,Thickness,98.988,100.0,98.0,102.0
2026-07-07 12:20:00,LOT084,W08,P300,ETCH,ETCH03,B,RCP_C,Thickness,99.05,100.0,98.0,102.0
2026-07-07 12:21:00,LOT084,W09,P300,ETCH,ETCH03,B,RCP_C,Thickness,99.542,100.0,98.0,102.0
2026-07-07 12:22:00,LOT084,W10,P300,ETCH,ETCH03,A,RCP_C,Thickness,99.087,100.0,98.0,102.0
2026-07-07 12:23:00,LOT084,W11,P300,ETCH,ETCH03,B,RCP_C,Thickness,99.655,100.0,98.0,102.0
2026-07-07 12:24:00,LOT084,W12,P300,ETCH,ETCH03,B,RCP_C,Thickness,99.055,100.0,98.0,102.0
2026-07-07 12:25:00,LOT084,W13,P300,ETCH,ETCH03,A,RCP_C,Thickness,99.584,100.0,98.0,102.0
2026-07-07 12:26:00,LOT084,W14,P300,ETCH,ETCH03,A,RCP_C,Thickness,99.275,100.0,98.0,102.0
2026-07-07 12:27:00,LOT084,W15,P300,ETCH,ETCH03,B,RCP_C,Thickness,99.406,100.0,98.0,102.0
2026-07-07 12:28:00,LOT084,W16,P300,ETCH,ETCH03,A,RCP_C,Thickness,99.207,100.0,98.0,102.0
2026-07-07 12:29:00,LOT084,W17,P300,ETCH,ETCH03,B,RCP_C,Thickness,98.85,100.0,98.0,102.0
2026-07-07 12:30:00,LOT084,W18,P300,ETCH,ETCH03,B,RCP_C,Thickness,99.01,100.0,98.0,102.0
2026-07-07 12:31:00,LOT084,W19,P300,ETCH,ETCH03,B,RCP_C,Thickness,99.443,100.0,98.0,102.0
2026-07-07 12:32:00,LOT084,W20,P300,ETCH,ETCH03,B,RCP_C,Thickness,98.902,100.0,98.0,102.0
2026-07-07 12:33:00,LOT084,W21,P300,ETCH,ETCH03,B,RCP_C,Thickness,99.478,100.0,98.0,102.0
2026-07-07 12:34:00,LOT084,W22,P300,ETCH,ETCH03,B,RCP_C,Thickness,99.091,100.0,98.0,102.0
2026-07-07 12:35:00,LOT084,W23,P300,ETCH,ETCH03,A,RCP_C,Thickness,98.912,100.0,98.0,102.0
2026-07-07 12:36:00,LOT084,W24,P300,ETCH,ETCH03,A,RCP_C,Thickness,98.953,100.0,98.0,102.0
2026-07-07 12:37:00,LOT084,W25,P300,ETCH,ETCH03,B,RCP_C,Thickness,98.747,100.0,98.0,102.0
2026-07-08 12:16:00,LOT085,W01,P100,ETCH,ETCH01,B,RCP_A,Thickness,100.877,100.0,98.0,102.0
2026-07-08 12:17:00,LOT085,W02,P100,ETCH,ETCH01,A,RCP_A,Thickness,100.135,100.0,98.0,102.0
2026-07-08 12:18:00,LOT085,W03,P100,ETCH,ETCH01,A,RCP_A,Thickness,100.395,100.0,98.0,102.0
2026-07-08 12:19:00,LOT085,W04,P100,ETCH,ETCH01,B,RCP_A,Thickness,100.939,100.0,98.0,102.0
2026-07-08 12:20:00,LOT085,W05,P100,ETCH,ETCH01,A,RCP_A,Thickness,99.909,100.0,98.0,102.0
2026-07-08 12:21:00,LOT085,W06,P100,ETCH,ETCH01,B,RCP_A,Thickness,99.855,100.0,98.0,102.0
2026-07-08 12:22:00,LOT085,W07,P100,ETCH,ETCH01,B,RCP_A,Thickness,100.261,100.0,98.0,102.0
2026-07-08 12:23:00,LOT085,W08,P100,ETCH,ETCH01,A,RCP_A,Thickness,100.123,100.0,98.0,102.0
2026-07-08 12:24:00,LOT085,W09,P100,ETCH,ETCH01,A,RCP_A,Thickness,100.448,100.0,98.0,102.0
2026-07-08 12:25:00,LOT085,W10,P100,ETCH,ETCH01,B,RCP_A,Thickness,100.071,100.0,98.0,102.0
2026-07-08 12:26:00,LOT085,W11,P100,ETCH,ETCH01,A,RCP_A,Thickness,100.443,100.0,98.0,102.0
2026-07-08 12:27:00,LOT085,W12,P100,ETCH,ETCH01,B,RCP_A,Thickness,100.627,100.0,98.0,102.0
2026-07-08 12:28:00,LOT085,W13,P100,ETCH,ETCH01,A,RCP_A,Thickness,100.297,100.0,98.0,102.0
2026-07-08 12:29:00,LOT085,W14,P100,ETCH,ETCH01,A,RCP_A,Thickness,100.279,100.0,98.0,102.0
2026-07-08 12:30:00,LOT085,W15,P100,ETCH,ETCH01,A,RCP_A,Thickness,100.245,100.0,98.0,102.0
2026-07-08 12:31:00,LOT085,W16,P100,ETCH,ETCH01,B,RCP_A,Thickness,100.631,100.0,98.0,102.0
2026-07-08 12:32:00,LOT085,W17,P100,ETCH,ETCH01,A,RCP_A,Thickness,99.826,100.0,98.0,102.0
2026-07-08 12:33:00,LOT085,W18,P100,ETCH,ETCH01,A,RCP_A,Thickness,100.764,100.0,98.0,102.0
2026-07-08 12:34:00,LOT085,W19,P100,ETCH,ETCH01,A,RCP_A,Thickness,99.708,100.0,98.0,102.0
2026-07-08 12:35:00,LOT085,W20,P100,ETCH,ETCH01,B,RCP_A,Thickness,100.27,100.0,98.0,102.0
2026-07-08 12:36:00,LOT085,W21,P100,ETCH,ETCH01,A,RCP_A,Thickness,100.373,100.0,98.0,102.0
2026-07-08 12:37:00,LOT085,W22,P100,ETCH,ETCH01,B,RCP_A,Thickness,100.538,100.0,98.0,102.0
2026-07-08 12:38:00,LOT085,W23,P100,ETCH,ETCH01,B,RCP_A,Thickness,100.559,100.0,98.0,102.0
2026-07-08 12:39:00,LOT085,W24,P100,ETCH,ETCH01,A,RCP_A,Thickness,99.817,100.0,98.0,102.0
2026-07-08 12:40:00,LOT085,W25,P100,ETCH,ETCH01,A,RCP_A,Thickness,100.423,100.0,98.0,102.0
2026-07-08 12:19:00,LOT086,W01,P200,ETCH,ETCH02,A,RCP_B,Thickness,102.223,100.0,98.0,102.0
2026-07-08 12:20:00,LOT086,W02,P200,ETCH,ETCH02,B,RCP_B,Thickness,101.813,100.0,98.0,102.0
2026-07-08 12:21:00,LOT086,W03,P200,ETCH,ETCH02,B,RCP_B,Thickness,101.531,100.0,98.0,102.0
2026-07-08 12:22:00,LOT086,W04,P200,ETCH,ETCH02,B,RCP_B,Thickness,103.487,100.0,98.0,102.0
2026-07-08 12:23:00,LOT086,W05,P200,ETCH,ETCH02,B,RCP_B,Thickness,100.496,100.0,98.0,102.0
2026-07-08 12:24:00,LOT086,W06,P200,ETCH,ETCH02,A,RCP_B,Thickness,101.486,100.0,98.0,102.0
2026-07-08 12:25:00,LOT086,W07,P200,ETCH,ETCH02,A,RCP_B,Thickness,101.348,100.0,98.0,102.0
2026-07-08 12:26:00,LOT086,W08,P200,ETCH,ETCH02,A,RCP_B,Thickness,101.944,100.0,98.0,102.0
2026-07-08 12:27:00,LOT086,W09,P200,ETCH,ETCH02,B,RCP_B,Thickness,102.837,100.0,98.0,102.0
2026-07-08 12:28:00,LOT086,W10,P200,ETCH,ETCH02,A,RCP_B,Thickness,101.699,100.0,98.0,102.0
2026-07-08 12:29:00,LOT086,W11,P200,ETCH,ETCH02,A,RCP_B,Thickness,101.894,100.0,98.0,102.0
2026-07-08 12:30:00,LOT086,W12,P200,ETCH,ETCH02,B,RCP_B,Thickness,103.757,100.0,98.0,102.0
2026-07-08 12:31:00,LOT086,W13,P200,ETCH,ETCH02,A,RCP_B,Thickness,101.606,100.0,98.0,102.0
2026-07-08 12:32:00,LOT086,W14,P200,ETCH,ETCH02,A,RCP_B,Thickness,102.377,100.0,98.0,102.0
2026-07-08 12:33:00,LOT086,W15,P200,ETCH,ETCH02,B,RCP_B,Thickness,101.309,100.0,98.0,102.0
2026-07-08 12:34:00,LOT086,W16,P200,ETCH,ETCH02,B,RCP_B,Thickness,103.069,100.0,98.0,102.0
2026-07-08 12:35:00,LOT086,W17,P200,ETCH,ETCH02,B,RCP_B,Thickness,100.703,100.0,98.0,102.0
2026-07-08 12:36:00,LOT086,W18,P200,ETCH,ETCH02,B,RCP_B,Thickness,101.575,100.0,98.0,102.0
2026-07-08 12:37:00,LOT086,W19,P200,ETCH,ETCH02,A,RCP_B,Thickness,101.249,100.0,98.0,102.0
2026-07-08 12:38:00,LOT086,W20,P200,ETCH,ETCH02,A,RCP_B,Thickness,101.666,100.0,98.0,102.0
2026-07-08 12:39:00,LOT086,W21,P200,ETCH,ETCH02,B,RCP_B,Thickness,102.93,100.0,98.0,102.0
2026-07-08 12:40:00,LOT086,W22,P200,ETCH,ETCH02,A,RCP_B,Thickness,101.988,100.0,98.0,102.0
2026-07-08 12:41:00,LOT086,W23,P200,ETCH,ETCH02,B,RCP_B,Thickness,100.665,100.0,98.0,102.0
2026-07-08 12:42:00,LOT086,W24,P200,ETCH,ETCH02,A,RCP_B,Thickness,102.184,100.0,98.0,102.0
2026-07-08 12:43:00,LOT086,W25,P200,ETCH,ETCH02,A,RCP_B,Thickness,101.955,100.0,98.0,102.0
2026-07-08 12:22:00,LOT087,W01,P300,ETCH,ETCH03,A,RCP_C,Thickness,98.379,100.0,98.0,102.0
2026-07-08 12:23:00,LOT087,W02,P300,ETCH,ETCH03,A,RCP_C,Thickness,99.205,100.0,98.0,102.0
2026-07-08 12:24:00,LOT087,W03,P300,ETCH,ETCH03,B,RCP_C,Thickness,99.381,100.0,98.0,102.0
2026-07-08 12:25:00,LOT087,W04,P300,ETCH,ETCH03,A,RCP_C,Thickness,99.004,100.0,98.0,102.0
2026-07-08 12:26:00,LOT087,W05,P300,ETCH,ETCH03,B,RCP_C,Thickness,99.371,100.0,98.0,102.0
2026-07-08 12:27:00,LOT087,W06,P300,ETCH,ETCH03,A,RCP_C,Thickness,99.078,100.0,98.0,102.0
2026-07-08 12:28:00,LOT087,W07,P300,ETCH,ETCH03,B,RCP_C,Thickness,99.984,100.0,98.0,102.0
2026-07-08 12:29:00,LOT087,W08,P300,ETCH,ETCH03,A,RCP_C,Thickness,99.053,100.0,98.0,102.0
2026-07-08 12:30:00,LOT087,W09,P300,ETCH,ETCH03,A,RCP_C,Thickness,100.089,100.0,98.0,102.0
2026-07-08 12:31:00,LOT087,W10,P300,ETCH,ETCH03,A,RCP_C,Thickness,98.777,100.0,98.0,102.0
2026-07-08 12:32:00,LOT087,W11,P300,ETCH,ETCH03,B,RCP_C,Thickness,99.139,100.0,98.0,102.0
2026-07-08 12:33:00,LOT087,W12,P300,ETCH,ETCH03,A,RCP_C,Thickness,99.183,100.0,98.0,102.0
2026-07-08 12:34:00,LOT087,W13,P300,ETCH,ETCH03,A,RCP_C,Thickness,99.726,100.0,98.0,102.0
2026-07-08 12:35:00,LOT087,W14,P300,ETCH,ETCH03,B,RCP_C,Thickness,99.338,100.0,98.0,102.0
2026-07-08 12:36:00,LOT087,W15,P300,ETCH,ETCH03,B,RCP_C,Thickness,99.707,100.0,98.0,102.0
2026-07-08 12:37:00,LOT087,W16,P300,ETCH,ETCH03,B,RCP_C,Thickness,99.675,100.0,98.0,102.0
2026-07-08 12:38:00,LOT087,W17,P300,ETCH,ETCH03,B,RCP_C,Thickness,99.026,100.0,98.0,102.0
2026-07-08 12:39:00,LOT087,W18,P300,ETCH,ETCH03,A,RCP_C,Thickness,99.551,100.0,98.0,102.0
2026-07-08 12:40:00,LOT087,W19,P300,ETCH,ETCH03,B,RCP_C,Thickness,99.267,100.0,98.0,102.0
2026-07-08 12:41:00,LOT087,W20,P300,ETCH,ETCH03,A,RCP_C,Thickness,99.076,100.0,98.0,102.0
2026-07-08 12:42:00,LOT087,W21,P300,ETCH,ETCH03,B,RCP_C,Thickness,99.335,100.0,98.0,102.0
2026-07-08 12:43:00,LOT087,W22,P300,ETCH,ETCH03,B,RCP_C,Thickness,99.682,100.0,98.0,102.0
2026-07-08 12:44:00,LOT087,W23,P300,ETCH,ETCH03,B,RCP_C,Thickness,99.507,100.0,98.0,102.0
2026-07-08 12:45:00,LOT087,W24,P300,ETCH,ETCH03,A,RCP_C,Thickness,99.53,100.0,98.0,102.0
2026-07-08 12:46:00,LOT087,W25,P300,ETCH,ETCH03,B,RCP_C,Thickness,99.277,100.0,98.0,102.0
2026-07-08 12:25:00,LOT088,W01,P100,ETCH,ETCH01,A,RCP_A,Thickness,100.092,100.0,98.0,102.0
2026-07-08 12:26:00,LOT088,W02,P100,ETCH,ETCH01,A,RCP_A,Thickness,100.038,100.0,98.0,102.0
2026-07-08 12:27:00,LOT088,W03,P100,ETCH,ETCH01,A,RCP_A,Thickness,100.419,100.0,98.0,102.0
2026-07-08 12:28:00,LOT088,W04,P100,ETCH,ETCH01,B,RCP_A,Thickness,100.246,100.0,98.0,102.0
2026-07-08 12:29:00,LOT088,W05,P100,ETCH,ETCH01,A,RCP_A,Thickness,100.692,100.0,98.0,102.0
2026-07-08 12:30:00,LOT088,W06,P100,ETCH,ETCH01,B,RCP_A,Thickness,100.557,100.0,98.0,102.0
2026-07-08 12:31:00,LOT088,W07,P100,ETCH,ETCH01,B,RCP_A,Thickness,100.717,100.0,98.0,102.0
2026-07-08 12:32:00,LOT088,W08,P100,ETCH,ETCH01,B,RCP_A,Thickness,100.268,100.0,98.0,102.0
2026-07-08 12:33:00,LOT088,W09,P100,ETCH,ETCH01,B,RCP_A,Thickness,99.999,100.0,98.0,102.0
2026-07-08 12:34:00,LOT088,W10,P100,ETCH,ETCH01,A,RCP_A,Thickness,99.418,100.0,98.0,102.0
2026-07-08 12:35:00,LOT088,W11,P100,ETCH,ETCH01,B,RCP_A,Thickness,100.365,100.0,98.0,102.0
2026-07-08 12:36:00,LOT088,W12,P100,ETCH,ETCH01,B,RCP_A,Thickness,100.584,100.0,98.0,102.0
2026-07-08 12:37:00,LOT088,W13,P100,ETCH,ETCH01,B,RCP_A,Thickness,100.203,100.0,98.0,102.0
2026-07-08 12:38:00,LOT088,W14,P100,ETCH,ETCH01,B,RCP_A,Thickness,100.598,100.0,98.0,102.0
2026-07-08 12:39:00,LOT088,W15,P100,ETCH,ETCH01,A,RCP_A,Thickness,100.17,100.0,98.0,102.0
2026-07-08 12:40:00,LOT088,W16,P100,ETCH,ETCH01,B,RCP_A,Thickness,100.548,100.0,98.0,102.0
2026-07-08 12:41:00,LOT088,W17,P100,ETCH,ETCH01,A,RCP_A,Thickness,100.425,100.0,98.0,102.0
2026-07-08 12:42:00,LOT088,W18,P100,ETCH,ETCH01,A,RCP_A,Thickness,100.258,100.0,98.0,102.0
2026-07-08 12:43:00,LOT088,W19,P100,ETCH,ETCH01,B,RCP_A,Thickness,99.999,100.0,98.0,102.0
2026-07-08 12:44:00,LOT088,W20,P100,ETCH,ETCH01,B,RCP_A,Thickness,100.808,100.0,98.0,102.0
2026-07-08 12:45:00,LOT088,W21,P100,ETCH,ETCH01,A,RCP_A,Thickness,100.328,100.0,98.0,102.0
2026-07-08 12:46:00,LOT088,W22,P100,ETCH,ETCH01,A,RCP_A,Thickness,100.471,100.0,98.0,102.0
2026-07-08 12:47:00,LOT088,W23,P100,ETCH,ETCH01,A,RCP_A,Thickness,100.469,100.0,98.0,102.0
2026-07-08 12:48:00,LOT088,W24,P100,ETCH,ETCH01,B,RCP_A,Thickness,99.884,100.0,98.0,102.0
2026-07-08 12:49:00,LOT088,W25,P100,ETCH,ETCH01,A,RCP_A,Thickness,100.16,100.0,98.0,102.0
2026-07-08 12:28:00,LOT089,W01,P200,ETCH,ETCH02,A,RCP_B,Thickness,101.829,100.0,98.0,102.0
2026-07-08 12:29:00,LOT089,W02,P200,ETCH,ETCH02,A,RCP_B,Thickness,102.02,100.0,98.0,102.0
2026-07-08 12:30:00,LOT089,W03,P200,ETCH,ETCH02,A,RCP_B,Thickness,101.739,100.0,98.0,102.0
2026-07-08 12:31:00,LOT089,W04,P200,ETCH,ETCH02,B,RCP_B,Thickness,104.431,100.0,98.0,102.0
2026-07-08 12:32:00,LOT089,W05,P200,ETCH,ETCH02,A,RCP_B,Thickness,102.055,100.0,98.0,102.0
2026-07-08 12:33:00,LOT089,W06,P200,ETCH,ETCH02,B,RCP_B,Thickness,101.506,100.0,98.0,102.0
2026-07-08 12:34:00,LOT089,W07,P200,ETCH,ETCH02,B,RCP_B,Thickness,101.869,100.0,98.0,102.0
2026-07-08 12:35:00,LOT089,W08,P200,ETCH,ETCH02,B,RCP_B,Thickness,101.896,100.0,98.0,102.0
2026-07-08 12:36:00,LOT089,W09,P200,ETCH,ETCH02,A,RCP_B,Thickness,101.977,100.0,98.0,102.0
2026-07-08 12:37:00,LOT089,W10,P200,ETCH,ETCH02,B,RCP_B,Thickness,102.226,100.0,98.0,102.0
2026-07-08 12:38:00,LOT089,W11,P200,ETCH,ETCH02,A,RCP_B,Thickness,101.495,100.0,98.0,102.0
2026-07-08 12:39:00,LOT089,W12,P200,ETCH,ETCH02,B,RCP_B,Thickness,101.593,100.0,98.0,102.0
2026-07-08 12:40:00,LOT089,W13,P200,ETCH,ETCH02,B,RCP_B,Thickness,103.441,100.0,98.0,102.0
2026-07-08 12:41:00,LOT089,W14,P200,ETCH,ETCH02,B,RCP_B,Thickness,102.886,100.0,98.0,102.0
2026-07-08 12:42:00,LOT089,W15,P200,ETCH,ETCH02,A,RCP_B,Thickness,102.245,100.0,98.0,102.0
2026-07-08 12:43:00,LOT089,W16,P200,ETCH,ETCH02,B,RCP_B,Thickness,102.669,100.0,98.0,102.0
2026-07-08 12:44:00,LOT089,W17,P200,ETCH,ETCH02,A,RCP_B,Thickness,101.85,100.0,98.0,102.0
2026-07-08 12:45:00,LOT089,W18,P200,ETCH,ETCH02,A,RCP_B,Thickness,102.072,100.0,98.0,102.0
2026-07-08 12:46:00,LOT089,W19,P200,ETCH,ETCH02,B,RCP_B,Thickness,100.805,100.0,98.0,102.0
2026-07-08 12:47:00,LOT089,W20,P200,ETCH,ETCH02,B,RCP_B,Thickness,102.121,100.0,98.0,102.0
2026-07-08 12:48:00,LOT089,W21,P200,ETCH,ETCH02,A,RCP_B,Thickness,101.612,100.0,98.0,102.0
2026-07-08 12:49:00,LOT089,W22,P200,ETCH,ETCH02,B,RCP_B,Thickness,102.332,100.0,98.0,102.0
2026-07-08 12:50:00,LOT089,W23,P200,ETCH,ETCH02,A,RCP_B,Thickness,101.618,100.0,98.0,102.0
2026-07-08 12:51:00,LOT089,W24,P200,ETCH,ETCH02,A,RCP_B,Thickness,101.507,100.0,98.0,102.0
2026-07-08 12:52:00,LOT089,W25,P200,ETCH,ETCH02,B,RCP_B,Thickness,103.372,100.0,98.0,102.0
2026-07-08 12:31:00,LOT090,W01,P300,ETCH,ETCH03,A,RCP_C,Thickness,99.6,100.0,98.0,102.0
2026-07-08 12:32:00,LOT090,W02,P300,ETCH,ETCH03,B,RCP_C,Thickness,99.532,100.0,98.0,102.0
2026-07-08 12:33:00,LOT090,W03,P300,ETCH,ETCH03,A,RCP_C,Thickness,98.943,100.0,98.0,102.0
2026-07-08 12:34:00,LOT090,W04,P300,ETCH,ETCH03,A,RCP_C,Thickness,98.883,100.0,98.0,102.0
2026-07-08 12:35:00,LOT090,W05,P300,ETCH,ETCH03,B,RCP_C,Thickness,99.265,100.0,98.0,102.0
2026-07-08 12:36:00,LOT090,W06,P300,ETCH,ETCH03,B,RCP_C,Thickness,99.014,100.0,98.0,102.0
2026-07-08 12:37:00,LOT090,W07,P300,ETCH,ETCH03,A,RCP_C,Thickness,99.666,100.0,98.0,102.0
2026-07-08 12:38:00,LOT090,W08,P300,ETCH,ETCH03,B,RCP_C,Thickness,99.395,100.0,98.0,102.0
2026-07-08 12:39:00,LOT090,W09,P300,ETCH,ETCH03,A,RCP_C,Thickness,99.501,100.0,98.0,102.0
2026-07-08 12:40:00,LOT090,W10,P300,ETCH,ETCH03,B,RCP_C,Thickness,99.08,100.0,98.0,102.0
2026-07-08 12:41:00,LOT090,W11,P300,ETCH,ETCH03,B,RCP_C,Thickness,99.817,100.0,98.0,102.0
2026-07-08 12:42:00,LOT090,W12,P300,ETCH,ETCH03,B,RCP_C,Thickness,98.875,100.0,98.0,102.0
2026-07-08 12:43:00,LOT090,W13,P300,ETCH,ETCH03,A,RCP_C,Thickness,99.958,100.0,98.0,102.0
2026-07-08 12:44:00,LOT090,W14,P300,ETCH,ETCH03,B,RCP_C,Thickness,99.415,100.0,98.0,102.0
2026-07-08 12:45:00,LOT090,W15,P300,ETCH,ETCH03,A,RCP_C,Thickness,99.18,100.0,98.0,102.0
2026-07-08 12:46:00,LOT090,W16,P300,ETCH,ETCH03,A,RCP_C,Thickness,99.488,100.0,98.0,102.0
2026-07-08 12:47:00,LOT090,W17,P300,ETCH,ETCH03,B,RCP_C,Thickness,99.651,100.0,98.0,102.0
2026-07-08 12:48:00,LOT090,W18,P300,ETCH,ETCH03,B,RCP_C,Thickness,98.972,100.0,98.0,102.0
2026-07-08 12:49:00,LOT090,W19,P300,ETCH,ETCH03,B,RCP_C,Thickness,98.463,100.0,98.0,102.0
2026-07-08 12:50:00,LOT090,W20,P300,ETCH,ETCH03,A,RCP_C,Thickness,99.47,100.0,98.0,102.0
2026-07-08 12:51:00,LOT090,W21,P300,ETCH,ETCH03,A,RCP_C,Thickness,99.315,100.0,98.0,102.0
2026-07-08 12:52:00,LOT090,W22,P300,ETCH,ETCH03,A,RCP_C,Thickness,99.105,100.0,98.0,102.0
2026-07-08 12:53:00,LOT090,W23,P300,ETCH,ETCH03,A,RCP_C,Thickness,99.323,100.0,98.0,102.0
2026-07-08 12:54:00,LOT090,W24,P300,ETCH,ETCH03,B,RCP_C,Thickness,99.519,100.0,98.0,102.0
2026-07-08 12:55:00,LOT090,W25,P300,ETCH,ETCH03,A,RCP_C,Thickness,99.594,100.0,98.0,102.0
2026-07-08 12:34:00,LOT091,W01,P100,ETCH,ETCH01,B,RCP_A,Thickness,100.745,100.0,98.0,102.0
2026-07-08 12:35:00,LOT091,W02,P100,ETCH,ETCH01,A,RCP_A,Thickness,100.271,100.0,98.0,102.0
2026-07-08 12:36:00,LOT091,W03,P100,ETCH,ETCH01,B,RCP_A,Thickness,100.402,100.0,98.0,102.0
2026-07-08 12:37:00,LOT091,W04,P100,ETCH,ETCH01,B,RCP_A,Thickness,100.374,100.0,98.0,102.0
2026-07-08 12:38:00,LOT091,W05,P100,ETCH,ETCH01,B,RCP_A,Thickness,100.322,100.0,98.0,102.0
2026-07-08 12:39:00,LOT091,W06,P100,ETCH,ETCH01,B,RCP_A,Thickness,99.89,100.0,98.0,102.0
2026-07-08 12:40:00,LOT091,W07,P100,ETCH,ETCH01,B,RCP_A,Thickness,99.894,100.0,98.0,102.0
2026-07-08 12:41:00,LOT091,W08,P100,ETCH,ETCH01,B,RCP_A,Thickness,100.401,100.0,98.0,102.0
2026-07-08 12:42:00,LOT091,W09,P100,ETCH,ETCH01,A,RCP_A,Thickness,99.999,100.0,98.0,102.0
2026-07-08 12:43:00,LOT091,W10,P100,ETCH,ETCH01,A,RCP_A,Thickness,100.295,100.0,98.0,102.0
2026-07-08 12:44:00,LOT091,W11,P100,ETCH,ETCH01,B,RCP_A,Thickness,100.494,100.0,98.0,102.0
2026-07-08 12:45:00,LOT091,W12,P100,ETCH,ETCH01,B,RCP_A,Thickness,100.248,100.0,98.0,102.0
2026-07-08 12:46:00,LOT091,W13,P100,ETCH,ETCH01,B,RCP_A,Thickness,100.646,100.0,98.0,102.0
2026-07-08 12:47:00,LOT091,W14,P100,ETCH,ETCH01,B,RCP_A,Thickness,100.398,100.0,98.0,102.0
2026-07-08 12:48:00,LOT091,W15,P100,ETCH,ETCH01,A,RCP_A,Thickness,99.907,100.0,98.0,102.0
2026-07-08 12:49:00,LOT091,W16,P100,ETCH,ETCH01,B,RCP_A,Thickness,100.082,100.0,98.0,102.0
2026-07-08 12:50:00,LOT091,W17,P100,ETCH,ETCH01,B,RCP_A,Thickness,100.301,100.0,98.0,102.0
2026-07-08 12:51:00,LOT091,W18,P100,ETCH,ETCH01,B,RCP_A,Thickness,100.017,100.0,98.0,102.0
2026-07-08 12:52:00,LOT091,W19,P100,ETCH,ETCH01,A,RCP_A,Thickness,100.154,100.0,98.0,102.0
2026-07-08 12:53:00,LOT091,W20,P100,ETCH,ETCH01,B,RCP_A,Thickness,100.162,100.0,98.0,102.0
2026-07-08 12:54:00,LOT091,W21,P100,ETCH,ETCH01,A,RCP_A,Thickness,100.586,100.0,98.0,102.0
2026-07-08 12:55:00,LOT091,W22,P100,ETCH,ETCH01,B,RCP_A,Thickness,100.699,100.0,98.0,102.0
2026-07-08 12:56:00,LOT091,W23,P100,ETCH,ETCH01,A,RCP_A,Thickness,99.115,100.0,98.0,102.0
2026-07-08 12:57:00,LOT091,W24,P100,ETCH,ETCH01,B,RCP_A,Thickness,99.895,100.0,98.0,102.0
2026-07-08 12:58:00,LOT091,W25,P100,ETCH,ETCH01,A,RCP_A,Thickness,100.676,100.0,98.0,102.0
2026-07-08 12:37:00,LOT092,W01,P200,ETCH,ETCH02,A,RCP_B,Thickness,102.567,100.0,98.0,102.0
2026-07-08 12:38:00,LOT092,W02,P200,ETCH,ETCH02,A,RCP_B,Thickness,101.819,100.0,98.0,102.0
2026-07-08 12:39:00,LOT092,W03,P200,ETCH,ETCH02,B,RCP_B,Thickness,101.643,100.0,98.0,102.0
2026-07-08 12:40:00,LOT092,W04,P200,ETCH,ETCH02,B,RCP_B,Thickness,102.137,100.0,98.0,102.0
2026-07-08 12:41:00,LOT092,W05,P200,ETCH,ETCH02,A,RCP_B,Thickness,101.354,100.0,98.0,102.0
2026-07-08 12:42:00,LOT092,W06,P200,ETCH,ETCH02,A,RCP_B,Thickness,101.734,100.0,98.0,102.0
2026-07-08 12:43:00,LOT092,W07,P200,ETCH,ETCH02,B,RCP_B,Thickness,99.97,100.0,98.0,102.0
2026-07-08 12:44:00,LOT092,W08,P200,ETCH,ETCH02,A,RCP_B,Thickness,102.553,100.0,98.0,102.0
2026-07-08 12:45:00,LOT092,W09,P200,ETCH,ETCH02,A,RCP_B,Thickness,101.853,100.0,98.0,102.0
2026-07-08 12:46:00,LOT092,W10,P200,ETCH,ETCH02,A,RCP_B,Thickness,101.739,100.0,98.0,102.0
2026-07-08 12:47:00,LOT092,W11,P200,ETCH,ETCH02,A,RCP_B,Thickness,101.94,100.0,98.0,102.0
2026-07-08 12:48:00,LOT092,W12,P200,ETCH,ETCH02,A,RCP_B,Thickness,101.876,100.0,98.0,102.0
2026-07-08 12:49:00,LOT092,W13,P200,ETCH,ETCH02,B,RCP_B,Thickness,100.551,100.0,98.0,102.0
2026-07-08 12:50:00,LOT092,W14,P200,ETCH,ETCH02,A,RCP_B,Thickness,102.138,100.0,98.0,102.0
2026-07-08 12:51:00,LOT092,W15,P200,ETCH,ETCH02,A,RCP_B,Thickness,102.224,100.0,98.0,102.0
2026-07-08 12:52:00,LOT092,W16,P200,ETCH,ETCH02,B,RCP_B,Thickness,103.463,100.0,98.0,102.0
2026-07-08 12:53:00,LOT092,W17,P200,ETCH,ETCH02,B,RCP_B,Thickness,101.658,100.0,98.0,102.0
2026-07-08 12:54:00,LOT092,W18,P200,ETCH,ETCH02,A,RCP_B,Thickness,102.241,100.0,98.0,102.0
2026-07-08 12:55:00,LOT092,W19,P200,ETCH,ETCH02,B,RCP_B,Thickness,102.393,100.0,98.0,102.0
2026-07-08 12:56:00,LOT092,W20,P200,ETCH,ETCH02,A,RCP_B,Thickness,102.289,100.0,98.0,102.0
2026-07-08 12:57:00,LOT092,W21,P200,ETCH,ETCH02,A,RCP_B,Thickness,102.427,100.0,98.0,102.0
2026-07-08 12:58:00,LOT092,W22,P200,ETCH,ETCH02,B,RCP_B,Thickness,101.16,100.0,98.0,102.0
2026-07-08 12:59:00,LOT092,W23,P200,ETCH,ETCH02,B,RCP_B,Thickness,102.428,100.0,98.0,102.0
2026-07-08 13:00:00,LOT092,W24,P200,ETCH,ETCH02,B,RCP_B,Thickness,102.028,100.0,98.0,102.0
2026-07-08 13:01:00,LOT092,W25,P200,ETCH,ETCH02,A,RCP_B,Thickness,101.989,100.0,98.0,102.0
2026-07-08 12:40:00,LOT093,W01,P300,ETCH,ETCH03,B,RCP_C,Thickness,98.809,100.0,98.0,102.0
2026-07-08 12:41:00,LOT093,W02,P300,ETCH,ETCH03,B,RCP_C,Thickness,99.649,100.0,98.0,102.0
2026-07-08 12:42:00,LOT093,W03,P300,ETCH,ETCH03,A,RCP_C,Thickness,99.399,100.0,98.0,102.0
2026-07-08 12:43:00,LOT093,W04,P300,ETCH,ETCH03,B,RCP_C,Thickness,99.231,100.0,98.0,102.0
2026-07-08 12:44:00,LOT093,W05,P300,ETCH,ETCH03,B,RCP_C,Thickness,99.246,100.0,98.0,102.0
2026-07-08 12:45:00,LOT093,W06,P300,ETCH,ETCH03,B,RCP_C,Thickness,99.001,100.0,98.0,102.0
2026-07-08 12:46:00,LOT093,W07,P300,ETCH,ETCH03,A,RCP_C,Thickness,99.183,100.0,98.0,102.0
2026-07-08 12:47:00,LOT093,W08,P300,ETCH,ETCH03,B,RCP_C,Thickness,98.938,100.0,98.0,102.0
2026-07-08 12:48:00,LOT093,W09,P300,ETCH,ETCH03,B,RCP_C,Thickness,99.415,100.0,98.0,102.0
2026-07-08 12:49:00,LOT093,W10,P300,ETCH,ETCH03,B,RCP_C,Thickness,98.587,100.0,98.0,102.0
2026-07-08 12:50:00,LOT093,W11,P300,ETCH,ETCH03,A,RCP_C,Thickness,98.867,100.0,98.0,102.0
2026-07-08 12:51:00,LOT093,W12,P300,ETCH,ETCH03,B,RCP_C,Thickness,99.244,100.0,98.0,102.0
2026-07-08 12:52:00,LOT093,W13,P300,ETCH,ETCH03,A,RCP_C,Thickness,100.028,100.0,98.0,102.0
2026-07-08 12:53:00,LOT093,W14,P300,ETCH,ETCH03,B,RCP_C,Thickness,99.408,100.0,98.0,102.0
2026-07-08 12:54:00,LOT093,W15,P300,ETCH,ETCH03,B,RCP_C,Thickness,99.148,100.0,98.0,102.0
2026-07-08 12:55:00,LOT093,W16,P300,ETCH,ETCH03,A,RCP_C,Thickness,98.28,100.0,98.0,102.0
2026-07-08 12:56:00,LOT093,W17,P300,ETCH,ETCH03,B,RCP_C,Thickness,99.071,100.0,98.0,102.0
2026-07-08 12:57:00,LOT093,W18,P300,ETCH,ETCH03,A,RCP_C,Thickness,99.066,100.0,98.0,102.0
2026-07-08 12:58:00,LOT093,W19,P300,ETCH,ETCH03,A,RCP_C,Thickness,98.344,100.0,98.0,102.0
2026-07-08 12:59:00,LOT093,W20,P300,ETCH,ETCH03,A,RCP_C,Thickness,99.59,100.0,98.0,102.0
2026-07-08 13:00:00,LOT093,W21,P300,ETCH,ETCH03,B,RCP_C,Thickness,98.979,100.0,98.0,102.0
2026-07-08 13:01:00,LOT093,W22,P300,ETCH,ETCH03,A,RCP_C,Thickness,98.743,100.0,98.0,102.0
2026-07-08 13:02:00,LOT093,W23,P300,ETCH,ETCH03,A,RCP_C,Thickness,99.633,100.0,98.0,102.0
2026-07-08 13:03:00,LOT093,W24,P300,ETCH,ETCH03,B,RCP_C,Thickness,99.559,100.0,98.0,102.0
2026-07-08 13:04:00,LOT093,W25,P300,ETCH,ETCH03,A,RCP_C,Thickness,99.143,100.0,98.0,102.0
2026-07-08 12:43:00,LOT094,W01,P100,ETCH,ETCH01,A,RCP_A,Thickness,99.722,100.0,98.0,102.0
2026-07-08 12:44:00,LOT094,W02,P100,ETCH,ETCH01,A,RCP_A,Thickness,99.984,100.0,98.0,102.0
2026-07-08 12:45:00,LOT094,W03,P100,ETCH,ETCH01,B,RCP_A,Thickness,100.417,100.0,98.0,102.0
2026-07-08 12:46:00,LOT094,W04,P100,ETCH,ETCH01,B,RCP_A,Thickness,100.682,100.0,98.0,102.0
2026-07-08 12:47:00,LOT094,W05,P100,ETCH,ETCH01,B,RCP_A,Thickness,100.026,100.0,98.0,102.0
2026-07-08 12:48:00,LOT094,W06,P100,ETCH,ETCH01,B,RCP_A,Thickness,100.318,100.0,98.0,102.0
2026-07-08 12:49:00,LOT094,W07,P100,ETCH,ETCH01,A,RCP_A,Thickness,99.999,100.0,98.0,102.0
2026-07-08 12:50:00,LOT094,W08,P100,ETCH,ETCH01,B,RCP_A,Thickness,100.736,100.0,98.0,102.0
2026-07-08 12:51:00,LOT094,W09,P100,ETCH,ETCH01,A,RCP_A,Thickness,100.757,100.0,98.0,102.0
2026-07-08 12:52:00,LOT094,W10,P100,ETCH,ETCH01,B,RCP_A,Thickness,99.788,100.0,98.0,102.0
2026-07-08 12:53:00,LOT094,W11,P100,ETCH,ETCH01,B,RCP_A,Thickness,100.457,100.0,98.0,102.0
2026-07-08 12:54:00,LOT094,W12,P100,ETCH,ETCH01,A,RCP_A,Thickness,100.072,100.0,98.0,102.0
2026-07-08 12:55:00,LOT094,W13,P100,ETCH,ETCH01,B,RCP_A,Thickness,100.146,100.0,98.0,102.0
2026-07-08 12:56:00,LOT094,W14,P100,ETCH,ETCH01,A,RCP_A,Thickness,100.58,100.0,98.0,102.0
2026-07-08 12:57:00,LOT094,W15,P100,ETCH,ETCH01,B,RCP_A,Thickness,100.561,100.0,98.0,102.0
2026-07-08 12:58:00,LOT094,W16,P100,ETCH,ETCH01,A,RCP_A,Thickness,100.653,100.0,98.0,102.0
2026-07-08 12:59:00,LOT094,W17,P100,ETCH,ETCH01,B,RCP_A,Thickness,100.724,100.0,98.0,102.0
2026-07-08 13:00:00,LOT094,W18,P100,ETCH,ETCH01,A,RCP_A,Thickness,104.394,100.0,98.0,102.0
2026-07-08 13:01:00,LOT094,W19,P100,ETCH,ETCH01,A,RCP_A,Thickness,100.884,100.0,98.0,102.0
2026-07-08 13:02:00,LOT094,W20,P100,ETCH,ETCH01,B,RCP_A,Thickness,100.061,100.0,98.0,102.0
2026-07-08 13:03:00,LOT094,W21,P100,ETCH,ETCH01,B,RCP_A,Thickness,100.396,100.0,98.0,102.0
2026-07-08 13:04:00,LOT094,W22,P100,ETCH,ETCH01,B,RCP_A,Thickness,100.696,100.0,98.0,102.0
2026-07-08 13:05:00,LOT094,W23,P100,ETCH,ETCH01,A,RCP_A,Thickness,99.788,100.0,98.0,102.0
2026-07-08 13:06:00,LOT094,W24,P100,ETCH,ETCH01,B,RCP_A,Thickness,100.398,100.0,98.0,102.0
2026-07-08 13:07:00,LOT094,W25,P100,ETCH,ETCH01,B,RCP_A,Thickness,99.842,100.0,98.0,102.0
2026-07-08 12:46:00,LOT095,W01,P200,ETCH,ETCH02,B,RCP_B,Thickness,100.483,100.0,98.0,102.0
2026-07-08 12:47:00,LOT095,W02,P200,ETCH,ETCH02,A,RCP_B,Thickness,102.439,100.0,98.0,102.0
2026-07-08 12:48:00,LOT095,W03,P200,ETCH,ETCH02,B,RCP_B,Thickness,101.835,100.0,98.0,102.0
2026-07-08 12:49:00,LOT095,W04,P200,ETCH,ETCH02,A,RCP_B,Thickness,101.448,100.0,98.0,102.0
2026-07-08 12:50:00,LOT095,W05,P200,ETCH,ETCH02,B,RCP_B,Thickness,101.521,100.0,98.0,102.0
2026-07-08 12:51:00,LOT095,W06,P200,ETCH,ETCH02,A,RCP_B,Thickness,101.883,100.0,98.0,102.0
2026-07-08 12:52:00,LOT095,W07,P200,ETCH,ETCH02,A,RCP_B,Thickness,102.36,100.0,98.0,102.0
2026-07-08 12:53:00,LOT095,W08,P200,ETCH,ETCH02,A,RCP_B,Thickness,101.837,100.0,98.0,102.0
2026-07-08 12:54:00,LOT095,W09,P200,ETCH,ETCH02,A,RCP_B,Thickness,102.223,100.0,98.0,102.0
2026-07-08 12:55:00,LOT095,W10,P200,ETCH,ETCH02,B,RCP_B,Thickness,101.781,100.0,98.0,102.0
2026-07-08 12:56:00,LOT095,W11,P200,ETCH,ETCH02,B,RCP_B,Thickness,101.727,100.0,98.0,102.0
2026-07-08 12:57:00,LOT095,W12,P200,ETCH,ETCH02,A,RCP_B,Thickness,102.011,100.0,98.0,102.0
2026-07-08 12:58:00,LOT095,W13,P200,ETCH,ETCH02,A,RCP_B,Thickness,101.353,100.0,98.0,102.0
2026-07-08 12:59:00,LOT095,W14,P200,ETCH,ETCH02,B,RCP_B,Thickness,102.859,100.0,98.0,102.0
2026-07-08 13:00:00,LOT095,W15,P200,ETCH,ETCH02,A,RCP_B,Thickness,101.673,100.0,98.0,102.0
2026-07-08 13:01:00,LOT095,W16,P200,ETCH,ETCH02,A,RCP_B,Thickness,101.876,100.0,98.0,102.0
2026-07-08 13:02:00,LOT095,W17,P200,ETCH,ETCH02,B,RCP_B,Thickness,101.814,100.0,98.0,102.0
2026-07-08 13:03:00,LOT095,W18,P200,ETCH,ETCH02,A,RCP_B,Thickness,101.84,100.0,98.0,102.0
2026-07-08 13:04:00,LOT095,W19,P200,ETCH,ETCH02,A,RCP_B,Thickness,101.903,100.0,98.0,102.0
2026-07-08 13:05:00,LOT095,W20,P200,ETCH,ETCH02,B,RCP_B,Thickness,102.342,100.0,98.0,102.0
2026-07-08 13:06:00,LOT095,W21,P200,ETCH,ETCH02,A,RCP_B,Thickness,102.195,100.0,98.0,102.0
2026-07-08 13:07:00,LOT095,W22,P200,ETCH,ETCH02,A,RCP_B,Thickness,102.033,100.0,98.0,102.0
2026-07-08 13:08:00,LOT095,W23,P200,ETCH,ETCH02,B,RCP_B,Thickness,102.627,100.0,98.0,102.0
2026-07-08 13:09:00,LOT095,W24,P200,ETCH,ETCH02,B,RCP_B,Thickness,101.727,100.0,98.0,102.0
2026-07-08 13:10:00,LOT095,W25,P200,ETCH,ETCH02,A,RCP_B,Thickness,101.737,100.0,98.0,102.0
2026-07-08 12:49:00,LOT096,W01,P300,ETCH,ETCH03,B,RCP_C,Thickness,99.44,100.0,98.0,102.0
2026-07-08 12:50:00,LOT096,W02,P300,ETCH,ETCH03,A,RCP_C,Thickness,99.31,100.0,98.0,102.0
2026-07-08 12:51:00,LOT096,W03,P300,ETCH,ETCH03,B,RCP_C,Thickness,99.745,100.0,98.0,102.0
2026-07-08 12:52:00,LOT096,W04,P300,ETCH,ETCH03,B,RCP_C,Thickness,99.73,100.0,98.0,102.0
2026-07-08 12:53:00,LOT096,W05,P300,ETCH,ETCH03,A,RCP_C,Thickness,99.55,100.0,98.0,102.0
2026-07-08 12:54:00,LOT096,W06,P300,ETCH,ETCH03,A,RCP_C,Thickness,99.387,100.0,98.0,102.0
2026-07-08 12:55:00,LOT096,W07,P300,ETCH,ETCH03,B,RCP_C,Thickness,98.874,100.0,98.0,102.0
2026-07-08 12:56:00,LOT096,W08,P300,ETCH,ETCH03,B,RCP_C,Thickness,99.773,100.0,98.0,102.0
2026-07-08 12:57:00,LOT096,W09,P300,ETCH,ETCH03,A,RCP_C,Thickness,102.982,100.0,98.0,102.0
2026-07-08 12:58:00,LOT096,W10,P300,ETCH,ETCH03,B,RCP_C,Thickness,98.753,100.0,98.0,102.0
2026-07-08 12:59:00,LOT096,W11,P300,ETCH,ETCH03,B,RCP_C,Thickness,98.914,100.0,98.0,102.0
2026-07-08 13:00:00,LOT096,W12,P300,ETCH,ETCH03,A,RCP_C,Thickness,98.94,100.0,98.0,102.0
2026-07-08 13:01:00,LOT096,W13,P300,ETCH,ETCH03,A,RCP_C,Thickness,99.087,100.0,98.0,102.0
2026-07-08 13:02:00,LOT096,W14,P300,ETCH,ETCH03,B,RCP_C,Thickness,99.09,100.0,98.0,102.0
2026-07-08 13:03:00,LOT096,W15,P300,ETCH,ETCH03,B,RCP_C,Thickness,98.675,100.0,98.0,102.0
2026-07-08 13:04:00,LOT096,W16,P300,ETCH,ETCH03,A,RCP_C,Thickness,98.624,100.0,98.0,102.0
2026-07-08 13:05:00,LOT096,W17,P300,ETCH,ETCH03,B,RCP_C,Thickness,98.738,100.0,98.0,102.0
2026-07-08 13:06:00,LOT096,W18,P300,ETCH,ETCH03,B,RCP_C,Thickness,99.226,100.0,98.0,102.0
2026-07-08 13:07:00,LOT096,W19,P300,ETCH,ETCH03,A,RCP_C,Thickness,99.81,100.0,98.0,102.0
2026-07-08 13:08:00,LOT096,W20,P300,ETCH,ETCH03,B,RCP_C,Thickness,99.834,100.0,98.0,102.0
2026-07-08 13:09:00,LOT096,W21,P300,ETCH,ETCH03,A,RCP_C,Thickness,99.353,100.0,98.0,102.0
2026-07-08 13:10:00,LOT096,W22,P300,ETCH,ETCH03,A,RCP_C,Thickness,99.726,100.0,98.0,102.0
2026-07-08 13:11:00,LOT096,W23,P300,ETCH,ETCH03,B,RCP_C,Thickness,98.996,100.0,98.0,102.0
2026-07-08 13:12:00,LOT096,W24,P300,ETCH,ETCH03,A,RCP_C,Thickness,99.418,100.0,98.0,102.0
2026-07-08 13:13:00,LOT096,W25,P300,ETCH,ETCH03,A,RCP_C,Thickness,98.807,100.0,98.0,102.0
2026-07-09 12:52:00,LOT097,W01,P100,ETCH,ETCH01,B,RCP_A,Thickness,100.327,100.0,98.0,102.0
2026-07-09 12:53:00,LOT097,W02,P100,ETCH,ETCH01,B,RCP_A,Thickness,100.192,100.0,98.0,102.0
2026-07-09 12:54:00,LOT097,W03,P100,ETCH,ETCH01,A,RCP_A,Thickness,100.718,100.0,98.0,102.0
2026-07-09 12:55:00,LOT097,W04,P100,ETCH,ETCH01,A,RCP_A,Thickness,100.718,100.0,98.0,102.0
2026-07-09 12:56:00,LOT097,W05,P100,ETCH,ETCH01,A,RCP_A,Thickness,100.508,100.0,98.0,102.0
2026-07-09 12:57:00,LOT097,W06,P100,ETCH,ETCH01,A,RCP_A,Thickness,99.952,100.0,98.0,102.0
2026-07-09 12:58:00,LOT097,W07,P100,ETCH,ETCH01,B,RCP_A,Thickness,100.569,100.0,98.0,102.0
2026-07-09 12:59:00,LOT097,W08,P100,ETCH,ETCH01,B,RCP_A,Thickness,100.249,100.0,98.0,102.0
2026-07-09 13:00:00,LOT097,W09,P100,ETCH,ETCH01,B,RCP_A,Thickness,100.933,100.0,98.0,102.0
2026-07-09 13:01:00,LOT097,W10,P100,ETCH,ETCH01,A,RCP_A,Thickness,100.17,100.0,98.0,102.0
2026-07-09 13:02:00,LOT097,W11,P100,ETCH,ETCH01,B,RCP_A,Thickness,100.696,100.0,98.0,102.0
2026-07-09 13:03:00,LOT097,W12,P100,ETCH,ETCH01,A,RCP_A,Thickness,100.661,100.0,98.0,102.0
2026-07-09 13:04:00,LOT097,W13,P100,ETCH,ETCH01,A,RCP_A,Thickness,100.648,100.0,98.0,102.0
2026-07-09 13:05:00,LOT097,W14,P100,ETCH,ETCH01,B,RCP_A,Thickness,100.553,100.0,98.0,102.0
2026-07-09 13:06:00,LOT097,W15,P100,ETCH,ETCH01,A,RCP_A,Thickness,100.895,100.0,98.0,102.0
2026-07-09 13:07:00,LOT097,W16,P100,ETCH,ETCH01,A,RCP_A,Thickness,100.095,100.0,98.0,102.0
2026-07-09 13:08:00,LOT097,W17,P100,ETCH,ETCH01,B,RCP_A,Thickness,103.974,100.0,98.0,102.0
2026-07-09 13:09:00,LOT097,W18,P100,ETCH,ETCH01,A,RCP_A,Thickness,99.823,100.0,98.0,102.0
2026-07-09 13:10:00,LOT097,W19,P100,ETCH,ETCH01,B,RCP_A,Thickness,99.439,100.0,98.0,102.0
2026-07-09 13:11:00,LOT097,W20,P100,ETCH,ETCH01,B,RCP_A,Thickness,100.949,100.0,98.0,102.0
2026-07-09 13:12:00,LOT097,W21,P100,ETCH,ETCH01,A,RCP_A,Thickness,100.666,100.0,98.0,102.0
2026-07-09 13:13:00,LOT097,W22,P100,ETCH,ETCH01,B,RCP_A,Thickness,100.314,100.0,98.0,102.0
2026-07-09 13:14:00,LOT097,W23,P100,ETCH,ETCH01,B,RCP_A,Thickness,100.71,100.0,98.0,102.0
2026-07-09 13:15:00,LOT097,W24,P100,ETCH,ETCH01,A,RCP_A,Thickness,100.487,100.0,98.0,102.0
2026-07-09 13:16:00,LOT097,W25,P100,ETCH,ETCH01,A,RCP_A,Thickness,100.844,100.0,98.0,102.0
2026-07-09 12:55:00,LOT098,W01,P200,ETCH,ETCH02,A,RCP_B,Thickness,101.9,100.0,98.0,102.0
2026-07-09 12:56:00,LOT098,W02,P200,ETCH,ETCH02,B,RCP_B,Thickness,101.479,100.0,98.0,102.0
2026-07-09 12:57:00,LOT098,W03,P200,ETCH,ETCH02,B,RCP_B,Thickness,103.121,100.0,98.0,102.0
2026-07-09 12:58:00,LOT098,W04,P200,ETCH,ETCH02,A,RCP_B,Thickness,101.54,100.0,98.0,102.0
2026-07-09 12:59:00,LOT098,W05,P200,ETCH,ETCH02,B,RCP_B,Thickness,101.257,100.0,98.0,102.0
2026-07-09 13:00:00,LOT098,W06,P200,ETCH,ETCH02,B,RCP_B,Thickness,102.01,100.0,98.0,102.0
2026-07-09 13:01:00,LOT098,W07,P200,ETCH,ETCH02,B,RCP_B,Thickness,102.769,100.0,98.0,102.0
2026-07-09 13:02:00,LOT098,W08,P200,ETCH,ETCH02,A,RCP_B,Thickness,102.518,100.0,98.0,102.0
2026-07-09 13:03:00,LOT098,W09,P200,ETCH,ETCH02,A,RCP_B,Thickness,101.74,100.0,98.0,102.0
2026-07-09 13:04:00,LOT098,W10,P200,ETCH,ETCH02,A,RCP_B,Thickness,102.056,100.0,98.0,102.0
2026-07-09 13:05:00,LOT098,W11,P200,ETCH,ETCH02,B,RCP_B,Thickness,102.113,100.0,98.0,102.0
2026-07-09 13:06:00,LOT098,W12,P200,ETCH,ETCH02,A,RCP_B,Thickness,101.976,100.0,98.0,102.0
2026-07-09 13:07:00,LOT098,W13,P200,ETCH,ETCH02,A,RCP_B,Thickness,101.827,100.0,98.0,102.0
2026-07-09 13:08:00,LOT098,W14,P200,ETCH,ETCH02,B,RCP_B,Thickness,103.19,100.0,98.0,102.0
2026-07-09 13:09:00,LOT098,W15,P200,ETCH,ETCH02,B,RCP_B,Thickness,102.494,100.0,98.0,102.0
2026-07-09 13:10:00,LOT098,W16,P200,ETCH,ETCH02,B,RCP_B,Thickness,103.189,100.0,98.0,102.0
2026-07-09 13:11:00,LOT098,W17,P200,ETCH,ETCH02,A,RCP_B,Thickness,102.281,100.0,98.0,102.0
2026-07-09 13:12:00,LOT098,W18,P200,ETCH,ETCH02,B,RCP_B,Thickness,102.469,100.0,98.0,102.0
2026-07-09 13:13:00,LOT098,W19,P200,ETCH,ETCH02,B,RCP_B,Thickness,100.171,100.0,98.0,102.0
2026-07-09 13:14:00,LOT098,W20,P200,ETCH,ETCH02,A,RCP_B,Thickness,101.651,100.0,98.0,102.0
2026-07-09 13:15:00,LOT098,W21,P200,ETCH,ETCH02,A,RCP_B,Thickness,102.039,100.0,98.0,102.0
2026-07-09 13:16:00,LOT098,W22,P200,ETCH,ETCH02,A,RCP_B,Thickness,101.39,100.0,98.0,102.0
2026-07-09 13:17:00,LOT098,W23,P200,ETCH,ETCH02,A,RCP_B,Thickness,101.58,100.0,98.0,102.0
2026-07-09 13:18:00,LOT098,W24,P200,ETCH,ETCH02,B,RCP_B,Thickness,101.316,100.0,98.0,102.0
2026-07-09 13:19:00,LOT098,W25,P200,ETCH,ETCH02,A,RCP_B,Thickness,102.266,100.0,98.0,102.0
2026-07-09 12:58:00,LOT099,W01,P300,ETCH,ETCH03,A,RCP_C,Thickness,99.581,100.0,98.0,102.0
2026-07-09 12:59:00,LOT099,W02,P300,ETCH,ETCH03,B,RCP_C,Thickness,99.412,100.0,98.0,102.0
2026-07-09 13:00:00,LOT099,W03,P300,ETCH,ETCH03,A,RCP_C,Thickness,99.481,100.0,98.0,102.0
2026-07-09 13:01:00,LOT099,W04,P300,ETCH,ETCH03,B,RCP_C,Thickness,99.54,100.0,98.0,102.0
2026-07-09 13:02:00,LOT099,W05,P300,ETCH,ETCH03,A,RCP_C,Thickness,99.69,100.0,98.0,102.0
2026-07-09 13:03:00,LOT099,W06,P300,ETCH,ETCH03,A,RCP_C,Thickness,99.447,100.0,98.0,102.0
2026-07-09 13:04:00,LOT099,W07,P300,ETCH,ETCH03,A,RCP_C,Thickness,99.795,100.0,98.0,102.0
2026-07-09 13:05:00,LOT099,W08,P300,ETCH,ETCH03,A,RCP_C,Thickness,99.226,100.0,98.0,102.0
2026-07-09 13:06:00,LOT099,W09,P300,ETCH,ETCH03,B,RCP_C,Thickness,98.963,100.0,98.0,102.0
2026-07-09 13:07:00,LOT099,W10,P300,ETCH,ETCH03,B,RCP_C,Thickness,98.368,100.0,98.0,102.0
2026-07-09 13:08:00,LOT099,W11,P300,ETCH,ETCH03,B,RCP_C,Thickness,99.028,100.0,98.0,102.0
2026-07-09 13:09:00,LOT099,W12,P300,ETCH,ETCH03,B,RCP_C,Thickness,99.057,100.0,98.0,102.0
2026-07-09 13:10:00,LOT099,W13,P300,ETCH,ETCH03,A,RCP_C,Thickness,98.514,100.0,98.0,102.0
2026-07-09 13:11:00,LOT099,W14,P300,ETCH,ETCH03,A,RCP_C,Thickness,99.32,100.0,98.0,102.0
2026-07-09 13:12:00,LOT099,W15,P300,ETCH,ETCH03,A,RCP_C,Thickness,99.339,100.0,98.0,102.0
2026-07-09 13:13:00,LOT099,W16,P300,ETCH,ETCH03,B,RCP_C,Thickness,99.869,100.0,98.0,102.0
2026-07-09 13:14:00,LOT099,W17,P300,ETCH,ETCH03,B,RCP_C,Thickness,99.362,100.0,98.0,102.0
2026-07-09 13:15:00,LOT099,W18,P300,ETCH,ETCH03,B,RCP_C,Thickness,99.515,100.0,98.0,102.0
2026-07-09 13:16:00,LOT099,W19,P300,ETCH,ETCH03,B,RCP_C,Thickness,99.47,100.0,98.0,102.0
2026-07-09 13:17:00,LOT099,W20,P300,ETCH,ETCH03,A,RCP_C,Thickness,99.332,100.0,98.0,102.0
2026-07-09 13:18:00,LOT099,W21,P300,ETCH,ETCH03,B,RCP_C,Thickness,99.383,100.0,98.0,102.0
2026-07-09 13:19:00,LOT099,W22,P300,ETCH,ETCH03,A,RCP_C,Thickness,99.323,100.0,98.0,102.0
2026-07-09 13:20:00,LOT099,W23,P300,ETCH,ETCH03,B,RCP_C,Thickness,99.238,100.0,98.0,102.0
2026-07-09 13:21:00,LOT099,W24,P300,ETCH,ETCH03,A,RCP_C,Thickness,98.987,100.0,98.0,102.0
2026-07-09 13:22:00,LOT099,W25,P300,ETCH,ETCH03,A,RCP_C,Thickness,99.724,100.0,98.0,102.0
2026-07-09 13:01:00,LOT100,W01,P100,ETCH,ETCH01,A,RCP_A,Thickness,99.838,100.0,98.0,102.0
2026-07-09 13:02:00,LOT100,W02,P100,ETCH,ETCH01,A,RCP_A,Thickness,100.353,100.0,98.0,102.0
2026-07-09 13:03:00,LOT100,W03,P100,ETCH,ETCH01,B,RCP_A,Thickness,100.684,100.0,98.0,102.0
2026-07-09 13:04:00,LOT100,W04,P100,ETCH,ETCH01,A,RCP_A,Thickness,101.377,100.0,98.0,102.0
2026-07-09 13:05:00,LOT100,W05,P100,ETCH,ETCH01,B,RCP_A,Thickness,100.132,100.0,98.0,102.0
2026-07-09 13:06:00,LOT100,W06,P100,ETCH,ETCH01,A,RCP_A,Thickness,101.013,100.0,98.0,102.0
2026-07-09 13:07:00,LOT100,W07,P100,ETCH,ETCH01,A,RCP_A,Thickness,100.971,100.0,98.0,102.0
2026-07-09 13:08:00,LOT100,W08,P100,ETCH,ETCH01,B,RCP_A,Thickness,100.375,100.0,98.0,102.0
2026-07-09 13:09:00,LOT100,W09,P100,ETCH,ETCH01,A,RCP_A,Thickness,100.192,100.0,98.0,102.0
2026-07-09 13:10:00,LOT100,W10,P100,ETCH,ETCH01,A,RCP_A,Thickness,100.658,100.0,98.0,102.0
2026-07-09 13:11:00,LOT100,W11,P100,ETCH,ETCH01,A,RCP_A,Thickness,100.249,100.0,98.0,102.0
2026-07-09 13:12:00,LOT100,W12,P100,ETCH,ETCH01,B,RCP_A,Thickness,100.957,100.0,98.0,102.0
2026-07-09 13:13:00,LOT100,W13,P100,ETCH,ETCH01,B,RCP_A,Thickness,99.99,100.0,98.0,102.0
2026-07-09 13:14:00,LOT100,W14,P100,ETCH,ETCH01,A,RCP_A,Thickness,100.614,100.0,98.0,102.0
2026-07-09 13:15:00,LOT100,W15,P100,ETCH,ETCH01,A,RCP_A,Thickness,99.875,100.0,98.0,102.0
2026-07-09 13:16:00,LOT100,W16,P100,ETCH,ETCH01,B,RCP_A,Thickness,100.089,100.0,98.0,102.0
2026-07-09 13:17:00,LOT100,W17,P100,ETCH,ETCH01,B,RCP_A,Thickness,100.483,100.0,98.0,102.0
2026-07-09 13:18:00,LOT100,W18,P100,ETCH,ETCH01,B,RCP_A,Thickness,100.392,100.0,98.0,102.0
2026-07-09 13:19:00,LOT100,W19,P100,ETCH,ETCH01,B,RCP_A,Thickness,100.08,100.0,98.0,102.0
2026-07-09 13:20:00,LOT100,W20,P100,ETCH,ETCH01,A,RCP_A,Thickness,100.677,100.0,98.0,102.0
2026-07-09 13:21:00,LOT100,W21,P100,ETCH,ETCH01,A,RCP_A,Thickness,101.196,100.0,98.0,102.0
2026-07-09 13:22:00,LOT100,W22,P100,ETCH,ETCH01,B,RCP_A,Thickness,100.177,100.0,98.0,102.0
2026-07-09 13:23:00,LOT100,W23,P100,ETCH,ETCH01,B,RCP_A,Thickness,100.635,100.0,98.0,102.0
2026-07-09 13:24:00,LOT100,W24,P100,ETCH,ETCH01,A,RCP_A,Thickness,100.577,100.0,98.0,102.0
2026-07-09 13:25:00,LOT100,W25,P100,ETCH,ETCH01,B,RCP_A,Thickness,100.59,100.0,98.0,102.0
2026-07-09 13:04:00,LOT101,W01,P200,ETCH,ETCH02,A,RCP_B,Thickness,101.474,100.0,98.0,102.0
2026-07-09 13:05:00,LOT101,W02,P200,ETCH,ETCH02,B,RCP_B,Thickness,102.222,100.0,98.0,102.0
2026-07-09 13:06:00,LOT101,W03,P200,ETCH,ETCH02,B,RCP_B,Thickness,102.214,100.0,98.0,102.0
2026-07-09 13:07:00,LOT101,W04,P200,ETCH,ETCH02,A,RCP_B,Thickness,101.662,100.0,98.0,102.0
2026-07-09 13:08:00,LOT101,W05,P200,ETCH,ETCH02,B,RCP_B,Thickness,101.431,100.0,98.0,102.0
2026-07-09 13:09:00,LOT101,W06,P200,ETCH,ETCH02,A,RCP_B,Thickness,101.689,100.0,98.0,102.0
2026-07-09 13:10:00,LOT101,W07,P200,ETCH,ETCH02,A,RCP_B,Thickness,102.06,100.0,98.0,102.0
2026-07-09 13:11:00,LOT101,W08,P200,ETCH,ETCH02,A,RCP_B,Thickness,102.028,100.0,98.0,102.0
2026-07-09 13:12:00,LOT101,W09,P200,ETCH,ETCH02,B,RCP_B,Thickness,101.95,100.0,98.0,102.0
2026-07-09 13:13:00,LOT101,W10,P200,ETCH,ETCH02,B,RCP_B,Thickness,103.438,100.0,98.0,102.0
2026-07-09 13:14:00,LOT101,W11,P200,ETCH,ETCH02,A,RCP_B,Thickness,102.535,100.0,98.0,102.0
2026-07-09 13:15:00,LOT101,W12,P200,ETCH,ETCH02,B,RCP_B,Thickness,101.935,100.0,98.0,102.0
2026-07-09 13:16:00,LOT101,W13,P200,ETCH,ETCH02,B,RCP_B,Thickness,101.785,100.0,98.0,102.0
2026-07-09 13:17:00,LOT101,W14,P200,ETCH,ETCH02,B,RCP_B,Thickness,102.764,100.0,98.0,102.0
2026-07-09 13:18:00,LOT101,W15,P200,ETCH,ETCH02,A,RCP_B,Thickness,101.537,100.0,98.0,102.0
2026-07-09 13:19:00,LOT101,W16,P200,ETCH,ETCH02,A,RCP_B,Thickness,102.023,100.0,98.0,102.0
2026-07-09 13:20:00,LOT101,W17,P200,ETCH,ETCH02,A,RCP_B,Thickness,102.034,100.0,98.0,102.0
2026-07-09 13:21:00,LOT101,W18,P200,ETCH,ETCH02,B,RCP_B,Thickness,103.431,100.0,98.0,102.0
2026-07-09 13:22:00,LOT101,W19,P200,ETCH,ETCH02,B,RCP_B,Thickness,101.744,100.0,98.0,102.0
2026-07-09 13:23:00,LOT101,W20,P200,ETCH,ETCH02,B,RCP_B,Thickness,102.271,100.0,98.0,102.0
2026-07-09 13:24:00,LOT101,W21,P200,ETCH,ETCH02,B,RCP_B,Thickness,102.197,100.0,98.0,102.0
2026-07-09 13:25:00,LOT101,W22,P200,ETCH,ETCH02,B,RCP_B,Thickness,102.903,100.0,98.0,102.0
2026-07-09 13:26:00,LOT101,W23,P200,ETCH,ETCH02,A,RCP_B,Thickness,101.754,100.0,98.0,102.0
2026-07-09 13:27:00,LOT101,W24,P200,ETCH,ETCH02,B,RCP_B,Thickness,103.334,100.0,98.0,102.0
2026-07-09 13:28:00,LOT101,W25,P200,ETCH,ETCH02,B,RCP_B,Thickness,100.607,100.0,98.0,102.0
2026-07-09 13:07:00,LOT102,W01,P300,ETCH,ETCH03,B,RCP_C,Thickness,99.563,100.0,98.0,102.0
2026-07-09 13:08:00,LOT102,W02,P300,ETCH,ETCH03,A,RCP_C,Thickness,99.218,100.0,98.0,102.0
2026-07-09 13:09:00,LOT102,W03,P300,ETCH,ETCH03,B,RCP_C,Thickness,99.263,100.0,98.0,102.0
2026-07-09 13:10:00,LOT102,W04,P300,ETCH,ETCH03,B,RCP_C,Thickness,99.535,100.0,98.0,102.0
2026-07-09 13:11:00,LOT102,W05,P300,ETCH,ETCH03,B,RCP_C,Thickness,99.271,100.0,98.0,102.0
2026-07-09 13:12:00,LOT102,W06,P300,ETCH,ETCH03,A,RCP_C,Thickness,98.875,100.0,98.0,102.0
2026-07-09 13:13:00,LOT102,W07,P300,ETCH,ETCH03,B,RCP_C,Thickness,100.087,100.0,98.0,102.0
2026-07-09 13:14:00,LOT102,W08,P300,ETCH,ETCH03,A,RCP_C,Thickness,99.2,100.0,98.0,102.0
2026-07-09 13:15:00,LOT102,W09,P300,ETCH,ETCH03,B,RCP_C,Thickness,99.105,100.0,98.0,102.0
2026-07-09 13:16:00,LOT102,W10,P300,ETCH,ETCH03,A,RCP_C,Thickness,100.114,100.0,98.0,102.0
2026-07-09 13:17:00,LOT102,W11,P300,ETCH,ETCH03,A,RCP_C,Thickness,99.68,100.0,98.0,102.0
2026-07-09 13:18:00,LOT102,W12,P300,ETCH,ETCH03,A,RCP_C,Thickness,98.978,100.0,98.0,102.0
2026-07-09 13:19:00,LOT102,W13,P300,ETCH,ETCH03,B,RCP_C,Thickness,99.394,100.0,98.0,102.0
2026-07-09 13:20:00,LOT102,W14,P300,ETCH,ETCH03,B,RCP_C,Thickness,98.48,100.0,98.0,102.0
2026-07-09 13:21:00,LOT102,W15,P300,ETCH,ETCH03,B,RCP_C,Thickness,99.968,100.0,98.0,102.0
2026-07-09 13:22:00,LOT102,W16,P300,ETCH,ETCH03,A,RCP_C,Thickness,98.72,100.0,98.0,102.0
2026-07-09 13:23:00,LOT102,W17,P300,ETCH,ETCH03,A,RCP_C,Thickness,99.786,100.0,98.0,102.0
2026-07-09 13:24:00,LOT102,W18,P300,ETCH,ETCH03,B,RCP_C,Thickness,99.548,100.0,98.0,102.0
2026-07-09 13:25:00,LOT102,W19,P300,ETCH,ETCH03,A,RCP_C,Thickness,99.685,100.0,98.0,102.0
2026-07-09 13:26:00,LOT102,W20,P300,ETCH,ETCH03,B,RCP_C,Thickness,99.293,100.0,98.0,102.0
2026-07-09 13:27:00,LOT102,W21,P300,ETCH,ETCH03,A,RCP_C,Thickness,99.342,100.0,98.0,102.0
2026-07-09 13:28:00,LOT102,W22,P300,ETCH,ETCH03,A,RCP_C,Thickness,98.542,100.0,98.0,102.0
2026-07-09 13:29:00,LOT102,W23,P300,ETCH,ETCH03,B,RCP_C,Thickness,99.176,100.0,98.0,102.0
2026-07-09 13:30:00,LOT102,W24,P300,ETCH,ETCH03,A,RCP_C,Thickness,99.277,100.0,98.0,102.0
2026-07-09 13:31:00,LOT102,W25,P300,ETCH,ETCH03,B,RCP_C,Thickness,99.012,100.0,98.0,102.0
2026-07-09 13:10:00,LOT103,W01,P100,ETCH,ETCH01,B,RCP_A,Thickness,99.975,100.0,98.0,102.0
2026-07-09 13:11:00,LOT103,W02,P100,ETCH,ETCH01,B,RCP_A,Thickness,100.892,100.0,98.0,102.0
2026-07-09 13:12:00,LOT103,W03,P100,ETCH,ETCH01,B,RCP_A,Thickness,99.737,100.0,98.0,102.0
2026-07-09 13:13:00,LOT103,W04,P100,ETCH,ETCH01,A,RCP_A,Thickness,100.682,100.0,98.0,102.0
2026-07-09 13:14:00,LOT103,W05,P100,ETCH,ETCH01,A,RCP_A,Thickness,100.526,100.0,98.0,102.0
2026-07-09 13:15:00,LOT103,W06,P100,ETCH,ETCH01,B,RCP_A,Thickness,101.186,100.0,98.0,102.0
2026-07-09 13:16:00,LOT103,W07,P100,ETCH,ETCH01,A,RCP_A,Thickness,100.3,100.0,98.0,102.0
2026-07-09 13:17:00,LOT103,W08,P100,ETCH,ETCH01,B,RCP_A,Thickness,99.949,100.0,98.0,102.0
2026-07-09 13:18:00,LOT103,W09,P100,ETCH,ETCH01,A,RCP_A,Thickness,100.62,100.0,98.0,102.0
2026-07-09 13:19:00,LOT103,W10,P100,ETCH,ETCH01,B,RCP_A,Thickness,100.476,100.0,98.0,102.0
2026-07-09 13:20:00,LOT103,W11,P100,ETCH,ETCH01,A,RCP_A,Thickness,100.473,100.0,98.0,102.0
2026-07-09 13:21:00,LOT103,W12,P100,ETCH,ETCH01,A,RCP_A,Thickness,100.896,100.0,98.0,102.0
2026-07-09 13:22:00,LOT103,W13,P100,ETCH,ETCH01,B,RCP_A,Thickness,100.055,100.0,98.0,102.0
2026-07-09 13:23:00,LOT103,W14,P100,ETCH,ETCH01,B,RCP_A,Thickness,100.874,100.0,98.0,102.0
2026-07-09 13:24:00,LOT103,W15,P100,ETCH,ETCH01,B,RCP_A,Thickness,101.067,100.0,98.0,102.0
2026-07-09 13:25:00,LOT103,W16,P100,ETCH,ETCH01,B,RCP_A,Thickness,100.995,100.0,98.0,102.0
2026-07-09 13:26:00,LOT103,W17,P100,ETCH,ETCH01,A,RCP_A,Thickness,100.925,100.0,98.0,102.0
2026-07-09 13:27:00,LOT103,W18,P100,ETCH,ETCH01,B,RCP_A,Thickness,100.734,100.0,98.0,102.0
2026-07-09 13:28:00,LOT103,W19,P100,ETCH,ETCH01,B,RCP_A,Thickness,100.596,100.0,98.0,102.0
2026-07-09 13:29:00,LOT103,W20,P100,ETCH,ETCH01,A,RCP_A,Thickness,100.3,100.0,98.0,102.0
2026-07-09 13:30:00,LOT103,W21,P100,ETCH,ETCH01,A,RCP_A,Thickness,100.14,100.0,98.0,102.0
2026-07-09 13:31:00,LOT103,W22,P100,ETCH,ETCH01,A,RCP_A,Thickness,100.405,100.0,98.0,102.0
2026-07-09 13:32:00,LOT103,W23,P100,ETCH,ETCH01,A,RCP_A,Thickness,100.276,100.0,98.0,102.0
2026-07-09 13:33:00,LOT103,W24,P100,ETCH,ETCH01,A,RCP_A,Thickness,100.56,100.0,98.0,102.0
2026-07-09 13:34:00,LOT103,W25,P100,ETCH,ETCH01,A,RCP_A,Thickness,100.811,100.0,98.0,102.0
2026-07-09 13:13:00,LOT104,W01,P200,ETCH,ETCH02,A,RCP_B,Thickness,101.403,100.0,98.0,102.0
2026-07-09 13:14:00,LOT104,W02,P200,ETCH,ETCH02,B,RCP_B,Thickness,100.809,100.0,98.0,102.0
2026-07-09 13:15:00,LOT104,W03,P200,ETCH,ETCH02,B,RCP_B,Thickness,102.369,100.0,98.0,102.0
2026-07-09 13:16:00,LOT104,W04,P200,ETCH,ETCH02,A,RCP_B,Thickness,101.768,100.0,98.0,102.0
2026-07-09 13:17:00,LOT104,W05,P200,ETCH,ETCH02,B,RCP_B,Thickness,102.421,100.0,98.0,102.0
2026-07-09 13:18:00,LOT104,W06,P200,ETCH,ETCH02,A,RCP_B,Thickness,101.831,100.0,98.0,102.0
2026-07-09 13:19:00,LOT104,W07,P200,ETCH,ETCH02,A,RCP_B,Thickness,102.145,100.0,98.0,102.0
2026-07-09 13:20:00,LOT104,W08,P200,ETCH,ETCH02,A,RCP_B,Thickness,102.142,100.0,98.0,102.0
2026-07-09 13:21:00,LOT104,W09,P200,ETCH,ETCH02,A,RCP_B,Thickness,101.319,100.0,98.0,102.0
2026-07-09 13:22:00,LOT104,W10,P200,ETCH,ETCH02,A,RCP_B,Thickness,102.074,100.0,98.0,102.0
2026-07-09 13:23:00,LOT104,W11,P200,ETCH,ETCH02,A,RCP_B,Thickness,101.667,100.0,98.0,102.0
2026-07-09 13:24:00,LOT104,W12,P200,ETCH,ETCH02,B,RCP_B,Thickness,102.373,100.0,98.0,102.0
2026-07-09 13:25:00,LOT104,W13,P200,ETCH,ETCH02,B,RCP_B,Thickness,101.779,100.0,98.0,102.0
2026-07-09 13:26:00,LOT104,W14,P200,ETCH,ETCH02,A,RCP_B,Thickness,101.701,100.0,98.0,102.0
2026-07-09 13:27:00,LOT104,W15,P200,ETCH,ETCH02,B,RCP_B,Thickness,102.403,100.0,98.0,102.0
2026-07-09 13:28:00,LOT104,W16,P200,ETCH,ETCH02,B,RCP_B,Thickness,101.442,100.0,98.0,102.0
2026-07-09 13:29:00,LOT104,W17,P200,ETCH,ETCH02,A,RCP_B,Thickness,101.678,100.0,98.0,102.0
2026-07-09 13:30:00,LOT104,W18,P200,ETCH,ETCH02,B,RCP_B,Thickness,102.365,100.0,98.0,102.0
2026-07-09 13:31:00,LOT104,W19,P200,ETCH,ETCH02,A,RCP_B,Thickness,101.933,100.0,98.0,102.0
2026-07-09 13:32:00,LOT104,W20,P200,ETCH,ETCH02,A,RCP_B,Thickness,101.15,100.0,98.0,102.0
2026-07-09 13:33:00,LOT104,W21,P200,ETCH,ETCH02,A,RCP_B,Thickness,101.37,100.0,98.0,102.0
2026-07-09 13:34:00,LOT104,W22,P200,ETCH,ETCH02,B,RCP_B,Thickness,103.271,100.0,98.0,102.0
2026-07-09 13:35:00,LOT104,W23,P200,ETCH,ETCH02,A,RCP_B,Thickness,101.879,100.0,98.0,102.0
2026-07-09 13:36:00,LOT104,W24,P200,ETCH,ETCH02,B,RCP_B,Thickness,100.998,100.0,98.0,102.0
2026-07-09 13:37:00,LOT104,W25,P200,ETCH,ETCH02,A,RCP_B,Thickness,102.287,100.0,98.0,102.0
2026-07-09 13:16:00,LOT105,W01,P300,ETCH,ETCH03,A,RCP_C,Thickness,99.093,100.0,98.0,102.0
2026-07-09 13:17:00,LOT105,W02,P300,ETCH,ETCH03,A,RCP_C,Thickness,99.834,100.0,98.0,102.0
2026-07-09 13:18:00,LOT105,W03,P300,ETCH,ETCH03,B,RCP_C,Thickness,99.065,100.0,98.0,102.0
2026-07-09 13:19:00,LOT105,W04,P300,ETCH,ETCH03,A,RCP_C,Thickness,99.302,100.0,98.0,102.0
2026-07-09 13:20:00,LOT105,W05,P300,ETCH,ETCH03,B,RCP_C,Thickness,99.279,100.0,98.0,102.0
2026-07-09 13:21:00,LOT105,W06,P300,ETCH,ETCH03,A,RCP_C,Thickness,98.988,100.0,98.0,102.0
2026-07-09 13:22:00,LOT105,W07,P300,ETCH,ETCH03,B,RCP_C,Thickness,99.127,100.0,98.0,102.0
2026-07-09 13:23:00,LOT105,W08,P300,ETCH,ETCH03,B,RCP_C,Thickness,99.068,100.0,98.0,102.0
2026-07-09 13:24:00,LOT105,W09,P300,ETCH,ETCH03,A,RCP_C,Thickness,98.561,100.0,98.0,102.0
2026-07-09 13:25:00,LOT105,W10,P300,ETCH,ETCH03,A,RCP_C,Thickness,99.114,100.0,98.0,102.0
2026-07-09 13:26:00,LOT105,W11,P300,ETCH,ETCH03,A,RCP_C,Thickness,99.033,100.0,98.0,102.0
2026-07-09 13:27:00,LOT105,W12,P300,ETCH,ETCH03,B,RCP_C,Thickness,99.085,100.0,98.0,102.0
2026-07-09 13:28:00,LOT105,W13,P300,ETCH,ETCH03,A,RCP_C,Thickness,99.391,100.0,98.0,102.0
2026-07-09 13:29:00,LOT105,W14,P300,ETCH,ETCH03,A,RCP_C,Thickness,99.203,100.0,98.0,102.0
2026-07-09 13:30:00,LOT105,W15,P300,ETCH,ETCH03,A,RCP_C,Thickness,99.693,100.0,98.0,102.0
2026-07-09 13:31:00,LOT105,W16,P300,ETCH,ETCH03,A,RCP_C,Thickness,99.556,100.0,98.0,102.0
2026-07-09 13:32:00,LOT105,W17,P300,ETCH,ETCH03,A,RCP_C,Thickness,98.949,100.0,98.0,102.0
2026-07-09 13:33:00,LOT105,W18,P300,ETCH,ETCH03,A,RCP_C,Thickness,99.476,100.0,98.0,102.0
2026-07-09 13:34:00,LOT105,W19,P300,ETCH,ETCH03,A,RCP_C,Thickness,99.066,100.0,98.0,102.0
2026-07-09 13:35:00,LOT105,W20,P300,ETCH,ETCH03,A,RCP_C,Thickness,99.116,100.0,98.0,102.0
2026-07-09 13:36:00,LOT105,W21,P300,ETCH,ETCH03,B,RCP_C,Thickness,100.122,100.0,98.0,102.0
2026-07-09 13:37:00,LOT105,W22,P300,ETCH,ETCH03,A,RCP_C,Thickness,99.752,100.0,98.0,102.0
2026-07-09 13:38:00,LOT105,W23,P300,ETCH,ETCH03,B,RCP_C,Thickness,98.73,100.0,98.0,102.0
2026-07-09 13:39:00,LOT105,W24,P300,ETCH,ETCH03,B,RCP_C,Thickness,99.281,100.0,98.0,102.0
2026-07-09 13:40:00,LOT105,W25,P300,ETCH,ETCH03,B,RCP_C,Thickness,99.169,100.0,98.0,102.0
2026-07-09 13:19:00,LOT106,W01,P100,ETCH,ETCH01,B,RCP_A,Thickness,100.544,100.0,98.0,102.0
2026-07-09 13:20:00,LOT106,W02,P100,ETCH,ETCH01,A,RCP_A,Thickness,100.274,100.0,98.0,102.0
2026-07-09 13:21:00,LOT106,W03,P100,ETCH,ETCH01,B,RCP_A,Thickness,100.409,100.0,98.0,102.0
2026-07-09 13:22:00,LOT106,W04,P100,ETCH,ETCH01,B,RCP_A,Thickness,100.109,100.0,98.0,102.0
2026-07-09 13:23:00,LOT106,W05,P100,ETCH,ETCH01,B,RCP_A,Thickness,100.327,100.0,98.0,102.0
2026-07-09 13:24:00,LOT106,W06,P100,ETCH,ETCH01,A,RCP_A,Thickness,101.176,100.0,98.0,102.0
2026-07-09 13:25:00,LOT106,W07,P100,ETCH,ETCH01,B,RCP_A,Thickness,100.498,100.0,98.0,102.0
2026-07-09 13:26:00,LOT106,W08,P100,ETCH,ETCH01,B,RCP_A,Thickness,101.344,100.0,98.0,102.0
2026-07-09 13:27:00,LOT106,W09,P100,ETCH,ETCH01,B,RCP_A,Thickness,100.14,100.0,98.0,102.0
2026-07-09 13:28:00,LOT106,W10,P100,ETCH,ETCH01,A,RCP_A,Thickness,100.397,100.0,98.0,102.0
2026-07-09 13:29:00,LOT106,W11,P100,ETCH,ETCH01,B,RCP_A,Thickness,100.533,100.0,98.0,102.0
2026-07-09 13:30:00,LOT106,W12,P100,ETCH,ETCH01,A,RCP_A,Thickness,100.609,100.0,98.0,102.0
2026-07-09 13:31:00,LOT106,W13,P100,ETCH,ETCH01,B,RCP_A,Thickness,100.832,100.0,98.0,102.0
2026-07-09 13:32:00,LOT106,W14,P100,ETCH,ETCH01,B,RCP_A,Thickness,100.258,100.0,98.0,102.0
2026-07-09 13:33:00,LOT106,W15,P100,ETCH,ETCH01,B,RCP_A,Thickness,100.228,100.0,98.0,102.0
2026-07-09 13:34:00,LOT106,W16,P100,ETCH,ETCH01,A,RCP_A,Thickness,100.484,100.0,98.0,102.0
2026-07-09 13:35:00,LOT106,W17,P100,ETCH,ETCH01,A,RCP_A,Thickness,100.573,100.0,98.0,102.0
2026-07-09 13:36:00,LOT106,W18,P100,ETCH,ETCH01,A,RCP_A,Thickness,100.453,100.0,98.0,102.0
2026-07-09 13:37:00,LOT106,W19,P100,ETCH,ETCH01,B,RCP_A,Thickness,100.865,100.0,98.0,102.0
2026-07-09 13:38:00,LOT106,W20,P100,ETCH,ETCH01,A,RCP_A,Thickness,101.079,100.0,98.0,102.0
2026-07-09 13:39:00,LOT106,W21,P100,ETCH,ETCH01,B,RCP_A,Thickness,100.527,100.0,98.0,102.0
2026-07-09 13:40:00,LOT106,W22,P100,ETCH,ETCH01,A,RCP_A,Thickness,100.255,100.0,98.0,102.0
2026-07-09 13:41:00,LOT106,W23,P100,ETCH,ETCH01,B,RCP_A,Thickness,100.454,100.0,98.0,102.0
2026-07-09 13:42:00,LOT106,W24,P100,ETCH,ETCH01,B,RCP_A,Thickness,100.048,100.0,98.0,102.0
2026-07-09 13:43:00,LOT106,W25,P100,ETCH,ETCH01,B,RCP_A,Thickness,100.478,100.0,98.0,102.0
2026-07-09 13:22:00,LOT107,W01,P200,ETCH,ETCH02,A,RCP_B,Thickness,102.303,100.0,98.0,102.0
2026-07-09 13:23:00,LOT107,W02,P200,ETCH,ETCH02,A,RCP_B,Thickness,102.239,100.0,98.0,102.0
2026-07-09 13:24:00,LOT107,W03,P200,ETCH,ETCH02,A,RCP_B,Thickness,102.269,100.0,98.0,102.0
2026-07-09 13:25:00,LOT107,W04,P200,ETCH,ETCH02,A,RCP_B,Thickness,101.8,100.0,98.0,102.0
2026-07-09 13:26:00,LOT107,W05,P200,ETCH,ETCH02,A,RCP_B,Thickness,102.445,100.0,98.0,102.0
2026-07-09 13:27:00,LOT107,W06,P200,ETCH,ETCH02,B,RCP_B,Thickness,102.837,100.0,98.0,102.0
2026-07-09 13:28:00,LOT107,W07,P200,ETCH,ETCH02,B,RCP_B,Thickness,102.367,100.0,98.0,102.0
2026-07-09 13:29:00,LOT107,W08,P200,ETCH,ETCH02,A,RCP_B,Thickness,102.248,100.0,98.0,102.0
2026-07-09 13:30:00,LOT107,W09,P200,ETCH,ETCH02,A,RCP_B,Thickness,101.338,100.0,98.0,102.0
2026-07-09 13:31:00,LOT107,W10,P200,ETCH,ETCH02,A,RCP_B,Thickness,102.146,100.0,98.0,102.0
2026-07-09 13:32:00,LOT107,W11,P200,ETCH,ETCH02,A,RCP_B,Thickness,101.906,100.0,98.0,102.0
2026-07-09 13:33:00,LOT107,W12,P200,ETCH,ETCH02,A,RCP_B,Thickness,102.704,100.0,98.0,102.0
2026-07-09 13:34:00,LOT107,W13,P200,ETCH,ETCH02,A,RCP_B,Thickness,102.08,100.0,98.0,102.0
2026-07-09 13:35:00,LOT107,W14,P200,ETCH,ETCH02,A,RCP_B,Thickness,102.021,100.0,98.0,102.0
2026-07-09 13:36:00,LOT107,W15,P200,ETCH,ETCH02,A,RCP_B,Thickness,101.432,100.0,98.0,102.0
2026-07-09 13:37:00,LOT107,W16,P200,ETCH,ETCH02,A,RCP_B,Thickness,102.022,100.0,98.0,102.0
2026-07-09 13:38:00,LOT107,W17,P200,ETCH,ETCH02,A,RCP_B,Thickness,101.637,100.0,98.0,102.0
2026-07-09 13:39:00,LOT107,W18,P200,ETCH,ETCH02,A,RCP_B,Thickness,101.418,100.0,98.0,102.0
2026-07-09 13:40:00,LOT107,W19,P200,ETCH,ETCH02,A,RCP_B,Thickness,101.649,100.0,98.0,102.0
2026-07-09 13:41:00,LOT107,W20,P200,ETCH,ETCH02,B,RCP_B,Thickness,102.718,100.0,98.0,102.0
2026-07-09 13:42:00,LOT107,W21,P200,ETCH,ETCH02,B,RCP_B,Thickness,102.003,100.0,98.0,102.0
2026-07-09 13:43:00,LOT107,W22,P200,ETCH,ETCH02,B,RCP_B,Thickness,100.726,100.0,98.0,102.0
2026-07-09 13:44:00,LOT107,W23,P200,ETCH,ETCH02,A,RCP_B,Thickness,102.433,100.0,98.0,102.0
2026-07-09 13:45:00,LOT107,W24,P200,ETCH,ETCH02,A,RCP_B,Thickness,101.762,100.0,98.0,102.0
2026-07-09 13:46:00,LOT107,W25,P200,ETCH,ETCH02,B,RCP_B,Thickness,101.974,100.0,98.0,102.0
2026-07-09 13:25:00,LOT108,W01,P300,ETCH,ETCH03,B,RCP_C,Thickness,99.274,100.0,98.0,102.0
2026-07-09 13:26:00,LOT108,W02,P300,ETCH,ETCH03,A,RCP_C,Thickness,99.477,100.0,98.0,102.0
2026-07-09 13:27:00,LOT108,W03,P300,ETCH,ETCH03,A,RCP_C,Thickness,99.329,100.0,98.0,102.0
2026-07-09 13:28:00,LOT108,W04,P300,ETCH,ETCH03,B,RCP_C,Thickness,102.588,100.0,98.0,102.0
2026-07-09 13:29:00,LOT108,W05,P300,ETCH,ETCH03,A,RCP_C,Thickness,99.252,100.0,98.0,102.0
2026-07-09 13:30:00,LOT108,W06,P300,ETCH,ETCH03,A,RCP_C,Thickness,99.861,100.0,98.0,102.0
2026-07-09 13:31:00,LOT108,W07,P300,ETCH,ETCH03,A,RCP_C,Thickness,99.192,100.0,98.0,102.0
2026-07-09 13:32:00,LOT108,W08,P300,ETCH,ETCH03,B,RCP_C,Thickness,99.258,100.0,98.0,102.0
2026-07-09 13:33:00,LOT108,W09,P300,ETCH,ETCH03,B,RCP_C,Thickness,98.679,100.0,98.0,102.0
2026-07-09 13:34:00,LOT108,W10,P300,ETCH,ETCH03,A,RCP_C,Thickness,99.271,100.0,98.0,102.0
2026-07-09 13:35:00,LOT108,W11,P300,ETCH,ETCH03,A,RCP_C,Thickness,99.009,100.0,98.0,102.0
2026-07-09 13:36:00,LOT108,W12,P300,ETCH,ETCH03,A,RCP_C,Thickness,99.734,100.0,98.0,102.0
2026-07-09 13:37:00,LOT108,W13,P300,ETCH,ETCH03,B,RCP_C,Thickness,99.75,100.0,98.0,102.0
2026-07-09 13:38:00,LOT108,W14,P300,ETCH,ETCH03,B,RCP_C,Thickness,99.686,100.0,98.0,102.0
2026-07-09 13:39:00,LOT108,W15,P300,ETCH,ETCH03,A,RCP_C,Thickness,99.188,100.0,98.0,102.0
2026-07-09 13:40:00,LOT108,W16,P300,ETCH,ETCH03,A,RCP_C,Thickness,100.174,100.0,98.0,102.0
2026-07-09 13:41:00,LOT108,W17,P300,ETCH,ETCH03,B,RCP_C,Thickness,99.982,100.0,98.0,102.0
2026-07-09 13:42:00,LOT108,W18,P300,ETCH,ETCH03,B,RCP_C,Thickness,99.35,100.0,98.0,102.0
2026-07-09 13:43:00,LOT108,W19,P300,ETCH,ETCH03,A,RCP_C,Thickness,99.565,100.0,98.0,102.0
2026-07-09 13:44:00,LOT108,W20,P300,ETCH,ETCH03,B,RCP_C,Thickness,99.753,100.0,98.0,102.0
2026-07-09 13:45:00,LOT108,W21,P300,ETCH,ETCH03,A,RCP_C,Thickness,99.589,100.0,98.0,102.0
2026-07-09 13:46:00,LOT108,W22,P300,ETCH,ETCH03,B,RCP_C,Thickness,99.787,100.0,98.0,102.0
2026-07-09 13:47:00,LOT108,W23,P300,ETCH,ETCH03,B,RCP_C,Thickness,98.991,100.0,98.0,102.0
2026-07-09 13:48:00,LOT108,W24,P300,ETCH,ETCH03,A,RCP_C,Thickness,99.283,100.0,98.0,102.0
2026-07-09 13:49:00,LOT108,W25,P300,ETCH,ETCH03,B,RCP_C,Thickness,99.59,100.0,98.0,102.0
2026-07-10 13:28:00,LOT109,W01,P100,ETCH,ETCH01,A,RCP_A,Thickness,100.594,100.0,98.0,102.0
2026-07-10 13:29:00,LOT109,W02,P100,ETCH,ETCH01,B,RCP_A,Thickness,100.426,100.0,98.0,102.0
2026-07-10 13:30:00,LOT109,W03,P100,ETCH,ETCH01,A,RCP_A,Thickness,100.426,100.0,98.0,102.0
2026-07-10 13:31:00,LOT109,W04,P100,ETCH,ETCH01,B,RCP_A,Thickness,101.034,100.0,98.0,102.0
2026-07-10 13:32:00,LOT109,W05,P100,ETCH,ETCH01,B,RCP_A,Thickness,100.683,100.0,98.0,102.0
2026-07-10 13:33:00,LOT109,W06,P100,ETCH,ETCH01,A,RCP_A,Thickness,99.98,100.0,98.0,102.0
2026-07-10 13:34:00,LOT109,W07,P100,ETCH,ETCH01,A,RCP_A,Thickness,100.637,100.0,98.0,102.0
2026-07-10 13:35:00,LOT109,W08,P100,ETCH,ETCH01,B,RCP_A,Thickness,100.63,100.0,98.0,102.0
2026-07-10 13:36:00,LOT109,W09,P100,ETCH,ETCH01,B,RCP_A,Thickness,100.815,100.0,98.0,102.0
2026-07-10 13:37:00,LOT109,W10,P100,ETCH,ETCH01,B,RCP_A,Thickness,100.248,100.0,98.0,102.0
2026-07-10 13:38:00,LOT109,W11,P100,ETCH,ETCH01,A,RCP_A,Thickness,100.355,100.0,98.0,102.0
2026-07-10 13:39:00,LOT109,W12,P100,ETCH,ETCH01,A,RCP_A,Thickness,100.425,100.0,98.0,102.0
2026-07-10 13:40:00,LOT109,W13,P100,ETCH,ETCH01,B,RCP_A,Thickness,100.434,100.0,98.0,102.0
2026-07-10 13:41:00,LOT109,W14,P100,ETCH,ETCH01,B,RCP_A,Thickness,100.421,100.0,98.0,102.0
2026-07-10 13:42:00,LOT109,W15,P100,ETCH,ETCH01,B,RCP_A,Thickness,100.919,100.0,98.0,102.0
2026-07-10 13:43:00,LOT109,W16,P100,ETCH,ETCH01,A,RCP_A,Thickness,101.055,100.0,98.0,102.0
2026-07-10 13:44:00,LOT109,W17,P100,ETCH,ETCH01,A,RCP_A,Thickness,101.136,100.0,98.0,102.0
2026-07-10 13:45:00,LOT109,W18,P100,ETCH,ETCH01,B,RCP_A,Thickness,100.319,100.0,98.0,102.0
2026-07-10 13:46:00,LOT109,W19,P100,ETCH,ETCH01,A,RCP_A,Thickness,101.04,100.0,98.0,102.0
2026-07-10 13:47:00,LOT109,W20,P100,ETCH,ETCH01,B,RCP_A,Thickness,100.575,100.0,98.0,102.0
2026-07-10 13:48:00,LOT109,W21,P100,ETCH,ETCH01,B,RCP_A,Thickness,100.268,100.0,98.0,102.0
2026-07-10 13:49:00,LOT109,W22,P100,ETCH,ETCH01,A,RCP_A,Thickness,100.871,100.0,98.0,102.0
2026-07-10 13:50:00,LOT109,W23,P100,ETCH,ETCH01,B,RCP_A,Thickness,100.853,100.0,98.0,102.0
2026-07-10 13:51:00,LOT109,W24,P100,ETCH,ETCH01,A,RCP_A,Thickness,100.778,100.0,98.0,102.0
2026-07-10 13:52:00,LOT109,W25,P100,ETCH,ETCH01,B,RCP_A,Thickness,100.398,100.0,98.0,102.0
2026-07-10 13:31:00,LOT110,W01,P200,ETCH,ETCH02,B,RCP_B,Thickness,102.092,100.0,98.0,102.0
2026-07-10 13:32:00,LOT110,W02,P200,ETCH,ETCH02,A,RCP_B,Thickness,102.108,100.0,98.0,102.0
2026-07-10 13:33:00,LOT110,W03,P200,ETCH,ETCH02,A,RCP_B,Thickness,102.562,100.0,98.0,102.0
2026-07-10 13:34:00,LOT110,W04,P200,ETCH,ETCH02,A,RCP_B,Thickness,101.495,100.0,98.0,102.0
2026-07-10 13:35:00,LOT110,W05,P200,ETCH,ETCH02,B,RCP_B,Thickness,99.529,100.0,98.0,102.0
2026-07-10 13:36:00,LOT110,W06,P200,ETCH,ETCH02,A,RCP_B,Thickness,102.091,100.0,98.0,102.0
2026-07-10 13:37:00,LOT110,W07,P200,ETCH,ETCH02,A,RCP_B,Thickness,101.879,100.0,98.0,102.0
2026-07-10 13:38:00,LOT110,W08,P200,ETCH,ETCH02,A,RCP_B,Thickness,102.453,100.0,98.0,102.0
2026-07-10 13:39:00,LOT110,W09,P200,ETCH,ETCH02,A,RCP_B,Thickness,101.887,100.0,98.0,102.0
2026-07-10 13:40:00,LOT110,W10,P200,ETCH,ETCH02,B,RCP_B,Thickness,101.964,100.0,98.0,102.0
2026-07-10 13:41:00,LOT110,W11,P200,ETCH,ETCH02,B,RCP_B,Thickness,102.402,100.0,98.0,102.0
2026-07-10 13:42:00,LOT110,W12,P200,ETCH,ETCH02,A,RCP_B,Thickness,101.755,100.0,98.0,102.0
2026-07-10 13:43:00,LOT110,W13,P200,ETCH,ETCH02,A,RCP_B,Thickness,101.672,100.0,98.0,102.0
2026-07-10 13:44:00,LOT110,W14,P200,ETCH,ETCH02,B,RCP_B,Thickness,101.743,100.0,98.0,102.0
2026-07-10 13:45:00,LOT110,W15,P200,ETCH,ETCH02,A,RCP_B,Thickness,102.453,100.0,98.0,102.0
2026-07-10 13:46:00,LOT110,W16,P200,ETCH,ETCH02,A,RCP_B,Thickness,101.431,100.0,98.0,102.0
2026-07-10 13:47:00,LOT110,W17,P200,ETCH,ETCH02,A,RCP_B,Thickness,101.985,100.0,98.0,102.0
2026-07-10 13:48:00,LOT110,W18,P200,ETCH,ETCH02,B,RCP_B,Thickness,101.729,100.0,98.0,102.0
2026-07-10 13:49:00,LOT110,W19,P200,ETCH,ETCH02,A,RCP_B,Thickness,102.522,100.0,98.0,102.0
2026-07-10 13:50:00,LOT110,W20,P200,ETCH,ETCH02,B,RCP_B,Thickness,101.811,100.0,98.0,102.0
2026-07-10 13:51:00,LOT110,W21,P200,ETCH,ETCH02,A,RCP_B,Thickness,102.123,100.0,98.0,102.0
2026-07-10 13:52:00,LOT110,W22,P200,ETCH,ETCH02,A,RCP_B,Thickness,101.443,100.0,98.0,102.0
2026-07-10 13:53:00,LOT110,W23,P200,ETCH,ETCH02,B,RCP_B,Thickness,102.977,100.0,98.0,102.0
2026-07-10 13:54:00,LOT110,W24,P200,ETCH,ETCH02,A,RCP_B,Thickness,101.955,100.0,98.0,102.0
2026-07-10 13:55:00,LOT110,W25,P200,ETCH,ETCH02,A,RCP_B,Thickness,101.711,100.0,98.0,102.0
2026-07-10 13:34:00,LOT111,W01,P300,ETCH,ETCH03,A,RCP_C,Thickness,99.681,100.0,98.0,102.0
2026-07-10 13:35:00,LOT111,W02,P300,ETCH,ETCH03,A,RCP_C,Thickness,99.313,100.0,98.0,102.0
2026-07-10 13:36:00,LOT111,W03,P300,ETCH,ETCH03,A,RCP_C,Thickness,99.214,100.0,98.0,102.0
2026-07-10 13:37:00,LOT111,W04,P300,ETCH,ETCH03,A,RCP_C,Thickness,99.177,100.0,98.0,102.0
2026-07-10 13:38:00,LOT111,W05,P300,ETCH,ETCH03,A,RCP_C,Thickness,98.968,100.0,98.0,102.0
2026-07-10 13:39:00,LOT111,W06,P300,ETCH,ETCH03,B,RCP_C,Thickness,99.287,100.0,98.0,102.0
2026-07-10 13:40:00,LOT111,W07,P300,ETCH,ETCH03,A,RCP_C,Thickness,99.301,100.0,98.0,102.0
2026-07-10 13:41:00,LOT111,W08,P300,ETCH,ETCH03,B,RCP_C,Thickness,99.408,100.0,98.0,102.0
2026-07-10 13:42:00,LOT111,W09,P300,ETCH,ETCH03,B,RCP_C,Thickness,99.559,100.0,98.0,102.0
2026-07-10 13:43:00,LOT111,W10,P300,ETCH,ETCH03,B,RCP_C,Thickness,99.613,100.0,98.0,102.0
2026-07-10 13:44:00,LOT111,W11,P300,ETCH,ETCH03,A,RCP_C,Thickness,99.104,100.0,98.0,102.0
2026-07-10 13:45:00,LOT111,W12,P300,ETCH,ETCH03,A,RCP_C,Thickness,98.823,100.0,98.0,102.0
2026-07-10 13:46:00,LOT111,W13,P300,ETCH,ETCH03,B,RCP_C,Thickness,99.451,100.0,98.0,102.0
2026-07-10 13:47:00,LOT111,W14,P300,ETCH,ETCH03,A,RCP_C,Thickness,99.108,100.0,98.0,102.0
2026-07-10 13:48:00,LOT111,W15,P300,ETCH,ETCH03,B,RCP_C,Thickness,99.638,100.0,98.0,102.0
2026-07-10 13:49:00,LOT111,W16,P300,ETCH,ETCH03,B,RCP_C,Thickness,99.653,100.0,98.0,102.0
2026-07-10 13:50:00,LOT111,W17,P300,ETCH,ETCH03,A,RCP_C,Thickness,99.182,100.0,98.0,102.0
2026-07-10 13:51:00,LOT111,W18,P300,ETCH,ETCH03,B,RCP_C,Thickness,99.386,100.0,98.0,102.0
2026-07-10 13:52:00,LOT111,W19,P300,ETCH,ETCH03,A,RCP_C,Thickness,99.17,100.0,98.0,102.0
2026-07-10 13:53:00,LOT111,W20,P300,ETCH,ETCH03,A,RCP_C,Thickness,99.27,100.0,98.0,102.0
2026-07-10 13:54:00,LOT111,W21,P300,ETCH,ETCH03,A,RCP_C,Thickness,99.123,100.0,98.0,102.0
2026-07-10 13:55:00,LOT111,W22,P300,ETCH,ETCH03,B,RCP_C,Thickness,99.398,100.0,98.0,102.0
2026-07-10 13:56:00,LOT111,W23,P300,ETCH,ETCH03,A,RCP_C,Thickness,99.46,100.0,98.0,102.0
2026-07-10 13:57:00,LOT111,W24,P300,ETCH,ETCH03,B,RCP_C,Thickness,99.385,100.0,98.0,102.0
2026-07-10 13:58:00,LOT111,W25,P300,ETCH,ETCH03,A,RCP_C,Thickness,99.095,100.0,98.0,102.0
2026-07-10 13:37:00,LOT112,W01,P100,ETCH,ETCH01,A,RCP_A,Thickness,100.839,100.0,98.0,102.0
2026-07-10 13:38:00,LOT112,W02,P100,ETCH,ETCH01,A,RCP_A,Thickness,99.94,100.0,98.0,102.0
2026-07-10 13:39:00,LOT112,W03,P100,ETCH,ETCH01,A,RCP_A,Thickness,101.243,100.0,98.0,102.0
2026-07-10 13:40:00,LOT112,W04,P100,ETCH,ETCH01,A,RCP_A,Thickness,100.854,100.0,98.0,102.0
2026-07-10 13:41:00,LOT112,W05,P100,ETCH,ETCH01,B,RCP_A,Thickness,101.105,100.0,98.0,102.0
2026-07-10 13:42:00,LOT112,W06,P100,ETCH,ETCH01,B,RCP_A,Thickness,100.385,100.0,98.0,102.0
2026-07-10 13:43:00,LOT112,W07,P100,ETCH,ETCH01,A,RCP_A,Thickness,99.933,100.0,98.0,102.0
2026-07-10 13:44:00,LOT112,W08,P100,ETCH,ETCH01,A,RCP_A,Thickness,100.358,100.0,98.0,102.0
2026-07-10 13:45:00,LOT112,W09,P100,ETCH,ETCH01,B,RCP_A,Thickness,101.132,100.0,98.0,102.0
2026-07-10 13:46:00,LOT112,W10,P100,ETCH,ETCH01,A,RCP_A,Thickness,100.57,100.0,98.0,102.0
2026-07-10 13:47:00,LOT112,W11,P100,ETCH,ETCH01,A,RCP_A,Thickness,101.132,100.0,98.0,102.0
2026-07-10 13:48:00,LOT112,W12,P100,ETCH,ETCH01,B,RCP_A,Thickness,101.132,100.0,98.0,102.0
2026-07-10 13:49:00,LOT112,W13,P100,ETCH,ETCH01,A,RCP_A,Thickness,100.783,100.0,98.0,102.0
2026-07-10 13:50:00,LOT112,W14,P100,ETCH,ETCH01,B,RCP_A,Thickness,100.54,100.0,98.0,102.0
2026-07-10 13:51:00,LOT112,W15,P100,ETCH,ETCH01,B,RCP_A,Thickness,100.386,100.0,98.0,102.0
2026-07-10 13:52:00,LOT112,W16,P100,ETCH,ETCH01,B,RCP_A,Thickness,101.006,100.0,98.0,102.0
2026-07-10 13:53:00,LOT112,W17,P100,ETCH,ETCH01,A,RCP_A,Thickness,100.476,100.0,98.0,102.0
2026-07-10 13:54:00,LOT112,W18,P100,ETCH,ETCH01,A,RCP_A,Thickness,100.938,100.0,98.0,102.0
2026-07-10 13:55:00,LOT112,W19,P100,ETCH,ETCH01,A,RCP_A,Thickness,100.484,100.0,98.0,102.0
2026-07-10 13:56:00,LOT112,W20,P100,ETCH,ETCH01,A,RCP_A,Thickness,100.494,100.0,98.0,102.0
2026-07-10 13:57:00,LOT112,W21,P100,ETCH,ETCH01,A,RCP_A,Thickness,99.764,100.0,98.0,102.0
2026-07-10 13:58:00,LOT112,W22,P100,ETCH,ETCH01,B,RCP_A,Thickness,100.216,100.0,98.0,102.0
2026-07-10 13:59:00,LOT112,W23,P100,ETCH,ETCH01,B,RCP_A,Thickness,100.464,100.0,98.0,102.0
2026-07-10 14:00:00,LOT112,W24,P100,ETCH,ETCH01,A,RCP_A,Thickness,100.182,100.0,98.0,102.0
2026-07-10 14:01:00,LOT112,W25,P100,ETCH,ETCH01,A,RCP_A,Thickness,100.654,100.0,98.0,102.0
2026-07-10 13:40:00,LOT113,W01,P200,ETCH,ETCH02,A,RCP_B,Thickness,102.441,100.0,98.0,102.0
2026-07-10 13:41:00,LOT113,W02,P200,ETCH,ETCH02,B,RCP_B,Thickness,101.159,100.0,98.0,102.0
2026-07-10 13:42:00,LOT113,W03,P200,ETCH,ETCH02,A,RCP_B,Thickness,101.243,100.0,98.0,102.0
2026-07-10 13:43:00,LOT113,W04,P200,ETCH,ETCH02,A,RCP_B,Thickness,101.385,100.0,98.0,102.0
2026-07-10 13:44:00,LOT113,W05,P200,ETCH,ETCH02,B,RCP_B,Thickness,102.526,100.0,98.0,102.0
2026-07-10 13:45:00,LOT113,W06,P200,ETCH,ETCH02,B,RCP_B,Thickness,101.035,100.0,98.0,102.0
2026-07-10 13:46:00,LOT113,W07,P200,ETCH,ETCH02,A,RCP_B,Thickness,101.83,100.0,98.0,102.0
2026-07-10 13:47:00,LOT113,W08,P200,ETCH,ETCH02,A,RCP_B,Thickness,102.073,100.0,98.0,102.0
2026-07-10 13:48:00,LOT113,W09,P200,ETCH,ETCH02,A,RCP_B,Thickness,101.85,100.0,98.0,102.0
2026-07-10 13:49:00,LOT113,W10,P200,ETCH,ETCH02,A,RCP_B,Thickness,102.339,100.0,98.0,102.0
2026-07-10 13:50:00,LOT113,W11,P200,ETCH,ETCH02,B,RCP_B,Thickness,102.106,100.0,98.0,102.0
2026-07-10 13:51:00,LOT113,W12,P200,ETCH,ETCH02,A,RCP_B,Thickness,102.242,100.0,98.0,102.0
2026-07-10 13:52:00,LOT113,W13,P200,ETCH,ETCH02,B,RCP_B,Thickness,102.042,100.0,98.0,102.0
2026-07-10 13:53:00,LOT113,W14,P200,ETCH,ETCH02,B,RCP_B,Thickness,101.985,100.0,98.0,102.0
2026-07-10 13:54:00,LOT113,W15,P200,ETCH,ETCH02,A,RCP_B,Thickness,101.621,100.0,98.0,102.0
2026-07-10 13:55:00,LOT113,W16,P200,ETCH,ETCH02,A,RCP_B,Thickness,102.404,100.0,98.0,102.0
2026-07-10 13:56:00,LOT113,W17,P200,ETCH,ETCH02,B,RCP_B,Thickness,102.307,100.0,98.0,102.0
2026-07-10 13:57:00,LOT113,W18,P200,ETCH,ETCH02,B,RCP_B,Thickness,102.995,100.0,98.0,102.0
2026-07-10 13:58:00,LOT113,W19,P200,ETCH,ETCH02,B,RCP_B,Thickness,103.49,100.0,98.0,102.0
2026-07-10 13:59:00,LOT113,W20,P200,ETCH,ETCH02,B,RCP_B,Thickness,102.017,100.0,98.0,102.0
2026-07-10 14:00:00,LOT113,W21,P200,ETCH,ETCH02,B,RCP_B,Thickness,100.698,100.0,98.0,102.0
2026-07-10 14:01:00,LOT113,W22,P200,ETCH,ETCH02,B,RCP_B,Thickness,103.379,100.0,98.0,102.0
2026-07-10 14:02:00,LOT113,W23,P200,ETCH,ETCH02,B,RCP_B,Thickness,101.412,100.0,98.0,102.0
2026-07-10 14:03:00,LOT113,W24,P200,ETCH,ETCH02,B,RCP_B,Thickness,101.145,100.0,98.0,102.0
2026-07-10 14:04:00,LOT113,W25,P200,ETCH,ETCH02,A,RCP_B,Thickness,102.17,100.0,98.0,102.0
2026-07-10 13:43:00,LOT114,W01,P300,ETCH,ETCH03,B,RCP_C,Thickness,99.484,100.0,98.0,102.0
2026-07-10 13:44:00,LOT114,W02,P300,ETCH,ETCH03,A,RCP_C,Thickness,99.425,100.0,98.0,102.0
2026-07-10 13:45:00,LOT114,W03,P300,ETCH,ETCH03,B,RCP_C,Thickness,99.497,100.0,98.0,102.0
2026-07-10 13:46:00,LOT114,W04,P300,ETCH,ETCH03,B,RCP_C,Thickness,98.703,100.0,98.0,102.0
2026-07-10 13:47:00,LOT114,W05,P300,ETCH,ETCH03,B,RCP_C,Thickness,99.106,100.0,98.0,102.0
2026-07-10 13:48:00,LOT114,W06,P300,ETCH,ETCH03,B,RCP_C,Thickness,98.506,100.0,98.0,102.0
2026-07-10 13:49:00,LOT114,W07,P300,ETCH,ETCH03,B,RCP_C,Thickness,99.291,100.0,98.0,102.0
2026-07-10 13:50:00,LOT114,W08,P300,ETCH,ETCH03,A,RCP_C,Thickness,99.348,100.0,98.0,102.0
2026-07-10 13:51:00,LOT114,W09,P300,ETCH,ETCH03,A,RCP_C,Thickness,99.125,100.0,98.0,102.0
2026-07-10 13:52:00,LOT114,W10,P300,ETCH,ETCH03,A,RCP_C,Thickness,99.924,100.0,98.0,102.0
2026-07-10 13:53:00,LOT114,W11,P300,ETCH,ETCH03,A,RCP_C,Thickness,99.512,100.0,98.0,102.0
2026-07-10 13:54:00,LOT114,W12,P300,ETCH,ETCH03,B,RCP_C,Thickness,99.271,100.0,98.0,102.0
2026-07-10 13:55:00,LOT114,W13,P300,ETCH,ETCH03,A,RCP_C,Thickness,99.442,100.0,98.0,102.0
2026-07-10 13:56:00,LOT114,W14,P300,ETCH,ETCH03,A,RCP_C,Thickness,99.302,100.0,98.0,102.0
2026-07-10 13:57:00,LOT114,W15,P300,ETCH,ETCH03,A,RCP_C,Thickness,99.897,100.0,98.0,102.0
2026-07-10 13:58:00,LOT114,W16,P300,ETCH,ETCH03,B,RCP_C,Thickness,99.475,100.0,98.0,102.0
2026-07-10 13:59:00,LOT114,W17,P300,ETCH,ETCH03,A,RCP_C,Thickness,99.819,100.0,98.0,102.0
2026-07-10 14:00:00,LOT114,W18,P300,ETCH,ETCH03,A,RCP_C,Thickness,99.324,100.0,98.0,102.0
2026-07-10 14:01:00,LOT114,W19,P300,ETCH,ETCH03,A,RCP_C,Thickness,99.485,100.0,98.0,102.0
2026-07-10 14:02:00,LOT114,W20,P300,ETCH,ETCH03,B,RCP_C,Thickness,99.532,100.0,98.0,102.0
2026-07-10 14:03:00,LOT114,W21,P300,ETCH,ETCH03,B,RCP_C,Thickness,99.326,100.0,98.0,102.0
2026-07-10 14:04:00,LOT114,W22,P300,ETCH,ETCH03,B,RCP_C,Thickness,98.998,100.0,98.0,102.0
2026-07-10 14:05:00,LOT114,W23,P300,ETCH,ETCH03,B,RCP_C,Thickness,98.368,100.0,98.0,102.0
2026-07-10 14:06:00,LOT114,W24,P300,ETCH,ETCH03,B,RCP_C,Thickness,99.116,100.0,98.0,102.0
2026-07-10 14:07:00,LOT114,W25,P300,ETCH,ETCH03,B,RCP_C,Thickness,99.066,100.0,98.0,102.0
2026-07-10 13:46:00,LOT115,W01,P100,ETCH,ETCH01,B,RCP_A,Thickness,100.614,100.0,98.0,102.0
2026-07-10 13:47:00,LOT115,W02,P100,ETCH,ETCH01,A,RCP_A,Thickness,101.343,100.0,98.0,102.0
2026-07-10 13:48:00,LOT115,W03,P100,ETCH,ETCH01,B,RCP_A,Thickness,100.694,100.0,98.0,102.0
2026-07-10 13:49:00,LOT115,W04,P100,ETCH,ETCH01,A,RCP_A,Thickness,100.984,100.0,98.0,102.0
2026-07-10 13:50:00,LOT115,W05,P100,ETCH,ETCH01,B,RCP_A,Thickness,100.915,100.0,98.0,102.0
2026-07-10 13:51:00,LOT115,W06,P100,ETCH,ETCH01,A,RCP_A,Thickness,100.494,100.0,98.0,102.0
2026-07-10 13:52:00,LOT115,W07,P100,ETCH,ETCH01,A,RCP_A,Thickness,100.319,100.0,98.0,102.0
2026-07-10 13:53:00,LOT115,W08,P100,ETCH,ETCH01,B,RCP_A,Thickness,101.102,100.0,98.0,102.0
2026-07-10 13:54:00,LOT115,W09,P100,ETCH,ETCH01,B,RCP_A,Thickness,100.686,100.0,98.0,102.0
2026-07-10 13:55:00,LOT115,W10,P100,ETCH,ETCH01,A,RCP_A,Thickness,100.934,100.0,98.0,102.0
2026-07-10 13:56:00,LOT115,W11,P100,ETCH,ETCH01,A,RCP_A,Thickness,101.489,100.0,98.0,102.0
2026-07-10 13:57:00,LOT115,W12,P100,ETCH,ETCH01,A,RCP_A,Thickness,100.835,100.0,98.0,102.0
2026-07-10 13:58:00,LOT115,W13,P100,ETCH,ETCH01,B,RCP_A,Thickness,100.723,100.0,98.0,102.0
2026-07-10 13:59:00,LOT115,W14,P100,ETCH,ETCH01,B,RCP_A,Thickness,100.538,100.0,98.0,102.0
2026-07-10 14:00:00,LOT115,W15,P100,ETCH,ETCH01,B,RCP_A,Thickness,100.835,100.0,98.0,102.0
2026-07-10 14:01:00,LOT115,W16,P100,ETCH,ETCH01,A,RCP_A,Thickness,100.585,100.0,98.0,102.0
2026-07-10 14:02:00,LOT115,W17,P100,ETCH,ETCH01,B,RCP_A,Thickness,100.346,100.0,98.0,102.0
2026-07-10 14:03:00,LOT115,W18,P100,ETCH,ETCH01,B,RCP_A,Thickness,100.517,100.0,98.0,102.0
2026-07-10 14:04:00,LOT115,W19,P100,ETCH,ETCH01,B,RCP_A,Thickness,100.48,100.0,98.0,102.0
2026-07-10 14:05:00,LOT115,W20,P100,ETCH,ETCH01,B,RCP_A,Thickness,100.473,100.0,98.0,102.0
2026-07-10 14:06:00,LOT115,W21,P100,ETCH,ETCH01,A,RCP_A,Thickness,100.74,100.0,98.0,102.0
2026-07-10 14:07:00,LOT115,W22,P100,ETCH,ETCH01,B,RCP_A,Thickness,100.843,100.0,98.0,102.0
2026-07-10 14:08:00,LOT115,W23,P100,ETCH,ETCH01,A,RCP_A,Thickness,100.748,100.0,98.0,102.0
2026-07-10 14:09:00,LOT115,W24,P100,ETCH,ETCH01,B,RCP_A,Thickness,100.082,100.0,98.0,102.0
2026-07-10 14:10:00,LOT115,W25,P100,ETCH,ETCH01,A,RCP_A,Thickness,100.895,100.0,98.0,102.0
2026-07-10 13:49:00,LOT116,W01,P200,ETCH,ETCH02,B,RCP_B,Thickness,103.244,100.0,98.0,102.0
2026-07-10 13:50:00,LOT116,W02,P200,ETCH,ETCH02,B,RCP_B,Thickness,101.97,100.0,98.0,102.0
2026-07-10 13:51:00,LOT116,W03,P200,ETCH,ETCH02,A,RCP_B,Thickness,101.979,100.0,98.0,102.0
2026-07-10 13:52:00,LOT116,W04,P200,ETCH,ETCH02,B,RCP_B,Thickness,100.513,100.0,98.0,102.0
2026-07-10 13:53:00,LOT116,W05,P200,ETCH,ETCH02,A,RCP_B,Thickness,101.937,100.0,98.0,102.0
2026-07-10 13:54:00,LOT116,W06,P200,ETCH,ETCH02,B,RCP_B,Thickness,101.428,100.0,98.0,102.0
2026-07-10 13:55:00,LOT116,W07,P200,ETCH,ETCH02,A,RCP_B,Thickness,101.881,100.0,98.0,102.0
2026-07-10 13:56:00,LOT116,W08,P200,ETCH,ETCH02,A,RCP_B,Thickness,102.214,100.0,98.0,102.0
2026-07-10 13:57:00,LOT116,W09,P200,ETCH,ETCH02,A,RCP_B,Thickness,101.849,100.0,98.0,102.0
2026-07-10 13:58:00,LOT116,W10,P200,ETCH,ETCH02,A,RCP_B,Thickness,102.19,100.0,98.0,102.0
2026-07-10 13:59:00,LOT116,W11,P200,ETCH,ETCH02,B,RCP_B,Thickness,101.909,100.0,98.0,102.0
2026-07-10 14:00:00,LOT116,W12,P200,ETCH,ETCH02,B,RCP_B,Thickness,100.967,100.0,98.0,102.0
2026-07-10 14:01:00,LOT116,W13,P200,ETCH,ETCH02,B,RCP_B,Thickness,103.893,100.0,98.0,102.0
2026-07-10 14:02:00,LOT116,W14,P200,ETCH,ETCH02,B,RCP_B,Thickness,102.554,100.0,98.0,102.0
2026-07-10 14:03:00,LOT116,W15,P200,ETCH,ETCH02,A,RCP_B,Thickness,101.776,100.0,98.0,102.0
2026-07-10 14:04:00,LOT116,W16,P200,ETCH,ETCH02,A,RCP_B,Thickness,101.915,100.0,98.0,102.0
2026-07-10 14:05:00,LOT116,W17,P200,ETCH,ETCH02,A,RCP_B,Thickness,101.669,100.0,98.0,102.0
2026-07-10 14:06:00,LOT116,W18,P200,ETCH,ETCH02,A,RCP_B,Thickness,101.858,100.0,98.0,102.0
2026-07-10 14:07:00,LOT116,W19,P200,ETCH,ETCH02,B,RCP_B,Thickness,100.596,100.0,98.0,102.0
2026-07-10 14:08:00,LOT116,W20,P200,ETCH,ETCH02,A,RCP_B,Thickness,102.051,100.0,98.0,102.0
2026-07-10 14:09:00,LOT116,W21,P200,ETCH,ETCH02,B,RCP_B,Thickness,101.37,100.0,98.0,102.0
2026-07-10 14:10:00,LOT116,W22,P200,ETCH,ETCH02,A,RCP_B,Thickness,101.903,100.0,98.0,102.0
2026-07-10 14:11:00,LOT116,W23,P200,ETCH,ETCH02,B,RCP_B,Thickness,100.998,100.0,98.0,102.0
2026-07-10 14:12:00,LOT116,W24,P200,ETCH,ETCH02,A,RCP_B,Thickness,101.327,100.0,98.0,102.0
2026-07-10 14:13:00,LOT116,W25,P200,ETCH,ETCH02,B,RCP_B,Thickness,102.368,100.0,98.0,102.0
2026-07-10 13:52:00,LOT117,W01,P300,ETCH,ETCH03,A,RCP_C,Thickness,99.257,100.0,98.0,102.0
2026-07-10 13:53:00,LOT117,W02,P300,ETCH,ETCH03,A,RCP_C,Thickness,99.242,100.0,98.0,102.0
2026-07-10 13:54:00,LOT117,W03,P300,ETCH,ETCH03,A,RCP_C,Thickness,99.423,100.0,98.0,102.0
2026-07-10 13:55:00,LOT117,W04,P300,ETCH,ETCH03,B,RCP_C,Thickness,99.357,100.0,98.0,102.0
2026-07-10 13:56:00,LOT117,W05,P300,ETCH,ETCH03,A,RCP_C,Thickness,99.208,100.0,98.0,102.0
2026-07-10 13:57:00,LOT117,W06,P300,ETCH,ETCH03,B,RCP_C,Thickness,98.671,100.0,98.0,102.0
2026-07-10 13:58:00,LOT117,W07,P300,ETCH,ETCH03,A,RCP_C,Thickness,99.575,100.0,98.0,102.0
2026-07-10 13:59:00,LOT117,W08,P300,ETCH,ETCH03,A,RCP_C,Thickness,98.773,100.0,98.0,102.0
2026-07-10 14:00:00,LOT117,W09,P300,ETCH,ETCH03,A,RCP_C,Thickness,99.208,100.0,98.0,102.0
2026-07-10 14:01:00,LOT117,W10,P300,ETCH,ETCH03,A,RCP_C,Thickness,100.122,100.0,98.0,102.0
2026-07-10 14:02:00,LOT117,W11,P300,ETCH,ETCH03,A,RCP_C,Thickness,98.676,100.0,98.0,102.0
2026-07-10 14:03:00,LOT117,W12,P300,ETCH,ETCH03,A,RCP_C,Thickness,99.13,100.0,98.0,102.0
2026-07-10 14:04:00,LOT117,W13,P300,ETCH,ETCH03,B,RCP_C,Thickness,99.345,100.0,98.0,102.0
2026-07-10 14:05:00,LOT117,W14,P300,ETCH,ETCH03,B,RCP_C,Thickness,98.562,100.0,98.0,102.0
2026-07-10 14:06:00,LOT117,W15,P300,ETCH,ETCH03,A,RCP_C,Thickness,99.317,100.0,98.0,102.0
2026-07-10 14:07:00,LOT117,W16,P300,ETCH,ETCH03,A,RCP_C,Thickness,99.738,100.0,98.0,102.0
2026-07-10 14:08:00,LOT117,W17,P300,ETCH,ETCH03,A,RCP_C,Thickness,99.534,100.0,98.0,102.0
2026-07-10 14:09:00,LOT117,W18,P300,ETCH,ETCH03,B,RCP_C,Thickness,99.477,100.0,98.0,102.0
2026-07-10 14:10:00,LOT117,W19,P300,ETCH,ETCH03,A,RCP_C,Thickness,99.665,100.0,98.0,102.0
2026-07-10 14:11:00,LOT117,W20,P300,ETCH,ETCH03,B,RCP_C,Thickness,99.356,100.0,98.0,102.0
2026-07-10 14:12:00,LOT117,W21,P300,ETCH,ETCH03,B,RCP_C,Thickness,99.085,100.0,98.0,102.0
2026-07-10 14:13:00,LOT117,W22,P300,ETCH,ETCH03,B,RCP_C,Thickness,98.789,100.0,98.0,102.0
2026-07-10 14:14:00,LOT117,W23,P300,ETCH,ETCH03,A,RCP_C,Thickness,99.44,100.0,98.0,102.0
2026-07-10 14:15:00,LOT117,W24,P300,ETCH,ETCH03,A,RCP_C,Thickness,100.165,100.0,98.0,102.0
2026-07-10 14:16:00,LOT117,W25,P300,ETCH,ETCH03,A,RCP_C,Thickness,98.791,100.0,98.0,102.0
2026-07-10 13:55:00,LOT118,W01,P100,ETCH,ETCH01,A,RCP_A,Thickness,101.212,100.0,98.0,102.0
2026-07-10 13:56:00,LOT118,W02,P100,ETCH,ETCH01,A,RCP_A,Thickness,100.315,100.0,98.0,102.0
2026-07-10 13:57:00,LOT118,W03,P100,ETCH,ETCH01,B,RCP_A,Thickness,100.737,100.0,98.0,102.0
2026-07-10 13:58:00,LOT118,W04,P100,ETCH,ETCH01,B,RCP_A,Thickness,100.396,100.0,98.0,102.0
2026-07-10 13:59:00,LOT118,W05,P100,ETCH,ETCH01,B,RCP_A,Thickness,100.397,100.0,98.0,102.0
2026-07-10 14:00:00,LOT118,W06,P100,ETCH,ETCH01,B,RCP_A,Thickness,101.183,100.0,98.0,102.0
2026-07-10 14:01:00,LOT118,W07,P100,ETCH,ETCH01,A,RCP_A,Thickness,100.339,100.0,98.0,102.0
2026-07-10 14:02:00,LOT118,W08,P100,ETCH,ETCH01,A,RCP_A,Thickness,100.634,100.0,98.0,102.0
2026-07-10 14:03:00,LOT118,W09,P100,ETCH,ETCH01,B,RCP_A,Thickness,100.406,100.0,98.0,102.0
2026-07-10 14:04:00,LOT118,W10,P100,ETCH,ETCH01,B,RCP_A,Thickness,100.668,100.0,98.0,102.0
2026-07-10 14:05:00,LOT118,W11,P100,ETCH,ETCH01,B,RCP_A,Thickness,100.442,100.0,98.0,102.0
2026-07-10 14:06:00,LOT118,W12,P100,ETCH,ETCH01,B,RCP_A,Thickness,100.822,100.0,98.0,102.0
2026-07-10 14:07:00,LOT118,W13,P100,ETCH,ETCH01,B,RCP_A,Thickness,100.593,100.0,98.0,102.0
2026-07-10 14:08:00,LOT118,W14,P100,ETCH,ETCH01,B,RCP_A,Thickness,100.474,100.0,98.0,102.0
2026-07-10 14:09:00,LOT118,W15,P100,ETCH,ETCH01,B,RCP_A,Thickness,100.261,100.0,98.0,102.0
2026-07-10 14:10:00,LOT118,W16,P100,ETCH,ETCH01,A,RCP_A,Thickness,100.272,100.0,98.0,102.0
2026-07-10 14:11:00,LOT118,W17,P100,ETCH,ETCH01,B,RCP_A,Thickness,100.896,100.0,98.0,102.0
2026-07-10 14:12:00,LOT118,W18,P100,ETCH,ETCH01,A,RCP_A,Thickness,100.254,100.0,98.0,102.0
2026-07-10 14:13:00,LOT118,W19,P100,ETCH,ETCH01,A,RCP_A,Thickness,100.906,100.0,98.0,102.0
2026-07-10 14:14:00,LOT118,W20,P100,ETCH,ETCH01,A,RCP_A,Thickness,100.448,100.0,98.0,102.0
2026-07-10 14:15:00,LOT118,W21,P100,ETCH,ETCH01,B,RCP_A,Thickness,100.78,100.0,98.0,102.0
2026-07-10 14:16:00,LOT118,W22,P100,ETCH,ETCH01,A,RCP_A,Thickness,100.708,100.0,98.0,102.0
2026-07-10 14:17:00,LOT118,W23,P100,ETCH,ETCH01,A,RCP_A,Thickness,100.542,100.0,98.0,102.0
2026-07-10 14:18:00,LOT118,W24,P100,ETCH,ETCH01,A,RCP_A,Thickness,100.826,100.0,98.0,102.0
2026-07-10 14:19:00,LOT118,W25,P100,ETCH,ETCH01,B,RCP_A,Thickness,100.219,100.0,98.0,102.0
2026-07-10 13:58:00,LOT119,W01,P200,ETCH,ETCH02,A,RCP_B,Thickness,102.129,100.0,98.0,102.0
2026-07-10 13:59:00,LOT119,W02,P200,ETCH,ETCH02,A,RCP_B,Thickness,102.016,100.0,98.0,102.0
2026-07-10 14:00:00,LOT119,W03,P200,ETCH,ETCH02,A,RCP_B,Thickness,101.828,100.0,98.0,102.0
2026-07-10 14:01:00,LOT119,W04,P200,ETCH,ETCH02,A,RCP_B,Thickness,101.603,100.0,98.0,102.0
2026-07-10 14:02:00,LOT119,W05,P200,ETCH,ETCH02,A,RCP_B,Thickness,101.485,100.0,98.0,102.0
2026-07-10 14:03:00,LOT119,W06,P200,ETCH,ETCH02,A,RCP_B,Thickness,102.018,100.0,98.0,102.0
2026-07-10 14:04:00,LOT119,W07,P200,ETCH,ETCH02,A,RCP_B,Thickness,101.952,100.0,98.0,102.0
2026-07-10 14:05:00,LOT119,W08,P200,ETCH,ETCH02,B,RCP_B,Thickness,102.093,100.0,98.0,102.0
2026-07-10 14:06:00,LOT119,W09,P200,ETCH,ETCH02,A,RCP_B,Thickness,101.761,100.0,98.0,102.0
2026-07-10 14:07:00,LOT119,W10,P200,ETCH,ETCH02,B,RCP_B,Thickness,102.043,100.0,98.0,102.0
2026-07-10 14:08:00,LOT119,W11,P200,ETCH,ETCH02,B,RCP_B,Thickness,100.734,100.0,98.0,102.0
2026-07-10 14:09:00,LOT119,W12,P200,ETCH,ETCH02,A,RCP_B,Thickness,102.124,100.0,98.0,102.0
2026-07-10 14:10:00,LOT119,W13,P200,ETCH,ETCH02,A,RCP_B,Thickness,101.779,100.0,98.0,102.0
2026-07-10 14:11:00,LOT119,W14,P200,ETCH,ETCH02,B,RCP_B,Thickness,101.612,100.0,98.0,102.0
2026-07-10 14:12:00,LOT119,W15,P200,ETCH,ETCH02,B,RCP_B,Thickness,100.354,100.0,98.0,102.0
2026-07-10 14:13:00,LOT119,W16,P200,ETCH,ETCH02,B,RCP_B,Thickness,101.385,100.0,98.0,102.0
2026-07-10 14:14:00,LOT119,W17,P200,ETCH,ETCH02,B,RCP_B,Thickness,102.601,100.0,98.0,102.0
2026-07-10 14:15:00,LOT119,W18,P200,ETCH,ETCH02,B,RCP_B,Thickness,101.651,100.0,98.0,102.0
2026-07-10 14:16:00,LOT119,W19,P200,ETCH,ETCH02,A,RCP_B,Thickness,101.935,100.0,98.0,102.0
2026-07-10 14:17:00,LOT119,W20,P200,ETCH,ETCH02,B,RCP_B,Thickness,101.041,100.0,98.0,102.0
2026-07-10 14:18:00,LOT119,W21,P200,ETCH,ETCH02,A,RCP_B,Thickness,102.11,100.0,98.0,102.0
2026-07-10 14:19:00,LOT119,W22,P200,ETCH,ETCH02,B,RCP_B,Thickness,101.025,100.0,98.0,102.0
2026-07-10 14:20:00,LOT119,W23,P200,ETCH,ETCH02,A,RCP_B,Thickness,102.268,100.0,98.0,102.0
2026-07-10 14:21:00,LOT119,W24,P200,ETCH,ETCH02,B,RCP_B,Thickness,102.242,100.0,98.0,102.0
2026-07-10 14:22:00,LOT119,W25,P200,ETCH,ETCH02,A,RCP_B,Thickness,101.555,100.0,98.0,102.0
2026-07-10 14:01:00,LOT120,W01,P300,ETCH,ETCH03,A,RCP_C,Thickness,99.762,100.0,98.0,102.0
2026-07-10 14:02:00,LOT120,W02,P300,ETCH,ETCH03,A,RCP_C,Thickness,99.733,100.0,98.0,102.0
2026-07-10 14:03:00,LOT120,W03,P300,ETCH,ETCH03,B,RCP_C,Thickness,99.488,100.0,98.0,102.0
2026-07-10 14:04:00,LOT120,W04,P300,ETCH,ETCH03,A,RCP_C,Thickness,99.242,100.0,98.0,102.0
2026-07-10 14:05:00,LOT120,W05,P300,ETCH,ETCH03,A,RCP_C,Thickness,99.231,100.0,98.0,102.0
2026-07-10 14:06:00,LOT120,W06,P300,ETCH,ETCH03,B,RCP_C,Thickness,99.592,100.0,98.0,102.0
2026-07-10 14:07:00,LOT120,W07,P300,ETCH,ETCH03,A,RCP_C,Thickness,99.386,100.0,98.0,102.0
2026-07-10 14:08:00,LOT120,W08,P300,ETCH,ETCH03,B,RCP_C,Thickness,99.698,100.0,98.0,102.0
2026-07-10 14:09:00,LOT120,W09,P300,ETCH,ETCH03,B,RCP_C,Thickness,99.194,100.0,98.0,102.0
2026-07-10 14:10:00,LOT120,W10,P300,ETCH,ETCH03,A,RCP_C,Thickness,99.254,100.0,98.0,102.0
2026-07-10 14:11:00,LOT120,W11,P300,ETCH,ETCH03,A,RCP_C,Thickness,99.149,100.0,98.0,102.0
2026-07-10 14:12:00,LOT120,W12,P300,ETCH,ETCH03,A,RCP_C,Thickness,99.917,100.0,98.0,102.0
2026-07-10 14:13:00,LOT120,W13,P300,ETCH,ETCH03,A,RCP_C,Thickness,99.393,100.0,98.0,102.0
2026-07-10 14:14:00,LOT120,W14,P300,ETCH,ETCH03,A,RCP_C,Thickness,99.242,100.0,98.0,102.0
2026-07-10 14:15:00,LOT120,W15,P300,ETCH,ETCH03,A,RCP_C,Thickness,99.171,100.0,98.0,102.0
2026-07-10 14:16:00,LOT120,W16,P300,ETCH,ETCH03,A,RCP_C,Thickness,99.324,100.0,98.0,102.0
2026-07-10 14:17:00,LOT120,W17,P300,ETCH,ETCH03,B,RCP_C,Thickness,99.094,100.0,98.0,102.0
2026-07-10 14:18:00,LOT120,W18,P300,ETCH,ETCH03,A,RCP_C,Thickness,99.124,100.0,98.0,102.0
2026-07-10 14:19:00,LOT120,W19,P300,ETCH,ETCH03,B,RCP_C,Thickness,99.58,100.0,98.0,102.0
2026-07-10 14:20:00,LOT120,W20,P300,ETCH,ETCH03,B,RCP_C,Thickness,99.382,100.0,98.0,102.0
2026-07-10 14:21:00,LOT120,W21,P300,ETCH,ETCH03,A,RCP_C,Thickness,100.491,100.0,98.0,102.0
2026-07-10 14:22:00,LOT120,W22,P300,ETCH,ETCH03,B,RCP_C,Thickness,99.35,100.0,98.0,102.0
2026-07-10 14:23:00,LOT120,W23,P300,ETCH,ETCH03,B,RCP_C,Thickness,99.335,100.0,98.0,102.0
2026-07-10 14:24:00,LOT120,W24,P300,ETCH,ETCH03,A,RCP_C,Thickness,98.914,100.0,98.0,102.0
2026-07-10 14:25:00,LOT120,W25,P300,ETCH,ETCH03,B,RCP_C,Thickness,99.303,100.0,98.0,102.0
